0,-0.6981,0,1.5708,0,1.5708,0
0,-0.6981,0,1.5708,0,1.5708,0
0,-0.6981,0,1.5708,0,1.5708,0
0,-0.6981,0,1.5708,0,1.5708,0
0,-0.6981,0,1.5708,0,1.5708,0
0,-0.6981,0,1.5708,0,1.570799999,0
0,-0.6981,0,1.5708,0,1.570799998,0
0,-0.6981,0,1.5708,0,1.570799997,0
0,-0.6981,0,1.5708,0,1.570799994,0
0,-0.6981,0,1.5708,0,1.570799991,0
0,-0.6981,0,1.5708,0,1.570799986,0
0,-0.6981,0,1.5708,0,1.57079998,0
0,-0.6981,0,1.5708,0,1.570799971,0
0,-0.6981,0,1.5708,0,1.57079996,0
0,-0.6981,0,1.5708,0,1.570799947,0
0,-0.6981,0,1.5708,0,1.57079993,0
0,-0.6981,0,1.5708,0,1.570799909,0
0,-0.6981,0,1.5708,0,1.570799884,0
0,-0.6981,0,1.5708,0,1.570799855,0
0,-0.6981,0,1.5708,0,1.57079982,0
0,-0.6981,0,1.5708,0,1.570799779,0
0,-0.6981,0,1.5708,0,1.570799731,0
0,-0.6981,0,1.5708,0,1.570799676,0
0,-0.6981,0,1.5708,0,1.570799613,0
0,-0.6981,0,1.5708,0,1.570799541,0
0,-0.6981,0,1.5708,0,1.57079946,0
0,-0.6981,0,1.5708,0,1.570799368,0
0,-0.6981,0,1.5708,0,1.570799265,0
0,-0.6981,0,1.5708,0,1.57079915,0
0,-0.6981,0,1.5708,0,1.570799022,0
0,-0.6981,0,1.5708,0,1.57079888,0
0,-0.6981,0,1.5708,0,1.570798723,0
0,-0.6981,0,1.5708,0,1.57079855,0
0,-0.6981,0,1.5708,0,1.57079836,0
0,-0.6981,0,1.5708,0,1.570798152,0
0,-0.6981,0,1.5708,0,1.570797925,0
0,-0.6981,0,1.5708,0,1.570797678,0
0,-0.6981,0,1.5708,0,1.570797409,0
0,-0.6981,0,1.5708,0,1.570797118,0
0,-0.6981,0,1.5708,0,1.570796802,0
0,-0.6981,0,1.5708,0,1.570796461,0
0,-0.6981,0,1.5708,0,1.570796094,0
0,-0.6981,0,1.5708,0,1.570795699,0
0,-0.6981,0,1.5708,0,1.570795275,0
0,-0.6981,0,1.5708,0,1.57079482,0
0,-0.6981,0,1.5708,0,1.570794333,0
0,-0.6981,0,1.5708,0,1.570793813,0
0,-0.6981,0,1.5708,0,1.570793257,0
0,-0.6981,0,1.5708,0,1.570792665,0
0,-0.6981,0,1.5708,0,1.570792035,0
0,-0.6981,0,1.5708,0,1.570791365,0
0,-0.6981,0,1.5708,0,1.570790654,0
0,-0.6981,0,1.5708,0,1.570789899,0
0,-0.6981,0,1.5708,0,1.5707891,0
0,-0.6981,0,1.5708,0,1.570788255,0
0,-0.6981,0,1.5708,0,1.570787361,0
0,-0.6981,0,1.5708,0,1.570786417,0
0,-0.6981,0,1.5708,0,1.570785422,0
0,-0.6981,0,1.5708,0,1.570784372,0
0,-0.6981,0,1.5708,0,1.570783267,0
0,-0.6981,0,1.5708,0,1.570782105,0
0,-0.6981,0,1.5708,0,1.570780883,0
0,-0.6981,0,1.5708,0,1.5707796,0
0,-0.6981,0,1.5708,0,1.570778253,0
0,-0.6981,0,1.5708,0,1.57077684,0
0,-0.6981,0,1.5708,0,1.57077536,0
0,-0.6981,0,1.5708,0,1.570773811,0
0,-0.6981,0,1.5708,0,1.570772189,0
0,-0.6981,0,1.5708,0,1.570770493,0
0,-0.6981,0,1.5708,0,1.570768721,0
0,-0.6981,0,1.5708,0,1.57076687,0
0,-0.6981,0,1.5708,0,1.570764939,0
0,-0.6981,0,1.5708,0,1.570762924,0
0,-0.6981,0,1.5708,0,1.570760824,0
0,-0.6981,0,1.5708,0,1.570758636,0
0,-0.6981,0,1.5708,0,1.570756358,0
0,-0.6981,0,1.5708,0,1.570753988,0
0,-0.6981,0,1.5708,0,1.570751522,0
0,-0.6981,0,1.5708,0,1.570748958,0
0,-0.6981,0,1.5708,0,1.570746294,0
0,-0.6981,0,1.5708,0,1.570743528,0
0,-0.6981,0,1.5708,0,1.570740656,0
0,-0.6981,0,1.5708,0,1.570737676,0
0,-0.6981,0,1.5708,0,1.570734585,0
0,-0.6981,0,1.5708,0,1.570731381,0
0,-0.6981,0,1.5708,0,1.570728062,0
0,-0.6981,0,1.5708,0,1.570724623,0
0,-0.6981,0,1.5708,0,1.570721063,0
0,-0.6981,0,1.5708,0,1.570717378,0
0,-0.6981,0,1.5708,0,1.570713566,0
0,-0.6981,0,1.5708,0,1.570709624,0
0,-0.6981,0,1.5708,0,1.570705549,0
0,-0.6981,0,1.5708,0,1.570701338,0
0,-0.6981,0,1.5708,0,1.570696988,0
0,-0.6981,0,1.5708,0,1.570692496,0
0,-0.6981,0,1.5708,0,1.570687859,0
0,-0.6981,0,1.5708,0,1.570683075,0
0,-0.6981,0,1.5708,0,1.570678139,0
0,-0.6981,0,1.5708,0,1.570673048,0
0,-0.6981,0,1.5708,0,1.570667801,0
0,-0.6981,0,1.5708,0,1.570662392,0
0,-0.6981,0,1.5708,0,1.57065682,0
0,-0.6981,0,1.5708,0,1.570651081,0
0,-0.6981,0,1.5708,0,1.570645172,0
0,-0.6981,0,1.5708,0,1.570639089,0
0,-0.6981,0,1.5708,0,1.570632829,0
0,-0.6981,0,1.5708,0,1.570626388,0
0,-0.6981,0,1.5708,0,1.570619764,0
0,-0.6981,0,1.5708,0,1.570612953,0
0,-0.6981,0,1.5708,0,1.570605951,0
0,-0.6981,0,1.5708,0,1.570598754,0
0,-0.6981,0,1.5708,0,1.570591361,0
0,-0.6981,0,1.5708,0,1.570583766,0
0,-0.6981,0,1.5708,0,1.570575966,0
0,-0.6981,0,1.5708,0,1.570567958,0
0,-0.6981,0,1.5708,0,1.570559737,0
0,-0.6981,0,1.5708,0,1.570551301,0
0,-0.6981,0,1.5708,0,1.570542646,0
0,-0.6981,0,1.5708,0,1.570533768,0
0,-0.6981,0,1.5708,0,1.570524662,0
0,-0.6981,0,1.5708,0,1.570515326,0
0,-0.6981,0,1.5708,0,1.570505756,0
0,-0.6981,0,1.5708,0,1.570495947,0
0,-0.6981,0,1.5708,0,1.570485896,0
0,-0.6981,0,1.5708,0,1.570475598,0
0,-0.6981,0,1.5708,0,1.570465051,0
0,-0.6981,0,1.5708,0,1.57045425,0
0,-0.6981,0,1.5708,0,1.57044319,0
0,-0.6981,0,1.5708,0,1.570431869,0
0,-0.6981,0,1.5708,0,1.570420281,0
0,-0.6981,0,1.5708,0,1.570408424,0
0,-0.6981,0,1.5708,0,1.570396292,0
0,-0.6981,0,1.5708,0,1.570383881,0
0,-0.6981,0,1.5708,0,1.570371188,0
0,-0.6981,0,1.5708,0,1.570358208,0
0,-0.6981,0,1.5708,0,1.570344937,0
0,-0.6981,0,1.5708,0,1.570331371,0
0,-0.6981,0,1.5708,0,1.570317506,0
0,-0.6981,0,1.5708,0,1.570303336,0
0,-0.6981,0,1.5708,0,1.570288858,0
0,-0.6981,0,1.5708,0,1.570274068,0
0,-0.6981,0,1.5708,0,1.570258961,0
0,-0.6981,0,1.5708,0,1.570243532,0
0,-0.6981,0,1.5708,0,1.570227778,0
0,-0.6981,0,1.5708,0,1.570211693,0
0,-0.6981,0,1.5708,0,1.570195273,0
0,-0.6981,0,1.5708,0,1.570178514,0
0,-0.6981,0,1.5708,0,1.570161412,0
0,-0.6981,0,1.5708,0,1.57014396,0
0,-0.6981,0,1.5708,0,1.570126156,0
0,-0.6981,0,1.5708,0,1.570107993,0
0,-0.6981,0,1.5708,0,1.570089469,0
0,-0.6981,0,1.5708,0,1.570070577,0
0,-0.6981,0,1.5708,0,1.570051313,0
0,-0.6981,0,1.5708,0,1.570031673,0
0,-0.6981,0,1.5708,0,1.570011651,0
0,-0.6981,0,1.5708,0,1.569991243,0
0,-0.6981,0,1.5708,0,1.569970444,0
0,-0.6981,0,1.5708,0,1.569949249,0
0,-0.6981,0,1.5708,0,1.569927653,0
0,-0.6981,0,1.5708,0,1.569905652,0
0,-0.6981,0,1.5708,0,1.56988324,0
0,-0.6981,0,1.5708,0,1.569860412,0
0,-0.6981,0,1.5708,0,1.569837164,0
0,-0.6981,0,1.5708,0,1.56981349,0
0,-0.6981,0,1.5708,0,1.569789385,0
0,-0.6981,0,1.5708,0,1.569764845,0
0,-0.6981,0,1.5708,0,1.569739863,0
0,-0.6981,0,1.5708,0,1.569714436,0
0,-0.6981,0,1.5708,0,1.569688557,0
0,-0.6981,0,1.5708,0,1.569662222,0
0,-0.6981,0,1.5708,0,1.569635426,0
0,-0.6981,0,1.5708,0,1.569608163,0
0,-0.6981,0,1.5708,0,1.569580428,0
0,-0.6981,0,1.5708,0,1.569552215,0
0,-0.6981,0,1.5708,0,1.56952352,0
0,-0.6981,0,1.5708,0,1.569494337,0
0,-0.6981,0,1.5708,0,1.569464661,0
0,-0.6981,0,1.5708,0,1.569434486,0
0,-0.6981,0,1.5708,0,1.569403806,0
0,-0.6981,0,1.5708,0,1.569372618,0
0,-0.6981,0,1.5708,0,1.569340914,0
0,-0.6981,0,1.5708,0,1.56930869,0
0,-0.6981,0,1.5708,0,1.569275939,0
0,-0.6981,0,1.5708,0,1.569242658,0
0,-0.6981,0,1.5708,0,1.569208839,0
0,-0.6981,0,1.5708,0,1.569174477,0
0,-0.6981,0,1.5708,0,1.569139568,0
0,-0.6981,0,1.5708,0,1.569104104,0
0,-0.6981,0,1.5708,0,1.569068081,0
0,-0.6981,0,1.5708,0,1.569031492,0
0,-0.6981,0,1.5708,0,1.568994333,0
0,-0.6981,0,1.5708,0,1.568956597,0
0,-0.6981,0,1.5708,0,1.568918278,0
0,-0.6981,0,1.5708,0,1.568879371,0
0,-0.6981,0,1.5708,0,1.568839871,0
0,-0.6981,0,1.5708,0,1.56879977,0
0,-0.6981,0,1.5708,0,1.568759064,0
0,-0.6981,0,1.5708,0,1.568717746,0
0,-0.6981,0,1.5708,0,1.568675811,0
0,-0.6981,0,1.5708,0,1.568633252,0
0,-0.6981,0,1.5708,0,1.568590064,0
0,-0.6981,0,1.5708,0,1.568546241,0
0,-0.6981,0,1.5708,0,1.568501776,0
0,-0.6981,0,1.5708,0,1.568456665,0
0,-0.6981,0,1.5708,0,1.5684109,0
0,-0.6981,0,1.5708,0,1.568364475,0
0,-0.6981,0,1.5708,0,1.568317386,0
0,-0.6981,0,1.5708,0,1.568269624,0
0,-0.6981,0,1.5708,0,1.568221185,0
0,-0.6981,0,1.5708,0,1.568172062,0
0,-0.6981,0,1.5708,0,1.56812225,0
0,-0.6981,0,1.5708,0,1.568071741,0
0,-0.6981,0,1.5708,0,1.56802053,0
0,-0.6981,0,1.5708,0,1.56796861,0
0,-0.6981,0,1.5708,0,1.567915975,0
0,-0.6981,0,1.5708,0,1.567862619,0
0,-0.6981,0,1.5708,0,1.567808536,0
0,-0.6981,0,1.5708,0,1.567753719,0
0,-0.6981,0,1.5708,0,1.567698162,0
0,-0.6981,0,1.5708,0,1.567641858,0
0,-0.6981,0,1.5708,0,1.567584802,0
0,-0.6981,0,1.5708,0,1.567526986,0
0,-0.6981,0,1.5708,0,1.567468405,0
0,-0.6981,0,1.5708,0,1.567409052,0
0,-0.6981,0,1.5708,0,1.56734892,0
0,-0.6981,0,1.5708,0,1.567288003,0
0,-0.6981,0,1.5708,0,1.567226294,0
0,-0.6981,0,1.5708,0,1.567163788,0
0,-0.6981,0,1.5708,0,1.567100476,0
0,-0.6981,0,1.5708,0,1.567036354,0
0,-0.6981,0,1.5708,0,1.566971413,0
0,-0.6981,0,1.5708,0,1.566905649,0
0,-0.6981,0,1.5708,0,1.566839053,0
0,-0.6981,0,1.5708,0,1.566771619,0
0,-0.6981,0,1.5708,0,1.566703341,0
0,-0.6981,0,1.5708,0,1.566634212,0
0,-0.6981,0,1.5708,0,1.566564226,0
0,-0.6981,0,1.5708,0,1.566493375,0
0,-0.6981,0,1.5708,0,1.566421652,0
0,-0.6981,0,1.5708,0,1.566349052,0
0,-0.6981,0,1.5708,0,1.566275566,0
0,-0.6981,0,1.5708,0,1.56620119,0
0,-0.6981,0,1.5708,0,1.566125914,0
0,-0.6981,0,1.5708,0,1.566049734,0
0,-0.6981,0,1.5708,0,1.565972641,0
0,-0.6981,0,1.5708,0,1.56589463,0
0,-0.6981,0,1.5708,0,1.565815692,0
0,-0.6981,0,1.5708,0,1.565735822,0
0,-0.6981,0,1.5708,0,1.565655012,0
0,-0.6981,0,1.5708,0,1.565573255,0
0,-0.6981,0,1.5708,0,1.565490544,0
0,-0.6981,0,1.5708,0,1.565406873,0
0,-0.6981,0,1.5708,0,1.565322235,0
0,-0.6981,0,1.5708,0,1.565236621,0
0,-0.6981,0,1.5708,0,1.565150026,0
0,-0.6981,0,1.5708,0,1.565062442,0
0,-0.6981,0,1.5708,0,1.564973863,0
0,-0.6981,0,1.5708,0,1.56488428,0
0,-0.6981,0,1.5708,0,1.564793687,0
0,-0.6981,0,1.5708,0,1.564702077,0
0,-0.6981,0,1.5708,0,1.564609443,0
0,-0.6981,0,1.5708,0,1.564515777,0
0,-0.6981,0,1.5708,0,1.564421073,0
0,-0.6981,0,1.5708,0,1.564325323,0
0,-0.6981,0,1.5708,0,1.564228519,0
0,-0.6981,0,1.5708,0,1.564130656,0
0,-0.6981,0,1.5708,0,1.564031725,0
0,-0.6981,0,1.5708,0,1.563931719,0
0,-0.6981,0,1.5708,0,1.563830631,0
0,-0.6981,0,1.5708,0,1.563728454,0
0,-0.6981,0,1.5708,0,1.56362518,0
0,-0.6981,0,1.5708,0,1.563520802,0
0,-0.6981,0,1.5708,0,1.563415313,0
0,-0.6981,0,1.5708,0,1.563308706,0
0,-0.6981,0,1.5708,0,1.563200972,0
0,-0.6981,0,1.5708,0,1.563092105,0
0,-0.6981,0,1.5708,0,1.562982097,0
0,-0.6981,0,1.5708,0,1.562870941,0
0,-0.6981,0,1.5708,0,1.562758629,0
0,-0.6981,0,1.5708,0,1.562645154,0
0,-0.6981,0,1.5708,0,1.562530509,0
0,-0.6981,0,1.5708,0,1.562414686,0
0,-0.6981,0,1.5708,0,1.562297677,0
0,-0.6981,0,1.5708,0,1.562179475,0
0,-0.6981,0,1.5708,0,1.562060073,0
0,-0.6981,0,1.5708,0,1.561939463,0
0,-0.6981,0,1.5708,0,1.561817638,0
0,-0.6981,0,1.5708,0,1.561694589,0
0,-0.6981,0,1.5708,0,1.56157031,0
0,-0.6981,0,1.5708,0,1.561444792,0
0,-0.6981,0,1.5708,0,1.561318029,0
0,-0.6981,0,1.5708,0,1.561190012,0
0,-0.6981,0,1.5708,0,1.561060734,0
0,-0.6981,0,1.5708,0,1.560930188,0
0,-0.6981,0,1.5708,0,1.560798365,0
0,-0.6981,0,1.5708,0,1.560665258,0
0,-0.6981,0,1.5708,0,1.56053086,0
0,-0.6981,0,1.5708,0,1.560395163,0
0,-0.6981,0,1.5708,0,1.560258158,0
0,-0.6981,0,1.5708,0,1.560119839,0
0,-0.6981,0,1.5708,0,1.559980197,0
0,-0.6981,0,1.5708,0,1.559839225,0
0,-0.6981,0,1.5708,0,1.559696916,0
0,-0.6981,0,1.5708,0,1.55955326,0
0,-0.6981,0,1.5708,0,1.559408252,0
0,-0.6981,0,1.5708,0,1.559261882,0
0,-0.6981,0,1.5708,0,1.559114143,0
0,-0.6981,0,1.5708,0,1.558965027,0
0,-0.6981,0,1.5708,0,1.558814527,0
0,-0.6981,0,1.5708,0,1.558662635,0
0,-0.6981,0,1.5708,0,1.558509342,0
0,-0.6981,0,1.5708,0,1.558354642,0
0,-0.6981,0,1.5708,0,1.558198525,0
0,-0.6981,0,1.5708,0,1.558040985,0
0,-0.6981,0,1.5708,0,1.557882013,0
0,-0.6981,0,1.5708,0,1.557721602,0
0,-0.6981,0,1.5708,0,1.557559743,0
0,-0.6981,0,1.5708,0,1.557396429,0
0,-0.6981,0,1.5708,0,1.557231652,0
0,-0.6981,0,1.5708,0,1.557065404,0
0,-0.6981,0,1.5708,0,1.556897677,0
0,-0.6981,0,1.5708,0,1.556728463,0
0,-0.6981,0,1.5708,0,1.556557754,0
0,-0.6981,0,1.5708,0,1.556385542,0
0,-0.6981,0,1.5708,0,1.556211819,0
0,-0.6981,0,1.5708,0,1.556036577,0
0,-0.6981,0,1.5708,0,1.555859809,0
0,-0.6981,0,1.5708,0,1.555681506,0
0,-0.6981,0,1.5708,0,1.55550166,0
0,-0.6981,0,1.5708,0,1.555320264,0
0,-0.6981,0,1.5708,0,1.555137309,0
0,-0.6981,0,1.5708,0,1.554952786,0
0,-0.6981,0,1.5708,0,1.55476669,0
0,-0.6981,0,1.5708,0,1.55457901,0
0,-0.6981,0,1.5708,0,1.554389739,0
0,-0.6981,0,1.5708,0,1.55419887,0
0,-0.6981,0,1.5708,0,1.554006393,0
0,-0.6981,0,1.5708,0,1.553812301,0
0,-0.6981,0,1.5708,0,1.553616586,0
0,-0.6981,0,1.5708,0,1.55341924,0
0,-0.6981,0,1.5708,0,1.553220255,0
0,-0.6981,0,1.5708,0,1.553019622,0
0,-0.6981,0,1.5708,0,1.552817334,0
0,-0.6981,0,1.5708,0,1.552613382,0
0,-0.6981,0,1.5708,0,1.552407758,0
0,-0.6981,0,1.5708,0,1.552200455,0
0,-0.6981,0,1.5708,0,1.551991464,0
0,-0.6981,0,1.5708,0,1.551780776,0
0,-0.6981,0,1.5708,0,1.551568384,0
0,-0.6981,0,1.5708,0,1.55135428,0
0,-0.6981,0,1.5708,0,1.551138456,0
0,-0.6981,0,1.5708,0,1.550920903,0
0,-0.6981,0,1.5708,0,1.550701613,0
0,-0.6981,0,1.5708,0,1.550480578,0
0,-0.6981,0,1.5708,0,1.550257789,0
0,-0.6981,0,1.5708,0,1.55003324,0
0,-0.6981,0,1.5708,0,1.549806921,0
0,-0.6981,0,1.5708,0,1.549578824,0
0,-0.6981,0,1.5708,0,1.549348942,0
0,-0.6981,0,1.5708,0,1.549117265,0
0,-0.6981,0,1.5708,0,1.548883787,0
0,-0.6981,0,1.5708,0,1.548648498,0
0,-0.6981,0,1.5708,0,1.54841139,0
0,-0.6981,0,1.5708,0,1.548172455,0
0,-0.6981,0,1.5708,0,1.547931686,0
0,-0.6981,0,1.5708,0,1.547689073,0
0,-0.6981,0,1.5708,0,1.547444608,0
0,-0.6981,0,1.5708,0,1.547198284,0
0,-0.6981,0,1.5708,0,1.546950093,0
0,-0.6981,0,1.5708,0,1.546700025,0
0,-0.6981,0,1.5708,0,1.546448072,0
0,-0.6981,0,1.5708,0,1.546194228,0
0,-0.6981,0,1.5708,0,1.545938482,0
0,-0.6981,0,1.5708,0,1.545680827,0
0,-0.6981,0,1.5708,0,1.545421255,0
0,-0.6981,0,1.5708,0,1.545159758,0
0,-0.6981,0,1.5708,0,1.544896327,0
0,-0.6981,0,1.5708,0,1.544630954,0
0,-0.6981,0,1.5708,0,1.544363631,0
0,-0.6981,0,1.5708,0,1.544094349,0
0,-0.6981,0,1.5708,0,1.5438231,0
0,-0.6981,0,1.5708,0,1.543549877,0
0,-0.6981,0,1.5708,0,1.543274671,0
0,-0.6981,0,1.5708,0,1.542997473,0
0,-0.6981,0,1.5708,0,1.542718275,0
0,-0.6981,0,1.5708,0,1.54243707,0
0,-0.6981,0,1.5708,0,1.542153848,0
0,-0.6981,0,1.5708,0,1.541868602,0
0,-0.6981,0,1.5708,0,1.541581323,0
0,-0.6981,0,1.5708,0,1.541292004,0
0,-0.6981,0,1.5708,0,1.541000635,0
0,-0.6981,0,1.5708,0,1.540707209,0
0,-0.6981,0,1.5708,0,1.540411717,0
0,-0.6981,0,1.5708,0,1.540114152,0
0,-0.6981,0,1.5708,0,1.539814504,0
0,-0.6981,0,1.5708,0,1.539512766,0
0,-0.6981,0,1.5708,0,1.539208929,0
0,-0.6981,0,1.5708,0,1.538902985,0
0,-0.6981,0,1.5708,0,1.538594927,0
0,-0.6981,0,1.5708,0,1.538284745,0
0,-0.6981,0,1.5708,0,1.537972431,0
0,-0.6981,0,1.5708,0,1.537657977,0
0,-0.6981,0,1.5708,0,1.537341376,0
0,-0.6981,0,1.5708,0,1.537022618,0
0,-0.6981,0,1.5708,0,1.536701696,0
0,-0.6981,0,1.5708,0,1.536378601,0
0,-0.6981,0,1.5708,0,1.536053325,0
0,-0.6981,0,1.5708,0,1.535725859,0
0,-0.6981,0,1.5708,0,1.535396197,0
0,-0.6981,0,1.5708,0,1.535064328,0
0,-0.6981,0,1.5708,0,1.534730246,0
0,-0.6981,0,1.5708,0,1.534393942,0
0,-0.6981,0,1.5708,0,1.534055408,0
0,-0.6981,0,1.5708,0,1.533714635,0
0,-0.6981,0,1.5708,0,1.533371615,0
0,-0.6981,0,1.5708,0,1.53302634,0
0,-0.6981,0,1.5708,0,1.532678803,0
0,-0.6981,0,1.5708,0,1.532328994,0
0,-0.6981,0,1.5708,0,1.531976906,0
0,-0.6981,0,1.5708,0,1.53162253,0
0,-0.6981,0,1.5708,0,1.531265858,0
0,-0.6981,0,1.5708,0,1.530906882,0
0,-0.6981,0,1.5708,0,1.530545594,0
0,-0.6981,0,1.5708,0,1.530181986,0
0,-0.6981,0,1.5708,0,1.529816049,0
0,-0.6981,0,1.5708,0,1.529447776,0
0,-0.6981,0,1.5708,0,1.529077158,0
0,-0.6981,0,1.5708,0,1.528704187,0
0,-0.6981,0,1.5708,0,1.528328855,0
0,-0.6981,0,1.5708,0,1.527951153,0
0,-0.6981,0,1.5708,0,1.527571075,0
0,-0.6981,0,1.5708,0,1.527188611,0
0,-0.6981,0,1.5708,0,1.526803753,0
0,-0.6981,0,1.5708,0,1.526416493,0
0,-0.6981,0,1.5708,0,1.526026824,0
0,-0.6981,0,1.5708,0,1.525634737,0
0,-0.6981,0,1.5708,0,1.525240224,0
0,-0.6981,0,1.5708,0,1.524843277,0
0,-0.6981,0,1.5708,0,1.524443888,0
0,-0.6981,0,1.5708,0,1.524042049,0
0,-0.6981,0,1.5708,0,1.523637751,0
0,-0.6981,0,1.5708,0,1.523230987,0
0,-0.6981,0,1.5708,0,1.522821749,0
0,-0.6981,0,1.5708,0,1.522410028,0
0,-0.6981,0,1.5708,0,1.521995817,0
0,-0.6981,0,1.5708,0,1.521579107,0
0,-0.6981,0,1.5708,0,1.521159891,0
0,-0.6981,0,1.5708,0,1.52073816,0
0,-0.6981,0,1.5708,0,1.520313907,0
0,-0.6981,0,1.5708,0,1.519887123,0
0,-0.6981,0,1.5708,0,1.519457801,0
0,-0.6981,0,1.5708,0,1.519025933,0
0,-0.6981,0,1.5708,0,1.51859151,0
0,-0.6981,0,1.5708,0,1.518154524,0
0,-0.6981,0,1.5708,0,1.517714969,0
0,-0.6981,0,1.5708,0,1.517272835,0
0,-0.6981,0,1.5708,0,1.516828114,0
0,-0.6981,0,1.5708,0,1.5163808,0
0,-0.6981,0,1.5708,0,1.515930884,0
0,-0.6981,0,1.5708,0,1.515478357,0
0,-0.6981,0,1.5708,0,1.515023213,0
0,-0.6981,0,1.5708,0,1.514565443,0
0,-0.6981,0,1.5708,0,1.51410504,0
0,-0.6981,0,1.5708,0,1.513641995,0
0,-0.6981,0,1.5708,0,1.513176301,0
0,-0.6981,0,1.5708,0,1.51270795,0
0,-0.6981,0,1.5708,0,1.512236933,0
0,-0.6981,0,1.5708,0,1.511763244,0
0,-0.6981,0,1.5708,0,1.511286875,0
0,-0.6981,0,1.5708,0,1.510807817,0
0,-0.6981,0,1.5708,0,1.510326062,0
0,-0.6981,0,1.5708,0,1.509841604,0
0,-0.6981,0,1.5708,0,1.509354434,0
0,-0.6981,0,1.5708,0,1.508864545,0
0,-0.6981,0,1.5708,0,1.508371928,0
0,-0.6981,0,1.5708,0,1.507876577,0
0,-0.6981,0,1.5708,0,1.507378483,0
0,-0.6981,0,1.5708,0,1.506877638,0
0,-0.6981,0,1.5708,0,1.506374035,0
0,-0.6981,0,1.5708,0,1.505867667,0
0,-0.6981,0,1.5708,0,1.505358525,0
0,-0.6981,0,1.5708,0,1.504846602,0
0,-0.6981,0,1.5708,0,1.504331891,0
0,-0.6981,0,1.5708,0,1.503814383,0
0,-0.6981,0,1.5708,0,1.503294071,0
0,-0.6981,0,1.5708,0,1.502770948,0
0,-0.6981,0,1.5708,0,1.502245005,0
0,-0.6981,0,1.5708,0,1.501716236,0
0,-0.6981,0,1.5708,0,1.501184633,0
0,-0.6981,0,1.5708,0,1.500650187,0
0,-0.6981,0,1.5708,0,1.500112893,0
0,-0.6981,0,1.5708,0,1.499572741,0
0,-0.6981,0,1.5708,0,1.499029725,0
0,-0.6981,0,1.5708,0,1.498483837,0
0,-0.6981,0,1.5708,0,1.49793507,0
0,-0.6981,0,1.5708,0,1.497383416,0
0,-0.6981,0,1.5708,0,1.496828868,0
0,-0.6981,0,1.5708,0,1.496271418,0
0,-0.6981,0,1.5708,0,1.495711059,0
0,-0.6981,0,1.5708,0,1.495147784,0
0,-0.6981,0,1.5708,0,1.494581584,0
0,-0.6981,0,1.5708,0,1.494012453,0
0,-0.6981,0,1.5708,0,1.493440384,0
0,-0.6981,0,1.5708,0,1.492865369,0
0,-0.6981,0,1.5708,0,1.4922874,0
0,-0.6981,0,1.5708,0,1.491706471,0
0,-0.6981,0,1.5708,0,1.491122574,0
0,-0.6981,0,1.5708,0,1.490535701,0
0,-0.6981,0,1.5708,0,1.489945846,0
0,-0.6981,0,1.5708,0,1.489353002,0
0,-0.6981,0,1.5708,0,1.488757161,0
0,-0.6981,0,1.5708,0,1.488158315,0
0,-0.6981,0,1.5708,0,1.487556458,0
0,-0.6981,0,1.5708,0,1.486951583,0
0,-0.6981,0,1.5708,0,1.486343682,0
0,-0.6981,0,1.5708,0,1.485732748,0
0,-0.6981,0,1.5708,0,1.485118774,0
0,-0.6981,0,1.5708,0,1.484501753,0
0,-0.6981,0,1.5708,0,1.483881678,0
0,-0.6981,0,1.5708,0,1.483258542,0
0,-0.6981,0,1.5708,0,1.482632337,0
0,-0.6981,0,1.5708,0,1.482003058,0
0,-0.6981,0,1.5708,0,1.481370696,0
0,-0.6981,0,1.5708,0,1.480735244,0
0,-0.6981,0,1.5708,0,1.480096696,0
0,-0.6981,0,1.5708,0,1.479455045,0
0,-0.6981,0,1.5708,0,1.478810284,0
0,-0.6981,0,1.5708,0,1.478162405,0
0,-0.6981,0,1.5708,0,1.477511403,0
0,-0.6981,0,1.5708,0,1.476857269,0
0,-0.6981,0,1.5708,0,1.476199998,0
0,-0.6981,0,1.5708,0,1.475539582,0
0,-0.6981,0,1.5708,0,1.474876015,0
0,-0.6981,0,1.5708,0,1.474209289,0
0,-0.6981,0,1.5708,0,1.473539398,0
0,-0.6981,0,1.5708,0,1.472866335,0
0,-0.6981,0,1.5708,0,1.472190093,0
0,-0.6981,0,1.5708,0,1.471510667,0
0,-0.6981,0,1.5708,0,1.470828048,0
0,-0.6981,0,1.5708,0,1.47014223,0
0,-0.6981,0,1.5708,0,1.469453206,0
0,-0.6981,0,1.5708,0,1.468760971,0
0,-0.6981,0,1.5708,0,1.468065517,0
0,-0.6981,0,1.5708,0,1.467366837,0
0,-0.6981,0,1.5708,0,1.466664926,0
0,-0.6981,0,1.5708,0,1.465959776,0
0,-0.6981,0,1.5708,0,1.465251381,0
0,-0.6981,0,1.5708,0,1.464539734,0
0,-0.6981,0,1.5708,0,1.463824829,0
0,-0.6981,0,1.5708,0,1.46310666,0
0,-0.6981,0,1.5708,0,1.462385219,0
0,-0.6981,0,1.5708,0,1.461660501,0
0,-0.6981,0,1.5708,0,1.460932499,0
0,-0.6981,0,1.5708,0,1.460201207,0
0,-0.6981,0,1.5708,0,1.459466618,0
0,-0.6981,0,1.5708,0,1.458728726,0
0,-0.6981,0,1.5708,0,1.457987525,0
0,-0.6981,0,1.5708,0,1.457243008,0
0,-0.6981,0,1.5708,0,1.456495168,0
0,-0.6981,0,1.5708,0,1.455744001,0
0,-0.6981,0,1.5708,0,1.454989499,0
0,-0.6981,0,1.5708,0,1.454231657,0
0,-0.6981,0,1.5708,0,1.453470467,0
0,-0.6981,0,1.5708,0,1.452705924,0
0,-0.6981,0,1.5708,0,1.451938023,0
0,-0.6981,0,1.5708,0,1.451166755,0
0,-0.6981,0,1.5708,0,1.450392117,0
0,-0.6981,0,1.5708,0,1.4496141,0
0,-0.6981,0,1.5708,0,1.4488327,0
0,-0.6981,0,1.5708,0,1.448047911,0
0,-0.6981,0,1.5708,0,1.447259726,0
0,-0.6981,0,1.5708,0,1.446468139,0
0,-0.6981,0,1.5708,0,1.445673145,0
0,-0.6981,0,1.5708,0,1.444874737,0
0,-0.6981,0,1.5708,0,1.444072909,0
0,-0.6981,0,1.5708,0,1.443267657,0
0,-0.6981,0,1.5708,0,1.442458973,0
0,-0.6981,0,1.5708,0,1.441646852,0
0,-0.6981,0,1.5708,0,1.440831288,0
0,-0.6981,0,1.5708,0,1.440012276,0
0,-0.6981,0,1.5708,0,1.439189809,0
0,-0.6981,0,1.5708,0,1.438363882,0
0,-0.6981,0,1.5708,0,1.437534489,0
0,-0.6981,0,1.5708,0,1.436701624,0
0,-0.6981,0,1.5708,0,1.435865283,0
0,-0.6981,0,1.5708,0,1.435025458,0
0,-0.6981,0,1.5708,0,1.434182145,0
0,-0.6981,0,1.5708,0,1.433335339,0
0,-0.6981,0,1.5708,0,1.432485032,0
0,-0.6981,0,1.5708,0,1.43163122,0
0,-0.6981,0,1.5708,0,1.430773898,0
0,-0.6981,0,1.5708,0,1.429913059,0
0,-0.6981,0,1.5708,0,1.429048699,0
0,-0.6981,0,1.5708,0,1.428180812,0
0,-0.6981,0,1.5708,0,1.427309393,0
0,-0.6981,0,1.5708,0,1.426434435,0
0,-0.6981,0,1.5708,0,1.425555935,0
0,-0.6981,0,1.5708,0,1.424673886,0
0,-0.6981,0,1.5708,0,1.423788283,0
0,-0.6981,0,1.5708,0,1.422899122,0
0,-0.6981,0,1.5708,0,1.422006396,0
0,-0.6981,0,1.5708,0,1.4211101,0
0,-0.6981,0,1.5708,0,1.42021023,0
0,-0.6981,0,1.5708,0,1.41930678,0
0,-0.6981,0,1.5708,0,1.418399745,0
0,-0.6981,0,1.5708,0,1.41748912,0
0,-0.6981,0,1.5708,0,1.4165749,0
0,-0.6981,0,1.5708,0,1.41565708,0
0,-0.6981,0,1.5708,0,1.414735654,0
0,-0.6981,0,1.5708,0,1.413810619,0
0,-0.6981,0,1.5708,0,1.412881968,0
0,-0.6981,0,1.5708,0,1.411949697,0
0,-0.6981,0,1.5708,0,1.411013801,0
0,-0.6981,0,1.5708,0,1.410074275,0
0,-0.6981,0,1.5708,0,1.409131114,0
0,-0.6981,0,1.5708,0,1.408184314,0
0,-0.6981,0,1.5708,0,1.407233869,0
0,-0.6981,0,1.5708,0,1.406279775,0
0,-0.6981,0,1.5708,0,1.405322028,0
0,-0.6981,0,1.5708,0,1.404360622,0
0,-0.6981,0,1.5708,0,1.403395552,0
0,-0.6981,0,1.5708,0,1.402426815,0
0,-0.6981,0,1.5708,0,1.401454405,0
0,-0.6981,0,1.5708,0,1.400478319,0
0,-0.6981,0,1.5708,0,1.39949855,0
0,-0.6981,0,1.5708,0,1.398515095,0
0,-0.6981,0,1.5708,0,1.39752795,0
0,-0.6981,0,1.5708,0,1.396537109,0
0,-0.6981,0,1.5708,0,1.395542569,0
0,-0.6981,0,1.5708,0,1.394544325,0
0,-0.6981,0,1.5708,0,1.393542373,0
0,-0.6981,0,1.5708,0,1.392536708,0
0,-0.6981,0,1.5708,0,1.391527325,0
0,-0.6981,0,1.5708,0,1.390514222,0
0,-0.6981,0,1.5708,0,1.389497392,0
0,-0.6981,0,1.5708,0,1.388476833,0
0,-0.6981,0,1.5708,0,1.38745254,0
0,-0.6981,0,1.5708,0,1.386424509,0
0,-0.6981,0,1.5708,0,1.385392736,0
0,-0.6981,0,1.5708,0,1.384357216,0
0,-0.6981,0,1.5708,0,1.383317945,0
0,-0.6981,0,1.5708,0,1.38227492,0
0,-0.6981,0,1.5708,0,1.381228136,0
0,-0.6981,0,1.5708,0,1.38017759,0
0,-0.6981,0,1.5708,0,1.379123278,0
0,-0.6981,0,1.5708,0,1.378065195,0
0,-0.6981,0,1.5708,0,1.377003337,0
0,-0.6981,0,1.5708,0,1.375937702,0
0,-0.6981,0,1.5708,0,1.374868284,0
0,-0.6981,0,1.5708,0,1.373795081,0
0,-0.6981,0,1.5708,0,1.372718089,0
0,-0.6981,0,1.5708,0,1.371637303,0
0,-0.6981,0,1.5708,0,1.37055272,0
0,-0.6981,0,1.5708,0,1.369464336,0
0,-0.6981,0,1.5708,0,1.368372149,0
0,-0.6981,0,1.5708,0,1.367276153,0
0,-0.6981,0,1.5708,0,1.366176346,0
0,-0.6981,0,1.5708,0,1.365072724,0
0,-0.6981,0,1.5708,0,1.363965284,0
0,-0.6981,0,1.5708,0,1.362854022,0
0,-0.6981,0,1.5708,0,1.361738935,0
0,-0.6981,0,1.5708,0,1.360620019,0
0,-0.6981,0,1.5708,0,1.35949727,0
0,-0.6981,0,1.5708,0,1.358370687,0
0,-0.6981,0,1.5708,0,1.357240264,0
0,-0.6981,0,1.5708,0,1.356106,0
0,-0.6981,0,1.5708,0,1.35496789,0
0,-0.6981,0,1.5708,0,1.353825932,0
0,-0.6981,0,1.5708,0,1.352680123,0
0,-0.6981,0,1.5708,0,1.351530458,0
0,-0.6981,0,1.5708,0,1.350376936,0
0,-0.6981,0,1.5708,0,1.349219553,0
0,-0.6981,0,1.5708,0,1.348058306,0
0,-0.6981,0,1.5708,0,1.346893192,0
0,-0.6981,0,1.5708,0,1.345724208,0
0,-0.6981,0,1.5708,0,1.344551351,0
0,-0.6981,0,1.5708,0,1.343374618,0
0,-0.6981,0,1.5708,0,1.342194007,0
0,-0.6981,0,1.5708,0,1.341009514,0
0,-0.6981,0,1.5708,0,1.339821137,0
0,-0.6981,0,1.5708,0,1.338628873,0
0,-0.6981,0,1.5708,0,1.33743272,0
0,-0.6981,0,1.5708,0,1.336232674,0
0,-0.6981,0,1.5708,0,1.335028732,0
0,-0.6981,0,1.5708,0,1.333820893,0
0,-0.6981,0,1.5708,0,1.332609154,0
0,-0.6981,0,1.5708,0,1.331393512,0
0,-0.6981,0,1.5708,0,1.330173964,0
0,-0.6981,0,1.5708,0,1.328950509,0
0,-0.6981,0,1.5708,0,1.327723143,0
0,-0.6981,0,1.5708,0,1.326491865,0
0,-0.6981,0,1.5708,0,1.325256671,0
0,-0.6981,0,1.5708,0,1.32401756,0
0,-0.6981,0,1.5708,0,1.322774529,0
0,-0.6981,0,1.5708,0,1.321527576,0
0,-0.6981,0,1.5708,0,1.320276699,0
0,-0.6981,0,1.5708,0,1.319021895,0
0,-0.6981,0,1.5708,0,1.317763163,0
0,-0.6981,0,1.5708,0,1.3165005,0
0,-0.6981,0,1.5708,0,1.315233903,0
0,-0.6981,0,1.5708,0,1.313963372,0
0,-0.6981,0,1.5708,0,1.312688904,0
0,-0.6981,0,1.5708,0,1.311410497,0
0,-0.6981,0,1.5708,0,1.310128149,0
0,-0.6981,0,1.5708,0,1.308841858,0
0,-0.6981,0,1.5708,0,1.307551622,0
0,-0.6981,0,1.5708,0,1.30625744,0
0,-0.6981,0,1.5708,0,1.304959309,0
0,-0.6981,0,1.5708,0,1.303657228,0
0,-0.6981,0,1.5708,0,1.302351195,0
0,-0.6981,0,1.5708,0,1.301041209,0
0,-0.6981,0,1.5708,0,1.299727267,0
0,-0.6981,0,1.5708,0,1.298409368,0
0,-0.6981,0,1.5708,0,1.297087511,0
0,-0.6981,0,1.5708,0,1.295761693,0
0,-0.6981,0,1.5708,0,1.294431914,0
0,-0.6981,0,1.5708,0,1.293098172,0
0,-0.6981,0,1.5708,0,1.291760465,0
0,-0.6981,0,1.5708,0,1.290418793,0
0,-0.6981,0,1.5708,0,1.289073153,0
0,-0.6981,0,1.5708,0,1.287723544,0
0,-0.6981,0,1.5708,0,1.286369965,0
0,-0.6981,0,1.5708,0,1.285012415,0
0,-0.6981,0,1.5708,0,1.283650893,0
0,-0.6981,0,1.5708,0,1.282285397,0
0,-0.6981,0,1.5708,0,1.280915926,0
0,-0.6981,0,1.5708,0,1.279542479,0
0,-0.6981,0,1.5708,0,1.278165055,0
0,-0.6981,0,1.5708,0,1.276783654,0
0,-0.6981,0,1.5708,0,1.275398273,0
0,-0.6981,0,1.5708,0,1.274008912,0
0,-0.6981,0,1.5708,0,1.27261557,0
0,-0.6981,0,1.5708,0,1.271218246,0
0,-0.6981,0,1.5708,0,1.269816939,0
0,-0.6981,0,1.5708,0,1.268411649,0
0,-0.6981,0,1.5708,0,1.267002375,0
0,-0.6981,0,1.5708,0,1.265589116,0
0,-0.6981,0,1.5708,0,1.264171871,0
0,-0.6981,0,1.5708,0,1.262750639,0
0,-0.6981,0,1.5708,0,1.26132542,0
0,-0.6981,0,1.5708,0,1.259896214,0
0,-0.6981,0,1.5708,0,1.258463019,0
0,-0.6981,0,1.5708,0,1.257025836,0
0,-0.6981,0,1.5708,0,1.255584664,0
0,-0.6981,0,1.5708,0,1.254139501,0
0,-0.6981,0,1.5708,0,1.252690349,0
0,-0.6981,0,1.5708,0,1.251237207,0
0,-0.6981,0,1.5708,0,1.249780073,0
0,-0.6981,0,1.5708,0,1.248318949,0
0,-0.6981,0,1.5708,0,1.246853833,0
0,-0.6981,0,1.5708,0,1.245384726,0
0,-0.6981,0,1.5708,0,1.243911627,0
0,-0.6981,0,1.5708,0,1.242434536,0
0,-0.6981,0,1.5708,0,1.240953454,0
0,-0.6981,0,1.5708,0,1.239468379,0
0,-0.6981,0,1.5708,0,1.237979313,0
0,-0.6981,0,1.5708,0,1.236486254,0
0,-0.6981,0,1.5708,0,1.234989204,0
0,-0.6981,0,1.5708,0,1.233488161,0
0,-0.6981,0,1.5708,0,1.231983127,0
0,-0.6981,0,1.5708,0,1.230474102,0
0,-0.6981,0,1.5708,0,1.228961085,0
0,-0.6981,0,1.5708,0,1.227444077,0
0,-0.6981,0,1.5708,0,1.225923078,0
0,-0.6981,0,1.5708,0,1.224398089,0
0,-0.6981,0,1.5708,0,1.222869109,0
0,-0.6981,0,1.5708,0,1.22133614,0
0,-0.6981,0,1.5708,0,1.219799182,0
0,-0.6981,0,1.5708,0,1.218258235,0
0,-0.6981,0,1.5708,0,1.216713299,0
0,-0.6981,0,1.5708,0,1.215164376,0
0,-0.6981,0,1.5708,0,1.213611466,0
0,-0.6981,0,1.5708,0,1.212054569,0
0,-0.6981,0,1.5708,0,1.210493686,0
0,-0.6981,0,1.5708,0,1.208928819,0
0,-0.6981,0,1.5708,0,1.207359967,0
0,-0.6981,0,1.5708,0,1.205787131,0
0,-0.6981,0,1.5708,0,1.204210313,0
0,-0.6981,0,1.5708,0,1.202629512,0
0,-0.6981,0,1.5708,0,1.201044731,0
0,-0.6981,0,1.5708,0,1.19945597,0
0,-0.6981,0,1.5708,0,1.197863229,0
0,-0.6981,0,1.5708,0,1.196266511,0
0,-0.6981,0,1.5708,0,1.194665816,0
0,-0.6981,0,1.5708,0,1.193061145,0
0,-0.6981,0,1.5708,0,1.191452499,0
0,-0.6981,0,1.5708,0,1.18983988,0
0,-0.6981,0,1.5708,0,1.188223288,0
0,-0.6981,0,1.5708,0,1.186602725,0
0,-0.6981,0,1.5708,0,1.184978193,0
0,-0.6981,0,1.5708,0,1.183349692,0
0,-0.6981,0,1.5708,0,1.181717224,0
0,-0.6981,0,1.5708,0,1.18008079,0
0,-0.6981,0,1.5708,0,1.178440392,0
0,-0.6981,0,1.5708,0,1.176796032,0
0,-0.6981,0,1.5708,0,1.17514771,0
0,-0.6981,0,1.5708,0,1.173495429,0
0,-0.6981,0,1.5708,0,1.171839189,0
0,-0.6981,0,1.5708,0,1.170178994,0
0,-0.6981,0,1.5708,0,1.168514844,0
0,-0.6981,0,1.5708,0,1.166846741,0
0,-0.6981,0,1.5708,0,1.165174686,0
0,-0.6981,0,1.5708,0,1.163498683,0
0,-0.6981,0,1.5708,0,1.161818732,0
0,-0.6981,0,1.5708,0,1.160134835,0
0,-0.6981,0,1.5708,0,1.158446995,0
0,-0.6981,0,1.5708,0,1.156755213,0
0,-0.6981,0,1.5708,0,1.155059491,0
0,-0.6981,0,1.5708,0,1.153359832,0
0,-0.6981,0,1.5708,0,1.151656237,0
0,-0.6981,0,1.5708,0,1.149948708,0
0,-0.6981,0,1.5708,0,1.148237248,0
0,-0.6981,0,1.5708,0,1.14652186,0
0,-0.6981,0,1.5708,0,1.144802544,0
0,-0.6981,0,1.5708,0,1.143079304,0
0,-0.6981,0,1.5708,0,1.141352141,0
0,-0.6981,0,1.5708,0,1.139621059,0
0,-0.6981,0,1.5708,0,1.137886059,0
0,-0.6981,0,1.5708,0,1.136147144,0
0,-0.6981,0,1.5708,0,1.134404317,0
0,-0.6981,0,1.5708,0,1.132657579,0
0,-0.6981,0,1.5708,0,1.130906934,0
0,-0.6981,0,1.5708,0,1.129152384,0
0,-0.6981,0,1.5708,0,1.127393932,0
0,-0.6981,0,1.5708,0,1.12563158,0
0,-0.6981,0,1.5708,0,1.123865331,0
0,-0.6981,0,1.5708,0,1.122095188,0
0,-0.6981,0,1.5708,0,1.120321154,0
0,-0.6981,0,1.5708,0,1.118543231,0
0,-0.6981,0,1.5708,0,1.116761423,0
0,-0.6981,0,1.5708,0,1.114975732,0
0,-0.6981,0,1.5708,0,1.113186161,0
0,-0.6981,0,1.5708,0,1.111392714,0
0,-0.6981,0,1.5708,0,1.109595392,0
0,-0.6981,0,1.5708,0,1.1077942,0
0,-0.6981,0,1.5708,0,1.105989141,0
0,-0.6981,0,1.5708,0,1.104180217,0
0,-0.6981,0,1.5708,0,1.102367431,0
0,-0.6981,0,1.5708,0,1.100550788,0
0,-0.6981,0,1.5708,0,1.09873029,0
0,-0.6981,0,1.5708,0,1.096905941,0
0,-0.6981,0,1.5708,0,1.095077743,0
0,-0.6981,0,1.5708,0,1.093245701,0
0,-0.6981,0,1.5708,0,1.091409817,0
0,-0.6981,0,1.5708,0,1.089570096,0
0,-0.6981,0,1.5708,0,1.08772654,0
0,-0.6981,0,1.5708,0,1.085879154,0
0,-0.6981,0,1.5708,0,1.08402794,0
0,-0.6981,0,1.5708,0,1.082172903,0
0,-0.6981,0,1.5708,0,1.080314046,0
0,-0.6981,0,1.5708,0,1.078451373,0
0,-0.6981,0,1.5708,0,1.076584887,0
0,-0.6981,0,1.5708,0,1.074714592,0
0,-0.6981,0,1.5708,0,1.072840493,0
0,-0.6981,0,1.5708,0,1.070962592,0
0,-0.6981,0,1.5708,0,1.069080894,0
0,-0.6981,0,1.5708,0,1.067195403,0
0,-0.6981,0,1.5708,0,1.065306123,0
0,-0.6981,0,1.5708,0,1.063413058,0
0,-0.6981,0,1.5708,0,1.061516211,0
0,-0.6981,0,1.5708,0,1.059615588,0
0,-0.6981,0,1.5708,0,1.057711191,0
0,-0.6981,0,1.5708,0,1.055803026,0
0,-0.6981,0,1.5708,0,1.053891096,0
0,-0.6981,0,1.5708,0,1.051975405,0
0,-0.6981,0,1.5708,0,1.050055959,0
0,-0.6981,0,1.5708,0,1.048132761,0
0,-0.6981,0,1.5708,0,1.046205815,0
0,-0.6981,0,1.5708,0,1.044275127,0
0,-0.6981,0,1.5708,0,1.0423407,0
0,-0.6981,0,1.5708,0,1.040402539,0
0,-0.6981,0,1.5708,0,1.038460648,0
0,-0.6981,0,1.5708,0,1.036515032,0
0,-0.6981,0,1.5708,0,1.034565696,0
0,-0.6981,0,1.5708,0,1.032612645,0
0,-0.6981,0,1.5708,0,1.030655882,0
0,-0.6981,0,1.5708,0,1.028695412,0
0,-0.6981,0,1.5708,0,1.026731242,0
0,-0.6981,0,1.5708,0,1.024763374,0
0,-0.6981,0,1.5708,0,1.022791814,0
0,-0.6981,0,1.5708,0,1.020816567,0
0,-0.6981,0,1.5708,0,1.018837638,0
0,-0.6981,0,1.5708,0,1.016855031,0
0,-0.6981,0,1.5708,0,1.014868753,0
0,-0.6981,0,1.5708,0,1.012878807,0
0,-0.6981,0,1.5708,0,1.010885198,0
0,-0.6981,0,1.5708,0,1.008887933,0
0,-0.6981,0,1.5708,0,1.006887015,0
0,-0.6981,0,1.5708,0,1.004882451,0
0,-0.6981,0,1.5708,0,1.002874244,0
0,-0.6981,0,1.5708,0,1.000862402,0
0,-0.6981,0,1.5708,0,0.9988469283,0
0,-0.6981,0,1.5708,0,0.9968278289,0
0,-0.6981,0,1.5708,0,0.9948051091,0
0,-0.6981,0,1.5708,0,0.9927787742,0
0,-0.6981,0,1.5708,0,0.9907488298,0
0,-0.6981,0,1.5708,0,0.9887152812,0
0,-0.6981,0,1.5708,0,0.986678134,0
0,-0.6981,0,1.5708,0,0.9846373937,0
0,-0.6981,0,1.5708,0,0.982593066,0
0,-0.6981,0,1.5708,0,0.9805451564,0
0,-0.6981,0,1.5708,0,0.9784936706,0
0,-0.6981,0,1.5708,0,0.9764386144,0
0,-0.6981,0,1.5708,0,0.9743799934,0
0,-0.6981,0,1.5708,0,0.9723178135,0
0,-0.6981,0,1.5708,0,0.9702520804,0
0,-0.6981,0,1.5708,0,0.9681828001,0
0,-0.6981,0,1.5708,0,0.9661099783,0
0,-0.6981,0,1.5708,0,0.964033621,0
0,-0.6981,0,1.5708,0,0.9619537343,0
0,-0.6981,0,1.5708,0,0.959870324,0
0,-0.6981,0,1.5708,0,0.9577833963,0
0,-0.6981,0,1.5708,0,0.9556929571,0
0,-0.6981,0,1.5708,0,0.9535990127,0
0,-0.6981,0,1.5708,0,0.9515015691,0
0,-0.6981,0,1.5708,0,0.9494006326,0
0,-0.6981,0,1.5708,0,0.9472962093,0
0,-0.6981,0,1.5708,0,0.9451883056,0
0,-0.6981,0,1.5708,0,0.9430769277,0
0,-0.6981,0,1.5708,0,0.940962082,0
0,-0.6981,0,1.5708,0,0.9388437749,0
0,-0.6981,0,1.5708,0,0.9367220126,0
0,-0.6981,0,1.5708,0,0.9345968018,0
0,-0.6981,0,1.5708,0,0.9324681489,0
0,-0.6981,0,1.5708,0,0.9303360603,0
0,-0.6981,0,1.5708,0,0.9282005427,0
0,-0.6981,0,1.5708,0,0.9260616026,0
0,-0.6981,0,1.5708,0,0.9239192467,0
0,-0.6981,0,1.5708,0,0.9217734816,0
0,-0.6981,0,1.5708,0,0.9196243141,0
0,-0.6981,0,1.5708,0,0.9174717508,0
0,-0.6981,0,1.5708,0,0.9153157985,0
0,-0.6981,0,1.5708,0,0.9131564641,0
0,-0.6981,0,1.5708,0,0.9109937544,0
0,-0.6981,0,1.5708,0,0.9088276763,0
0,-0.6981,0,1.5708,0,0.9066582366,0
0,-0.6981,0,1.5708,0,0.9044854424,0
0,-0.6981,0,1.5708,0,0.9023093006,0
0,-0.6981,0,1.5708,0,0.9001298183,0
0,-0.6981,0,1.5708,0,0.8979470024,0
0,-0.6981,0,1.5708,0,0.8957608602,0
0,-0.6981,0,1.5708,0,0.8935713988,0
0,-0.6981,0,1.5708,0,0.8913786252,0
0,-0.6981,0,1.5708,0,0.8891825467,0
0,-0.6981,0,1.5708,0,0.8869831706,0
0,-0.6981,0,1.5708,0,0.8847805041,0
0,-0.6981,0,1.5708,0,0.8825745545,0
0,-0.6981,0,1.5708,0,0.8803653292,0
0,-0.6981,0,1.5708,0,0.8781528355,0
0,-0.6981,0,1.5708,0,0.8759370808,0
0,-0.6981,0,1.5708,0,0.8737180727,0
0,-0.6981,0,1.5708,0,0.8714958186,0
0,-0.6981,0,1.5708,0,0.869270326,0
0,-0.6981,0,1.5708,0,0.8670416024,0
0,-0.6981,0,1.5708,0,0.8648096554,0
0,-0.6981,0,1.5708,0,0.8625744928,0
0,-0.6981,0,1.5708,0,0.860336122,0
0,-0.6981,0,1.5708,0,0.8580945509,0
0,-0.6981,0,1.5708,0,0.8558497871,0
0,-0.6981,0,1.5708,0,0.8536018384,0
0,-0.6981,0,1.5708,0,0.8513507126,0
0,-0.6981,0,1.5708,0,0.8490964175,0
0,-0.6981,0,1.5708,0,0.846838961,0
0,-0.6981,0,1.5708,0,0.8445783509,0
0,-0.6981,0,1.5708,0,0.8423145953,0
0,-0.6981,0,1.5708,0,0.840047702,0
0,-0.6981,0,1.5708,0,0.8377776791,0
0,-0.6981,0,1.5708,0,0.8355045346,0
0,-0.6981,0,1.5708,0,0.8332282766,0
0,-0.6981,0,1.5708,0,0.8309489131,0
0,-0.6981,0,1.5708,0,0.8286664523,0
0,-0.6981,0,1.5708,0,0.8263809024,0
0,-0.6981,0,1.5708,0,0.8240922715,0
0,-0.6981,0,1.5708,0,0.821800568,0
0,-0.6981,0,1.5708,0,0.8195058,0
0,-0.6981,0,1.5708,0,0.8172079758,0
0,-0.6981,0,1.5708,0,0.8149071038,0
0,-0.6981,0,1.5708,0,0.8126031924,0
0,-0.6981,0,1.5708,0,0.8102962499,0
0,-0.6981,0,1.5708,0,0.8079862848,0
0,-0.6981,0,1.5708,0,0.8056733056,0
0,-0.6981,0,1.5708,0,0.8033573207,0
0,-0.6981,0,1.5708,0,0.8010383386,0
0,-0.6981,0,1.5708,0,0.798716368,0
0,-0.6981,0,1.5708,0,0.7963914174,0
0,-0.6981,0,1.5708,0,0.7940634955,0
0,-0.6981,0,1.5708,0,0.7917326108,0
0,-0.6981,0,1.5708,0,0.7893987721,0
0,-0.6981,0,1.5708,0,0.7870619882,0
0,-0.6981,0,1.5708,0,0.7847222677,0
0,-0.6981,0,1.5708,0,0.7823796195,0
0,-0.6981,0,1.5708,0,0.7800340523,0
0,-0.6981,0,1.5708,0,0.7776855751,0
0,-0.6981,0,1.5708,0,0.7753341967,0
0,-0.6981,0,1.5708,0,0.7729799259,0
0,-0.6981,0,1.5708,0,0.7706227719,0
0,-0.6981,0,1.5708,0,0.7682627434,0
0,-0.6981,0,1.5708,0,0.7658998496,0
0,-0.6981,0,1.5708,0,0.7635340995,0
0,-0.6981,0,1.5708,0,0.7611655021,0
0,-0.6981,0,1.5708,0,0.7587940666,0
0,-0.6981,0,1.5708,0,0.756419802,0
0,-0.6981,0,1.5708,0,0.7540427176,0
0,-0.6981,0,1.5708,0,0.7516628225,0
0,-0.6981,0,1.5708,0,0.7492801259,0
0,-0.6981,0,1.5708,0,0.7468946372,0
0,-0.6981,0,1.5708,0,0.7445063655,0
0,-0.6981,0,1.5708,0,0.7421153202,0
0,-0.6981,0,1.5708,0,0.7397215107,0
0,-0.6981,0,1.5708,0,0.7373249463,0
0,-0.6981,0,1.5708,0,0.7349256364,0
0,-0.6981,0,1.5708,0,0.7325235904,0
0,-0.6981,0,1.5708,0,0.7301188179,0
0,-0.6981,0,1.5708,0,0.7277113283,0
0,-0.6981,0,1.5708,0,0.7253011311,0
0,-0.6981,0,1.5708,0,0.7228882359,0
0,-0.6981,0,1.5708,0,0.7204726523,0
0,-0.6981,0,1.5708,0,0.7180543899,0
0,-0.6981,0,1.5708,0,0.7156334583,0
0,-0.6981,0,1.5708,0,0.7132098671,0
0,-0.6981,0,1.5708,0,0.7107836262,0
0,-0.6981,0,1.5708,0,0.7083547452,0
0,-0.6981,0,1.5708,0,0.7059232339,0
0,-0.6981,0,1.5708,0,0.7034891021,0
0,-0.6981,0,1.5708,0,0.7010523595,0
0,-0.6981,0,1.5708,0,0.6986130161,0
0,-0.6981,0,1.5708,0,0.6961710816,0
0,-0.6981,0,1.5708,0,0.6937265661,0
0,-0.6981,0,1.5708,0,0.6912794794,0
0,-0.6981,0,1.5708,0,0.6888298314,0
0,-0.6981,0,1.5708,0,0.6863776323,0
0,-0.6981,0,1.5708,0,0.6839228919,0
0,-0.6981,0,1.5708,0,0.6814656203,0
0,-0.6981,0,1.5708,0,0.6790058276,0
0,-0.6981,0,1.5708,0,0.6765435239,0
0,-0.6981,0,1.5708,0,0.6740787193,0
0,-0.6981,0,1.5708,0,0.671611424,0
0,-0.6981,0,1.5708,0,0.6691416481,0
0,-0.6981,0,1.5708,0,0.6666694019,0
0,-0.6981,0,1.5708,0,0.6641946955,0
0,-0.6981,0,1.5708,0,0.6617175393,0
0,-0.6981,0,1.5708,0,0.6592379435,0
0,-0.6981,0,1.5708,0,0.6567559184,0
0,-0.6981,0,1.5708,0,0.6542714744,0
0,-0.6981,0,1.5708,0,0.6517846219,0
0,-0.6981,0,1.5708,0,0.6492953712,0
0,-0.6981,0,1.5708,0,0.6468037327,0
0,-0.6981,0,1.5708,0,0.6443097169,0
0,-0.6981,0,1.5708,0,0.6418133344,0
0,-0.6981,0,1.5708,0,0.6393145955,0
0,-0.6981,0,1.5708,0,0.6368135108,0
0,-0.6981,0,1.5708,0,0.6343100908,0
0,-0.6981,0,1.5708,0,0.6318043462,0
0,-0.6981,0,1.5708,0,0.6292962875,0
0,-0.6981,0,1.5708,0,0.6267859253,0
0,-0.6981,0,1.5708,0,0.6242732703,0
0,-0.6981,0,1.5708,0,0.6217583333,0
0,-0.6981,0,1.5708,0,0.6192411248,0
0,-0.6981,0,1.5708,0,0.6167216556,0
0,-0.6981,0,1.5708,0,0.6141999365,0
0,-0.6981,0,1.5708,0,0.6116759782,0
0,-0.6981,0,1.5708,0,0.6091497916,0
0,-0.6981,0,1.5708,0,0.6066213874,0
0,-0.6981,0,1.5708,0,0.6040907765,0
0,-0.6981,0,1.5708,0,0.6015579699,0
0,-0.6981,0,1.5708,0,0.5990229783,0
0,-0.6981,0,1.5708,0,0.5964858128,0
0,-0.6981,0,1.5708,0,0.5939464842,0
0,-0.6981,0,1.5708,0,0.5914050036,0
0,-0.6981,0,1.5708,0,0.5888613819,0
0,-0.6981,0,1.5708,0,0.5863156301,0
0,-0.6981,0,1.5708,0,0.5837677594,0
0,-0.6981,0,1.5708,0,0.5812177807,0
0,-0.6981,0,1.5708,0,0.5786657052,0
0,-0.6981,0,1.5708,0,0.5761115439,0
0,-0.6981,0,1.5708,0,0.573555308,0
0,-0.6981,0,1.5708,0,0.5709970087,0
0,-0.6981,0,1.5708,0,0.5684366571,0
0,-0.6981,0,1.5708,0,0.5658742645,0
0,-0.6981,0,1.5708,0,0.563309842,0
0,-0.6981,0,1.5708,0,0.5607434009,0
0,-0.6981,0,1.5708,0,0.5581749526,0
0,-0.6981,0,1.5708,0,0.5556045082,0
0,-0.6981,0,1.5708,0,0.5530320791,0
0,-0.6981,0,1.5708,0,0.5504576767,0
0,-0.6981,0,1.5708,0,0.5478813122,0
0,-0.6981,0,1.5708,0,0.5453029971,0
0,-0.6981,0,1.5708,0,0.5427227428,0
0,-0.6981,0,1.5708,0,0.5401405608,0
0,-0.6981,0,1.5708,0,0.5375564623,0
0,-0.6981,0,1.5708,0,0.534970459,0
0,-0.6981,0,1.5708,0,0.5323825623,0
0,-0.6981,0,1.5708,0,0.5297927837,0
0,-0.6981,0,1.5708,0,0.5272011347,0
0,-0.6981,0,1.5708,0,0.524607627,0
0,-0.6981,0,1.5708,0,0.522012272,0
0,-0.6981,0,1.5708,0,0.5194150813,0
0,-0.6981,0,1.5708,0,0.5168160667,0
0,-0.6981,0,1.5708,0,0.5142152396,0
0,-0.6981,0,1.5708,0,0.5116126118,0
0,-0.6981,0,1.5708,0,0.5090081949,0
0,-0.6981,0,1.5708,0,0.5064020007,0
0,-0.6981,0,1.5708,0,0.5037940407,0
0,-0.6981,0,1.5708,0,0.5011843269,0
0,-0.6981,0,1.5708,0,0.4985728708,0
0,-0.6981,0,1.5708,0,0.4959596844,0
0,-0.6981,0,1.5708,0,0.4933447793,0
0,-0.6981,0,1.5708,0,0.4907281674,0
0,-0.6981,0,1.5708,0,0.4881098605,0
0,-0.6981,0,1.5708,0,0.4854898704,0
0,-0.6981,0,1.5708,0,0.4828682091,0
0,-0.6981,0,1.5708,0,0.4802448884,0
0,-0.6981,0,1.5708,0,0.4776199202,0
0,-0.6981,0,1.5708,0,0.4749933165,0
0,-0.6981,0,1.5708,0,0.4723650891,0
0,-0.6981,0,1.5708,0,0.46973525,0
0,-0.6981,0,1.5708,0,0.4671038112,0
0,-0.6981,0,1.5708,0,0.4644707847,0
0,-0.6981,0,1.5708,0,0.4618361826,0
0,-0.6981,0,1.5708,0,0.4592000167,0
0,-0.6981,0,1.5708,0,0.4565622993,0
0,-0.6981,0,1.5708,0,0.4539230423,0
0,-0.6981,0,1.5708,0,0.4512822577,0
0,-0.6981,0,1.5708,0,0.4486399579,0
0,-0.6981,0,1.5708,0,0.4459961547,0
0,-0.6981,0,1.5708,0,0.4433508604,0
0,-0.6981,0,1.5708,0,0.4407040871,0
0,-0.6981,0,1.5708,0,0.438055847,0
0,-0.6981,0,1.5708,0,0.4354061522,0
0,-0.6981,0,1.5708,0,0.432755015,0
0,-0.6981,0,1.5708,0,0.4301024475,0
0,-0.6981,0,1.5708,0,0.427448462,0
0,-0.6981,0,1.5708,0,0.4247930707,0
0,-0.6981,0,1.5708,0,0.4221362859,0
0,-0.6981,0,1.5708,0,0.4194781199,0
0,-0.6981,0,1.5708,0,0.416818585,0
0,-0.6981,0,1.5708,0,0.4141576934,0
0,-0.6981,0,1.5708,0,0.4114954574,0
0,-0.6981,0,1.5708,0,0.4088318895,0
0,-0.6981,0,1.5708,0,0.406167002,0
0,-0.6981,0,1.5708,0,0.4035008071,0
0,-0.6981,0,1.5708,0,0.4008333174,0
0,-0.6981,0,1.5708,0,0.3981645452,0
0,-0.6981,0,1.5708,0,0.3954945029,0
0,-0.6981,0,1.5708,0,0.3928232029,0
0,-0.6981,0,1.5708,0,0.3901506577,0
0,-0.6981,0,1.5708,0,0.3874768798,0
0,-0.6981,0,1.5708,0,0.3848018815,0
0,-0.6981,0,1.5708,0,0.3821256753,0
0,-0.6981,0,1.5708,0,0.3794482739,0
0,-0.6981,0,1.5708,0,0.3767696896,0
0,-0.6981,0,1.5708,0,0.3740899349,0
0,-0.6981,0,1.5708,0,0.3714090225,0
0,-0.6981,0,1.5708,0,0.3687269648,0
0,-0.6981,0,1.5708,0,0.3660437744,0
0,-0.6981,0,1.5708,0,0.363359464,0
0,-0.6981,0,1.5708,0,0.3606740459,0
0,-0.6981,0,1.5708,0,0.357987533,0
0,-0.6981,0,1.5708,0,0.3552999376,0
0,-0.6981,0,1.5708,0,0.3526112726,0
0,-0.6981,0,1.5708,0,0.3499215505,0
0,-0.6981,0,1.5708,0,0.3472307839,0
0,-0.6981,0,1.5708,0,0.3445389855,0
0,-0.6981,0,1.5708,0,0.341846168,0
0,-0.6981,0,1.5708,0,0.3391523441,0
0,-0.6981,0,1.5708,0,0.3364575264,0
0,-0.6981,0,1.5708,0,0.3337617276,0
0,-0.6981,0,1.5708,0,0.3310649605,0
0,-0.6981,0,1.5708,0,0.3283672377,0
0,-0.6981,0,1.5708,0,0.325668572,0
0,-0.6981,0,1.5708,0,0.3229689762,0
0,-0.6981,0,1.5708,0,0.320268463,0
0,-0.6981,0,1.5708,0,0.3175670451,0
0,-0.6981,0,1.5708,0,0.3148647353,0
0,-0.6981,0,1.5708,0,0.3121615465,0
0,-0.6981,0,1.5708,0,0.3094574913,0
0,-0.6981,0,1.5708,0,0.3067525827,0
0,-0.6981,0,1.5708,0,0.3040468334,0
0,-0.6981,0,1.5708,0,0.3013402562,0
0,-0.6981,0,1.5708,0,0.2986328641,0
0,-0.6981,0,1.5708,0,0.2959246697,0
0,-0.6981,0,1.5708,0,0.2932156859,0
0,-0.6981,0,1.5708,0,0.2905059257,0
0,-0.6981,0,1.5708,0,0.2877954019,0
0,-0.6981,0,1.5708,0,0.2850841273,0
0,-0.6981,0,1.5708,0,0.2823721149,0
0,-0.6981,0,1.5708,0,0.2796593775,0
0,-0.6981,0,1.5708,0,0.2769459281,0
0,-0.6981,0,1.5708,0,0.2742317795,0
0,-0.6981,0,1.5708,0,0.2715169446,0
0,-0.6981,0,1.5708,0,0.2688014364,0
0,-0.6981,0,1.5708,0,0.2660852678,0
0,-0.6981,0,1.5708,0,0.2633684518,0
0,-0.6981,0,1.5708,0,0.2606510013,0
0,-0.6981,0,1.5708,0,0.2579329292,0
0,-0.6981,0,1.5708,0,0.2552142485,0
0,-0.6981,0,1.5708,0,0.2524949722,0
0,-0.6981,0,1.5708,0,0.2497751132,0
0,-0.6981,0,1.5708,0,0.2470546846,0
0,-0.6981,0,1.5708,0,0.2443336992,0
0,-0.6981,0,1.5708,0,0.2416121702,0
0,-0.6981,0,1.5708,0,0.2388901104,0
0,-0.6981,0,1.5708,0,0.236167533,0
0,-0.6981,0,1.5708,0,0.2334444509,0
0,-0.6981,0,1.5708,0,0.2307208771,0
0,-0.6981,0,1.5708,0,0.2279968246,0
0,-0.6981,0,1.5708,0,0.2252723065,0
0,-0.6981,0,1.5708,0,0.2225473359,0
0,-0.6981,0,1.5708,0,0.2198219256,0
0,-0.6981,0,1.5708,0,0.2170960889,0
0,-0.6981,0,1.5708,0,0.2143698387,0
0,-0.6981,0,1.5708,0,0.211643188,0
0,-0.6981,0,1.5708,0,0.20891615,0
0,-0.6981,0,1.5708,0,0.2061887377,0
0,-0.6981,0,1.5708,0,0.2034609642,0
0,-0.6981,0,1.5708,0,0.2007328424,0
0,-0.6981,0,1.5708,0,0.1980043856,0
0,-0.6981,0,1.5708,0,0.1952756068,0
0,-0.6981,0,1.5708,0,0.192546519,0
0,-0.6981,0,1.5708,0,0.1898171353,0
0,-0.6981,0,1.5708,0,0.1870874689,0
0,-0.6981,0,1.5708,0,0.1843575328,0
0,-0.6981,0,1.5708,0,0.18162734,0
0,-0.6981,0,1.5708,0,0.1788969038,0
0,-0.6981,0,1.5708,0,0.1761662372,0
0,-0.6981,0,1.5708,0,0.1734353533,0
0,-0.6981,0,1.5708,0,0.1707042651,0
0,-0.6981,0,1.5708,0,0.1679729859,0
0,-0.6981,0,1.5708,0,0.1652415287,0
0,-0.6981,0,1.5708,0,0.1625099066,0
0,-0.6981,0,1.5708,0,0.1597781328,0
0,-0.6981,0,1.5708,0,0.1570462202,0
0,-0.6981,0,1.5708,0,0.1543141822,0
0,-0.6981,0,1.5708,0,0.1515820317,0
0,-0.6981,0,1.5708,0,0.1488497819,0
0,-0.6981,0,1.5708,0,0.146117446,0
0,-0.6981,0,1.5708,0,0.1433850369,0
0,-0.6981,0,1.5708,0,0.1406525679,0
0,-0.6981,0,1.5708,0,0.1379200521,0
0,-0.6981,0,1.5708,0,0.1351875025,0
0,-0.6981,0,1.5708,0,0.1324549324,0
0,-0.6981,0,1.5708,0,0.1297223548,0
0,-0.6981,0,1.5708,0,0.1269897829,0
0,-0.6981,0,1.5708,0,0.1242572297,0
0,-0.6981,0,1.5708,0,0.1215247084,0
0,-0.6981,0,1.5708,0,0.1187922322,0
0,-0.6981,0,1.5708,0,0.1160598141,0
0,-0.6981,0,1.5708,0,0.1133274672,0
0,-0.6981,0,1.5708,0,0.1105952048,0
0,-0.6981,0,1.5708,0,0.1078630398,0
0,-0.6981,0,1.5708,0,0.1051309854,0
0,-0.6981,0,1.5708,0,0.1023990548,0
0,-0.6981,0,1.5708,0,0.09966726103,0
0,-0.6981,0,1.5708,0,0.09693561721,0
0,-0.6981,0,1.5708,0,0.09420413645,0
0,-0.6981,0,1.5708,0,0.09147283187,0
0,-0.6981,0,1.5708,0,0.08874171658,0
0,-0.6981,0,1.5708,0,0.08601080368,0
0,-0.6981,0,1.5708,0,0.08328010628,0
0,-0.6981,0,1.5708,0,0.08054963746,0
0,-0.6981,0,1.5708,0,0.07781941035,0
0,-0.6981,0,1.5708,0,0.07508943802,0
0,-0.6981,0,1.5708,0,0.07235973357,0
0,-0.6981,0,1.5708,0,0.06963031009,0
0,-0.6981,0,1.5708,0,0.06690118067,0
0,-0.6981,0,1.5708,0,0.06417235838,0
0,-0.6981,0,1.5708,0,0.06144385632,0
0,-0.6981,0,1.5708,0,0.05871568756,0
0,-0.6981,0,1.5708,0,0.05598786516,0
0,-0.6981,0,1.5708,0,0.05326040219,0
0,-0.6981,0,1.5708,0,0.05053331173,0
0,-0.6981,0,1.5708,0,0.04780660683,0
0,-0.6981,0,1.5708,0,0.04508030055,0
0,-0.6981,0,1.5708,0,0.04235440594,0
0,-0.6981,0,1.5708,0,0.03962893604,0
0,-0.6981,0,1.5708,0,0.0369039039,0
0,-0.6981,0,1.5708,0,0.03417932255,0
0,-0.6981,0,1.5708,0,0.03145520503,0
0,-0.6981,0,1.5708,0,0.02873156437,0
0,-0.6981,0,1.5708,0,0.02600841358,0
0,-0.6981,0,1.5708,0,0.02328576568,0
0,-0.6981,0,1.5708,0,0.02056363368,0
0,-0.6981,0,1.5708,0,0.01784203059,0
0,-0.6981,0,1.5708,0,0.01512096941,0
0,-0.6981,0,1.5708,0,0.01240046313,0
0,-0.6981,0,1.5708,0,0.009680524728,0
0,-0.6981,0,1.5708,0,0.006961167194,0
0,-0.6981,0,1.5708,0,0.004242403499,0
0,-0.6981,0,1.5708,0,0.00152424661,0
0,-0.6981,0,1.5708,0,-0.001193290513,0
0,-0.6981,0,1.5708,0,-0.003910194916,0
0,-0.6981,0,1.5708,0,-0.006626453654,0
0,-0.6981,0,1.5708,0,-0.009342053787,0
0,-0.6981,0,1.5708,0,-0.01205698238,0
0,-0.6981,0,1.5708,0,-0.01477122652,0
0,-0.6981,0,1.5708,0,-0.01748477328,0
0,-0.6981,0,1.5708,0,-0.02019760975,0
0,-0.6981,0,1.5708,0,-0.02290972304,0
0,-0.6981,0,1.5708,0,-0.02562110025,0
0,-0.6981,0,1.5708,0,-0.02833172849,0
0,-0.6981,0,1.5708,0,-0.0310415949,0
0,-0.6981,0,1.5708,0,-0.0337506866,0
0,-0.6981,0,1.5708,0,-0.03645899073,0
0,-0.6981,0,1.5708,0,-0.03916649445,0
0,-0.6981,0,1.5708,0,-0.04187318491,0
0,-0.6981,0,1.5708,0,-0.04457904928,0
0,-0.6981,0,1.5708,0,-0.04728407475,0
0,-0.6981,0,1.5708,0,-0.04998824848,0
0,-0.6981,0,1.5708,0,-0.05269155769,0
0,-0.6981,0,1.5708,0,-0.05539398958,0
0,-0.6981,0,1.5708,0,-0.05809553136,0
0,-0.6981,0,1.5708,0,-0.06079617026,0
0,-0.6981,0,1.5708,0,-0.06349589351,0
0,-0.6981,0,1.5708,0,-0.06619468837,0
0,-0.6981,0,1.5708,0,-0.06889254208,0
0,-0.6981,0,1.5708,0,-0.07158944191,0
0,-0.6981,0,1.5708,0,-0.07428537515,0
0,-0.6981,0,1.5708,0,-0.07698032908,0
0,-0.6981,0,1.5708,0,-0.07967429099,0
0,-0.6981,0,1.5708,0,-0.08236724821,0
0,-0.6981,0,1.5708,0,-0.08505918804,0
0,-0.6981,0,1.5708,0,-0.08775009783,0
0,-0.6981,0,1.5708,0,-0.09043996492,0
0,-0.6981,0,1.5708,0,-0.09312877666,0
0,-0.6981,0,1.5708,0,-0.09581652042,0
0,-0.6981,0,1.5708,0,-0.09850318359,0
0,-0.6981,0,1.5708,0,-0.1011887535,0
0,-0.6981,0,1.5708,0,-0.1038732177,0
0,-0.6981,0,1.5708,0,-0.1065565635,0
0,-0.6981,0,1.5708,0,-0.1092387783,0
0,-0.6981,0,1.5708,0,-0.1119198496,0
0,-0.6981,0,1.5708,0,-0.1145997648,0
0,-0.6981,0,1.5708,0,-0.1172785115,0
0,-0.6981,0,1.5708,0,-0.119956077,0
0,-0.6981,0,1.5708,0,-0.1226324489,0
0,-0.6981,0,1.5708,0,-0.1253076147,0
0,-0.6981,0,1.5708,0,-0.1279815619,0
0,-0.6981,0,1.5708,0,-0.1306542781,0
0,-0.6981,0,1.5708,0,-0.1333257507,0
0,-0.6981,0,1.5708,0,-0.1359959674,0
0,-0.6981,0,1.5708,0,-0.1386649157,0
0,-0.6981,0,1.5708,0,-0.1413325832,0
0,-0.6981,0,1.5708,0,-0.1439989576,0
0,-0.6981,0,1.5708,0,-0.1466640264,0
0,-0.6981,0,1.5708,0,-0.1493277772,0
0,-0.6981,0,1.5708,0,-0.1519901978,0
0,-0.6981,0,1.5708,0,-0.1546512757,0
0,-0.6981,0,1.5708,0,-0.1573109988,0
0,-0.6981,0,1.5708,0,-0.1599693545,0
0,-0.6981,0,1.5708,0,-0.1626263307,0
0,-0.6981,0,1.5708,0,-0.1652819151,0
0,-0.6981,0,1.5708,0,-0.1679360954,0
0,-0.6981,0,1.5708,0,-0.1705888594,0
0,-0.6981,0,1.5708,0,-0.1732401949,0
0,-0.6981,0,1.5708,0,-0.1758900895,0
0,-0.6981,0,1.5708,0,-0.1785385312,0
0,-0.6981,0,1.5708,0,-0.1811855078,0
0,-0.6981,0,1.5708,0,-0.183831007,0
0,-0.6981,0,1.5708,0,-0.1864750168,0
0,-0.6981,0,1.5708,0,-0.1891175249,0
0,-0.6981,0,1.5708,0,-0.1917585194,0
0,-0.6981,0,1.5708,0,-0.194397988,0
0,-0.6981,0,1.5708,0,-0.1970359188,0
0,-0.6981,0,1.5708,0,-0.1996722996,0
0,-0.6981,0,1.5708,0,-0.2023071184,0
0,-0.6981,0,1.5708,0,-0.2049403631,0
0,-0.6981,0,1.5708,0,-0.2075720218,0
0,-0.6981,0,1.5708,0,-0.2102020825,0
0,-0.6981,0,1.5708,0,-0.2128305331,0
0,-0.6981,0,1.5708,0,-0.2154573617,0
0,-0.6981,0,1.5708,0,-0.2180825565,0
0,-0.6981,0,1.5708,0,-0.2207061053,0
0,-0.6981,0,1.5708,0,-0.2233279965,0
0,-0.6981,0,1.5708,0,-0.225948218,0
0,-0.6981,0,1.5708,0,-0.228566758,0
0,-0.6981,0,1.5708,0,-0.2311836046,0
0,-0.6981,0,1.5708,0,-0.233798746,0
0,-0.6981,0,1.5708,0,-0.2364121705,0
0,-0.6981,0,1.5708,0,-0.2390238662,0
0,-0.6981,0,1.5708,0,-0.2416338213,0
0,-0.6981,0,1.5708,0,-0.2442420241,0
0,-0.6981,0,1.5708,0,-0.2468484628,0
0,-0.6981,0,1.5708,0,-0.2494531258,0
0,-0.6981,0,1.5708,0,-0.2520560013,0
0,-0.6981,0,1.5708,0,-0.2546570777,0
0,-0.6981,0,1.5708,0,-0.2572563433,0
0,-0.6981,0,1.5708,0,-0.2598537865,0
0,-0.6981,0,1.5708,0,-0.2624493956,0
0,-0.6981,0,1.5708,0,-0.2650431591,0
0,-0.6981,0,1.5708,0,-0.2676350654,0
0,-0.6981,0,1.5708,0,-0.2702251029,0
0,-0.6981,0,1.5708,0,-0.2728132601,0
0,-0.6981,0,1.5708,0,-0.2753995256,0
0,-0.6981,0,1.5708,0,-0.2779838877,0
0,-0.6981,0,1.5708,0,-0.2805663351,0
0,-0.6981,0,1.5708,0,-0.2831468562,0
0,-0.6981,0,1.5708,0,-0.2857254397,0
0,-0.6981,0,1.5708,0,-0.2883020742,0
0,-0.6981,0,1.5708,0,-0.2908767482,0
0,-0.6981,0,1.5708,0,-0.2934494504,0
0,-0.6981,0,1.5708,0,-0.2960201695,0
0,-0.6981,0,1.5708,0,-0.2985888941,0
0,-0.6981,0,1.5708,0,-0.301155613,0
0,-0.6981,0,1.5708,0,-0.3037203148,0
0,-0.6981,0,1.5708,0,-0.3062829884,0
0,-0.6981,0,1.5708,0,-0.3088436225,0
0,-0.6981,0,1.5708,0,-0.3114022058,0
0,-0.6981,0,1.5708,0,-0.3139587272,0
0,-0.6981,0,1.5708,0,-0.3165131756,0
0,-0.6981,0,1.5708,0,-0.3190655398,0
0,-0.6981,0,1.5708,0,-0.3216158087,0
0,-0.6981,0,1.5708,0,-0.3241639711,0
0,-0.6981,0,1.5708,0,-0.3267100161,0
0,-0.6981,0,1.5708,0,-0.3292539326,0
0,-0.6981,0,1.5708,0,-0.3317957095,0
0,-0.6981,0,1.5708,0,-0.3343353358,0
0,-0.6981,0,1.5708,0,-0.3368728007,0
0,-0.6981,0,1.5708,0,-0.339408093,0
0,-0.6981,0,1.5708,0,-0.341941202,0
0,-0.6981,0,1.5708,0,-0.3444721167,0
0,-0.6981,0,1.5708,0,-0.3470008262,0
0,-0.6981,0,1.5708,0,-0.3495273196,0
0,-0.6981,0,1.5708,0,-0.3520515862,0
0,-0.6981,0,1.5708,0,-0.3545736151,0
0,-0.6981,0,1.5708,0,-0.3570933956,0
0,-0.6981,0,1.5708,0,-0.3596109169,0
0,-0.6981,0,1.5708,0,-0.3621261682,0
0,-0.6981,0,1.5708,0,-0.3646391389,0
0,-0.6981,0,1.5708,0,-0.3671498182,0
0,-0.6981,0,1.5708,0,-0.3696581956,0
0,-0.6981,0,1.5708,0,-0.3721642604,0
0,-0.6981,0,1.5708,0,-0.374668002,0
0,-0.6981,0,1.5708,0,-0.3771694097,0
0,-0.6981,0,1.5708,0,-0.3796684731,0
0,-0.6981,0,1.5708,0,-0.3821651817,0
0,-0.6981,0,1.5708,0,-0.3846595248,0
0,-0.6981,0,1.5708,0,-0.3871514921,0
0,-0.6981,0,1.5708,0,-0.3896410731,0
0,-0.6981,0,1.5708,0,-0.3921282574,0
0,-0.6981,0,1.5708,0,-0.3946130346,0
0,-0.6981,0,1.5708,0,-0.3970953943,0
0,-0.6981,0,1.5708,0,-0.3995753261,0
0,-0.6981,0,1.5708,0,-0.4020528198,0
0,-0.6981,0,1.5708,0,-0.404527865,0
0,-0.6981,0,1.5708,0,-0.4070004515,0
0,-0.6981,0,1.5708,0,-0.4094705691,0
0,-0.6981,0,1.5708,0,-0.4119382075,0
0,-0.6981,0,1.5708,0,-0.4144033566,0
0,-0.6981,0,1.5708,0,-0.4168660062,0
0,-0.6981,0,1.5708,0,-0.4193261462,0
0,-0.6981,0,1.5708,0,-0.4217837664,0
0,-0.6981,0,1.5708,0,-0.4242388569,0
0,-0.6981,0,1.5708,0,-0.4266914075,0
0,-0.6981,0,1.5708,0,-0.4291414083,0
0,-0.6981,0,1.5708,0,-0.4315888493,0
0,-0.6981,0,1.5708,0,-0.4340337204,0
0,-0.6981,0,1.5708,0,-0.4364760118,0
0,-0.6981,0,1.5708,0,-0.4389157136,0
0,-0.6981,0,1.5708,0,-0.4413528158,0
0,-0.6981,0,1.5708,0,-0.4437873087,0
0,-0.6981,0,1.5708,0,-0.4462191824,0
0,-0.6981,0,1.5708,0,-0.4486484272,0
0,-0.6981,0,1.5708,0,-0.4510750332,0
0,-0.6981,0,1.5708,0,-0.4534989907,0
0,-0.6981,0,1.5708,0,-0.4559202901,0
0,-0.6981,0,1.5708,0,-0.4583389217,0
0,-0.6981,0,1.5708,0,-0.4607548757,0
0,-0.6981,0,1.5708,0,-0.4631681427,0
0,-0.6981,0,1.5708,0,-0.4655787129,0
0,-0.6981,0,1.5708,0,-0.4679865769,0
0,-0.6981,0,1.5708,0,-0.4703917252,0
0,-0.6981,0,1.5708,0,-0.4727941481,0
0,-0.6981,0,1.5708,0,-0.4751938364,0
0,-0.6981,0,1.5708,0,-0.4775907804,0
0,-0.6981,0,1.5708,0,-0.4799849709,0
0,-0.6981,0,1.5708,0,-0.4823763984,0
0,-0.6981,0,1.5708,0,-0.4847650536,0
0,-0.6981,0,1.5708,0,-0.4871509271,0
0,-0.6981,0,1.5708,0,-0.4895340097,0
0,-0.6981,0,1.5708,0,-0.4919142922,0
0,-0.6981,0,1.5708,0,-0.4942917652,0
0,-0.6981,0,1.5708,0,-0.4966664197,0
0,-0.6981,0,1.5708,0,-0.4990382464,0
0,-0.6981,0,1.5708,0,-0.5014072362,0
0,-0.6981,0,1.5708,0,-0.50377338,0
0,-0.6981,0,1.5708,0,-0.5061366687,0
0,-0.6981,0,1.5708,0,-0.5084970933,0
0,-0.6981,0,1.5708,0,-0.5108546447,0
0,-0.6981,0,1.5708,0,-0.5132093141,0
0,-0.6981,0,1.5708,0,-0.5155610924,0
0,-0.6981,0,1.5708,0,-0.5179099707,0
0,-0.6981,0,1.5708,0,-0.5202559402,0
0,-0.6981,0,1.5708,0,-0.522598992,0
0,-0.6981,0,1.5708,0,-0.5249391172,0
0,-0.6981,0,1.5708,0,-0.5272763071,0
0,-0.6981,0,1.5708,0,-0.529610553,0
0,-0.6981,0,1.5708,0,-0.531941846,0
0,-0.6981,0,1.5708,0,-0.5342701775,0
0,-0.6981,0,1.5708,0,-0.5365955389,0
0,-0.6981,0,1.5708,0,-0.5389179215,0
0,-0.6981,0,1.5708,0,-0.5412373167,0
0,-0.6981,0,1.5708,0,-0.5435537159,0
0,-0.6981,0,1.5708,0,-0.5458671106,0
0,-0.6981,0,1.5708,0,-0.5481774924,0
0,-0.6981,0,1.5708,0,-0.5504848527,0
0,-0.6981,0,1.5708,0,-0.5527891831,0
0,-0.6981,0,1.5708,0,-0.5550904753,0
0,-0.6981,0,1.5708,0,-0.5573887207,0
0,-0.6981,0,1.5708,0,-0.5596839112,0
0,-0.6981,0,1.5708,0,-0.5619760384,0
0,-0.6981,0,1.5708,0,-0.564265094,0
0,-0.6981,0,1.5708,0,-0.5665510698,0
0,-0.6981,0,1.5708,0,-0.5688339575,0
0,-0.6981,0,1.5708,0,-0.5711137492,0
0,-0.6981,0,1.5708,0,-0.5733904364,0
0,-0.6981,0,1.5708,0,-0.5756640113,0
0,-0.6981,0,1.5708,0,-0.5779344657,0
0,-0.6981,0,1.5708,0,-0.5802017915,0
0,-0.6981,0,1.5708,0,-0.5824659809,0
0,-0.6981,0,1.5708,0,-0.5847270257,0
0,-0.6981,0,1.5708,0,-0.5869849181,0
0,-0.6981,0,1.5708,0,-0.5892396502,0
0,-0.6981,0,1.5708,0,-0.591491214,0
0,-0.6981,0,1.5708,0,-0.5937396018,0
0,-0.6981,0,1.5708,0,-0.5959848058,0
0,-0.6981,0,1.5708,0,-0.5982268183,0
0,-0.6981,0,1.5708,0,-0.6004656313,0
0,-0.6981,0,1.5708,0,-0.6027012374,0
0,-0.6981,0,1.5708,0,-0.6049336288,0
0,-0.6981,0,1.5708,0,-0.6071627979,0
0,-0.6981,0,1.5708,0,-0.6093887371,0
0,-0.6981,0,1.5708,0,-0.6116114388,0
0,-0.6981,0,1.5708,0,-0.6138308955,0
0,-0.6981,0,1.5708,0,-0.6160470998,0
0,-0.6981,0,1.5708,0,-0.6182600442,0
0,-0.6981,0,1.5708,0,-0.6204697212,0
0,-0.6981,0,1.5708,0,-0.6226761235,0
0,-0.6981,0,1.5708,0,-0.6248792437,0
0,-0.6981,0,1.5708,0,-0.6270790746,0
0,-0.6981,0,1.5708,0,-0.6292756088,0
0,-0.6981,0,1.5708,0,-0.6314688391,0
0,-0.6981,0,1.5708,0,-0.6336587583,0
0,-0.6981,0,1.5708,0,-0.6358453593,0
0,-0.6981,0,1.5708,0,-0.6380286348,0
0,-0.6981,0,1.5708,0,-0.6402085778,0
0,-0.6981,0,1.5708,0,-0.6423851812,0
0,-0.6981,0,1.5708,0,-0.6445584381,0
0,-0.6981,0,1.5708,0,-0.6467283413,0
0,-0.6981,0,1.5708,0,-0.648894884,0
0,-0.6981,0,1.5708,0,-0.6510580592,0
0,-0.6981,0,1.5708,0,-0.65321786,0
0,-0.6981,0,1.5708,0,-0.6553742797,0
0,-0.6981,0,1.5708,0,-0.6575273113,0
0,-0.6981,0,1.5708,0,-0.6596769481,0
0,-0.6981,0,1.5708,0,-0.6618231833,0
0,-0.6981,0,1.5708,0,-0.6639660103,0
0,-0.6981,0,1.5708,0,-0.6661054224,0
0,-0.6981,0,1.5708,0,-0.668241413,0
0,-0.6981,0,1.5708,0,-0.6703739754,0
0,-0.6981,0,1.5708,0,-0.6725031031,0
0,-0.6981,0,1.5708,0,-0.6746287895,0
0,-0.6981,0,1.5708,0,-0.6767510283,0
0,-0.6981,0,1.5708,0,-0.6788698129,0
0,-0.6981,0,1.5708,0,-0.6809851369,0
0,-0.6981,0,1.5708,0,-0.683096994,0
0,-0.6981,0,1.5708,0,-0.6852053777,0
0,-0.6981,0,1.5708,0,-0.6873102819,0
0,-0.6981,0,1.5708,0,-0.6894117002,0
0,-0.6981,0,1.5708,0,-0.6915096264,0
0,-0.6981,0,1.5708,0,-0.6936040543,0
0,-0.6981,0,1.5708,0,-0.6956949778,0
0,-0.6981,0,1.5708,0,-0.6977823908,0
0,-0.6981,0,1.5708,0,-0.6998662871,0
0,-0.6981,0,1.5708,0,-0.7019466607,0
0,-0.6981,0,1.5708,0,-0.7040235056,0
0,-0.6981,0,1.5708,0,-0.7060968159,0
0,-0.6981,0,1.5708,0,-0.7081665856,0
0,-0.6981,0,1.5708,0,-0.7102328088,0
0,-0.6981,0,1.5708,0,-0.7122954796,0
0,-0.6981,0,1.5708,0,-0.7143545923,0
0,-0.6981,0,1.5708,0,-0.7164101411,0
0,-0.6981,0,1.5708,0,-0.7184621201,0
0,-0.6981,0,1.5708,0,-0.7205105238,0
0,-0.6981,0,1.5708,0,-0.7225553464,0
0,-0.6981,0,1.5708,0,-0.7245965823,0
0,-0.6981,0,1.5708,0,-0.726634226,0
0,-0.6981,0,1.5708,0,-0.7286682718,0
0,-0.6981,0,1.5708,0,-0.7306987142,0
0,-0.6981,0,1.5708,0,-0.7327255478,0
0,-0.6981,0,1.5708,0,-0.734748767,0
0,-0.6981,0,1.5708,0,-0.7367683666,0
0,-0.6981,0,1.5708,0,-0.7387843412,0
0,-0.6981,0,1.5708,0,-0.7407966854,0
0,-0.6981,0,1.5708,0,-0.7428053938,0
0,-0.6981,0,1.5708,0,-0.7448104614,0
0,-0.6981,0,1.5708,0,-0.7468118828,0
0,-0.6981,0,1.5708,0,-0.7488096529,0
0,-0.6981,0,1.5708,0,-0.7508037665,0
0,-0.6981,0,1.5708,0,-0.7527942186,0
0,-0.6981,0,1.5708,0,-0.7547810041,0
0,-0.6981,0,1.5708,0,-0.7567641179,0
0,-0.6981,0,1.5708,0,-0.7587435551,0
0,-0.6981,0,1.5708,0,-0.7607193107,0
0,-0.6981,0,1.5708,0,-0.7626913798,0
0,-0.6981,0,1.5708,0,-0.7646597576,0
0,-0.6981,0,1.5708,0,-0.7666244392,0
0,-0.6981,0,1.5708,0,-0.7685854199,0
0,-0.6981,0,1.5708,0,-0.7705426948,0
0,-0.6981,0,1.5708,0,-0.7724962593,0
0,-0.6981,0,1.5708,0,-0.7744461086,0
0,-0.6981,0,1.5708,0,-0.7763922382,0
0,-0.6981,0,1.5708,0,-0.7783346434,0
0,-0.6981,0,1.5708,0,-0.7802733197,0
0,-0.6981,0,1.5708,0,-0.7822082626,0
0,-0.6981,0,1.5708,0,-0.7841394676,0
0,-0.6981,0,1.5708,0,-0.7860669301,0
0,-0.6981,0,1.5708,0,-0.787990646,0
0,-0.6981,0,1.5708,0,-0.7899106106,0
0,-0.6981,0,1.5708,0,-0.7918268198,0
0,-0.6981,0,1.5708,0,-0.7937392693,0
0,-0.6981,0,1.5708,0,-0.7956479547,0
0,-0.6981,0,1.5708,0,-0.7975528719,0
0,-0.6981,0,1.5708,0,-0.7994540167,0
0,-0.6981,0,1.5708,0,-0.801351385,0
0,-0.6981,0,1.5708,0,-0.8032449727,0
0,-0.6981,0,1.5708,0,-0.8051347757,0
0,-0.6981,0,1.5708,0,-0.80702079,0
0,-0.6981,0,1.5708,0,-0.8089030117,0
0,-0.6981,0,1.5708,0,-0.8107814367,0
0,-0.6981,0,1.5708,0,-0.8126560612,0
0,-0.6981,0,1.5708,0,-0.8145268814,0
0,-0.6981,0,1.5708,0,-0.8163938933,0
0,-0.6981,0,1.5708,0,-0.8182570934,0
0,-0.6981,0,1.5708,0,-0.8201164776,0
0,-0.6981,0,1.5708,0,-0.8219720425,0
0,-0.6981,0,1.5708,0,-0.8238237843,0
0,-0.6981,0,1.5708,0,-0.8256716994,0
0,-0.6981,0,1.5708,0,-0.8275157842,0
0,-0.6981,0,1.5708,0,-0.8293560352,0
0,-0.6981,0,1.5708,0,-0.8311924488,0
0,-0.6981,0,1.5708,0,-0.8330250216,0
0,-0.6981,0,1.5708,0,-0.8348537502,0
0,-0.6981,0,1.5708,0,-0.8366786311,0
0,-0.6981,0,1.5708,0,-0.8384996611,0
0,-0.6981,0,1.5708,0,-0.8403168368,0
0,-0.6981,0,1.5708,0,-0.8421301549,0
0,-0.6981,0,1.5708,0,-0.8439396122,0
0,-0.6981,0,1.5708,0,-0.8457452055,0
0,-0.6981,0,1.5708,0,-0.8475469317,0
0,-0.6981,0,1.5708,0,-0.8493447877,0
0,-0.6981,0,1.5708,0,-0.8511387703,0
0,-0.6981,0,1.5708,0,-0.8529288765,0
0,-0.6981,0,1.5708,0,-0.8547151034,0
0,-0.6981,0,1.5708,0,-0.856497448,0
0,-0.6981,0,1.5708,0,-0.8582759074,0
0,-0.6981,0,1.5708,0,-0.8600504786,0
0,-0.6981,0,1.5708,0,-0.8618211589,0
0,-0.6981,0,1.5708,0,-0.8635879455,0
0,-0.6981,0,1.5708,0,-0.8653508355,0
0,-0.6981,0,1.5708,0,-0.8671098263,0
0,-0.6981,0,1.5708,0,-0.8688649152,0
0,-0.6981,0,1.5708,0,-0.8706160996,0
0,-0.6981,0,1.5708,0,-0.8723633768,0
0,-0.6981,0,1.5708,0,-0.8741067443,0
0,-0.6981,0,1.5708,0,-0.8758461996,0
0,-0.6981,0,1.5708,0,-0.8775817402,0
0,-0.6981,0,1.5708,0,-0.8793133636,0
0,-0.6981,0,1.5708,0,-0.8810410675,0
0,-0.6981,0,1.5708,0,-0.8827648494,0
0,-0.6981,0,1.5708,0,-0.8844847071,0
0,-0.6981,0,1.5708,0,-0.8862006382,0
0,-0.6981,0,1.5708,0,-0.8879126405,0
0,-0.6981,0,1.5708,0,-0.8896207119,0
0,-0.6981,0,1.5708,0,-0.8913248501,0
0,-0.6981,0,1.5708,0,-0.893025053,0
0,-0.6981,0,1.5708,0,-0.8947213186,0
0,-0.6981,0,1.5708,0,-0.8964136447,0
0,-0.6981,0,1.5708,0,-0.8981020294,0
0,-0.6981,0,1.5708,0,-0.8997864707,0
0,-0.6981,0,1.5708,0,-0.9014669666,0
0,-0.6981,0,1.5708,0,-0.9031435153,0
0,-0.6981,0,1.5708,0,-0.904816115,0
0,-0.6981,0,1.5708,0,-0.9064847637,0
0,-0.6981,0,1.5708,0,-0.9081494598,0
0,-0.6981,0,1.5708,0,-0.9098102015,0
0,-0.6981,0,1.5708,0,-0.911466987,0
0,-0.6981,0,1.5708,0,-0.9131198149,0
0,-0.6981,0,1.5708,0,-0.9147686833,0
0,-0.6981,0,1.5708,0,-0.9164135909,0
0,-0.6981,0,1.5708,0,-0.9180545359,0
0,-0.6981,0,1.5708,0,-0.919691517,0
0,-0.6981,0,1.5708,0,-0.9213245326,0
0,-0.6981,0,1.5708,0,-0.9229535813,0
0,-0.6981,0,1.5708,0,-0.9245786619,0
0,-0.6981,0,1.5708,0,-0.9261997728,0
0,-0.6981,0,1.5708,0,-0.9278169129,0
0,-0.6981,0,1.5708,0,-0.9294300808,0
0,-0.6981,0,1.5708,0,-0.9310392753,0
0,-0.6981,0,1.5708,0,-0.9326444953,0
0,-0.6981,0,1.5708,0,-0.9342457396,0
0,-0.6981,0,1.5708,0,-0.9358430071,0
0,-0.6981,0,1.5708,0,-0.9374362967,0
0,-0.6981,0,1.5708,0,-0.9390256074,0
0,-0.6981,0,1.5708,0,-0.9406109382,0
0,-0.6981,0,1.5708,0,-0.9421922882,0
0,-0.6981,0,1.5708,0,-0.9437696564,0
0,-0.6981,0,1.5708,0,-0.945343042,0
0,-0.6981,0,1.5708,0,-0.9469124441,0
0,-0.6981,0,1.5708,0,-0.948477862,0
0,-0.6981,0,1.5708,0,-0.9500392948,0
0,-0.6981,0,1.5708,0,-0.951596742,0
0,-0.6981,0,1.5708,0,-0.9531502027,0
0,-0.6981,0,1.5708,0,-0.9546996764,0
0,-0.6981,0,1.5708,0,-0.9562451625,0
0,-0.6981,0,1.5708,0,-0.9577866603,0
0,-0.6981,0,1.5708,0,-0.9593241695,0
0,-0.6981,0,1.5708,0,-0.9608576894,0
0,-0.6981,0,1.5708,0,-0.9623872197,0
0,-0.6981,0,1.5708,0,-0.9639127599,0
0,-0.6981,0,1.5708,0,-0.9654343097,0
0,-0.6981,0,1.5708,0,-0.9669518687,0
0,-0.6981,0,1.5708,0,-0.9684654367,0
0,-0.6981,0,1.5708,0,-0.9699750134,0
0,-0.6981,0,1.5708,0,-0.9714805985,0
0,-0.6981,0,1.5708,0,-0.972982192,0
0,-0.6981,0,1.5708,0,-0.9744797937,0
0,-0.6981,0,1.5708,0,-0.9759734034,0
0,-0.6981,0,1.5708,0,-0.9774630212,0
0,-0.6981,0,1.5708,0,-0.978948647,0
0,-0.6981,0,1.5708,0,-0.9804302807,0
0,-0.6981,0,1.5708,0,-0.9819079226,0
0,-0.6981,0,1.5708,0,-0.9833815726,0
0,-0.6981,0,1.5708,0,-0.9848512309,0
0,-0.6981,0,1.5708,0,-0.9863168977,0
0,-0.6981,0,1.5708,0,-0.9877785732,0
0,-0.6981,0,1.5708,0,-0.9892362576,0
0,-0.6981,0,1.5708,0,-0.9906899512,0
0,-0.6981,0,1.5708,0,-0.9921396543,0
0,-0.6981,0,1.5708,0,-0.9935853673,0
0,-0.6981,0,1.5708,0,-0.9950270906,0
0,-0.6981,0,1.5708,0,-0.9964648246,0
0,-0.6981,0,1.5708,0,-0.9978985699,0
0,-0.6981,0,1.5708,0,-0.9993283268,0
0,-0.6981,0,1.5708,0,-1.000754096,0
0,-0.6981,0,1.5708,0,-1.002175878,0
0,-0.6981,0,1.5708,0,-1.003593674,0
0,-0.6981,0,1.5708,0,-1.005007483,0
0,-0.6981,0,1.5708,0,-1.006417308,0
0,-0.6981,0,1.5708,0,-1.007823148,0
0,-0.6981,0,1.5708,0,-1.009225004,0
0,-0.6981,0,1.5708,0,-1.010622878,0
0,-0.6981,0,1.5708,0,-1.01201677,0
0,-0.6981,0,1.5708,0,-1.01340668,0
0,-0.6981,0,1.5708,0,-1.014792611,0
0,-0.6981,0,1.5708,0,-1.016174562,0
0,-0.6981,0,1.5708,0,-1.017552535,0
0,-0.6981,0,1.5708,0,-1.018926531,0
0,-0.6981,0,1.5708,0,-1.02029655,0
0,-0.6981,0,1.5708,0,-1.021662595,0
0,-0.6981,0,1.5708,0,-1.023024666,0
0,-0.6981,0,1.5708,0,-1.024382765,0
0,-0.6981,0,1.5708,0,-1.025736891,0
0,-0.6981,0,1.5708,0,-1.027087048,0
0,-0.6981,0,1.5708,0,-1.028433236,0
0,-0.6981,0,1.5708,0,-1.029775456,0
0,-0.6981,0,1.5708,0,-1.031113711,0
0,-0.6981,0,1.5708,0,-1.032448,0
0,-0.6981,0,1.5708,0,-1.033778326,0
0,-0.6981,0,1.5708,0,-1.03510469,0
0,-0.6981,0,1.5708,0,-1.036427094,0
0,-0.6981,0,1.5708,0,-1.03774554,0
0,-0.6981,0,1.5708,0,-1.039060028,0
0,-0.6981,0,1.5708,0,-1.04037056,0
0,-0.6981,0,1.5708,0,-1.041677139,0
0,-0.6981,0,1.5708,0,-1.042979766,0
0,-0.6981,0,1.5708,0,-1.044278442,0
0,-0.6981,0,1.5708,0,-1.045573169,0
0,-0.6981,0,1.5708,0,-1.04686395,0
0,-0.6981,0,1.5708,0,-1.048150785,0
0,-0.6981,0,1.5708,0,-1.049433678,0
0,-0.6981,0,1.5708,0,-1.050712629,0
0,-0.6981,0,1.5708,0,-1.051987641,0
0,-0.6981,0,1.5708,0,-1.053258715,0
0,-0.6981,0,1.5708,0,-1.054525855,0
0,-0.6981,0,1.5708,0,-1.055789061,0
0,-0.6981,0,1.5708,0,-1.057048336,0
0,-0.6981,0,1.5708,0,-1.058303682,0
0,-0.6981,0,1.5708,0,-1.059555101,0
0,-0.6981,0,1.5708,0,-1.060802596,0
0,-0.6981,0,1.5708,0,-1.062046168,0
0,-0.6981,0,1.5708,0,-1.06328582,0
0,-0.6981,0,1.5708,0,-1.064521554,0
0,-0.6981,0,1.5708,0,-1.065753373,0
0,-0.6981,0,1.5708,0,-1.066981279,0
0,-0.6981,0,1.5708,0,-1.068205274,0
0,-0.6981,0,1.5708,0,-1.069425361,0
0,-0.6981,0,1.5708,0,-1.070641543,0
0,-0.6981,0,1.5708,0,-1.071853821,0
0,-0.6981,0,1.5708,0,-1.073062198,0
0,-0.6981,0,1.5708,0,-1.074266677,0
0,-0.6981,0,1.5708,0,-1.075467261,0
0,-0.6981,0,1.5708,0,-1.076663952,0
0,-0.6981,0,1.5708,0,-1.077856753,0
0,-0.6981,0,1.5708,0,-1.079045666,0
0,-0.6981,0,1.5708,0,-1.080230695,0
0,-0.6981,0,1.5708,0,-1.081411842,0
0,-0.6981,0,1.5708,0,-1.08258911,0
0,-0.6981,0,1.5708,0,-1.083762502,0
0,-0.6981,0,1.5708,0,-1.08493202,0
0,-0.6981,0,1.5708,0,-1.086097668,0
0,-0.6981,0,1.5708,0,-1.087259449,0
0,-0.6981,0,1.5708,0,-1.088417366,0
0,-0.6981,0,1.5708,0,-1.089571421,0
0,-0.6981,0,1.5708,0,-1.090721618,0
0,-0.6981,0,1.5708,0,-1.091867959,0
0,-0.6981,0,1.5708,0,-1.093010449,0
0,-0.6981,0,1.5708,0,-1.09414909,0
0,-0.6981,0,1.5708,0,-1.095283885,0
0,-0.6981,0,1.5708,0,-1.096414838,0
0,-0.6981,0,1.5708,0,-1.097541951,0
0,-0.6981,0,1.5708,0,-1.098665229,0
0,-0.6981,0,1.5708,0,-1.099784674,0
0,-0.6981,0,1.5708,0,-1.10090029,0
0,-0.6981,0,1.5708,0,-1.10201208,0
0,-0.6981,0,1.5708,0,-1.103120047,0
0,-0.6981,0,1.5708,0,-1.104224196,0
0,-0.6981,0,1.5708,0,-1.10532453,0
0,-0.6981,0,1.5708,0,-1.106421051,0
0,-0.6981,0,1.5708,0,-1.107513764,0
0,-0.6981,0,1.5708,0,-1.108602673,0
0,-0.6981,0,1.5708,0,-1.10968778,0
0,-0.6981,0,1.5708,0,-1.11076909,0
0,-0.6981,0,1.5708,0,-1.111846606,0
0,-0.6981,0,1.5708,0,-1.112920332,0
0,-0.6981,0,1.5708,0,-1.113990272,0
0,-0.6981,0,1.5708,0,-1.11505643,0
0,-0.6981,0,1.5708,0,-1.116118808,0
0,-0.6981,0,1.5708,0,-1.117177412,0
0,-0.6981,0,1.5708,0,-1.118232245,0
0,-0.6981,0,1.5708,0,-1.119283311,0
0,-0.6981,0,1.5708,0,-1.120330614,0
0,-0.6981,0,1.5708,0,-1.121374158,0
0,-0.6981,0,1.5708,0,-1.122413947,0
0,-0.6981,0,1.5708,0,-1.123449984,0
0,-0.6981,0,1.5708,0,-1.124482275,0
0,-0.6981,0,1.5708,0,-1.125510822,0
0,-0.6981,0,1.5708,0,-1.126535631,0
0,-0.6981,0,1.5708,0,-1.127556706,0
0,-0.6981,0,1.5708,0,-1.12857405,0
0,-0.6981,0,1.5708,0,-1.129587667,0
0,-0.6981,0,1.5708,0,-1.130597563,0
0,-0.6981,0,1.5708,0,-1.131603741,0
0,-0.6981,0,1.5708,0,-1.132606206,0
0,-0.6981,0,1.5708,0,-1.133604962,0
0,-0.6981,0,1.5708,0,-1.134600013,0
0,-0.6981,0,1.5708,0,-1.135591364,0
0,-0.6981,0,1.5708,0,-1.13657902,0
0,-0.6981,0,1.5708,0,-1.137562984,0
0,-0.6981,0,1.5708,0,-1.138543261,0
0,-0.6981,0,1.5708,0,-1.139519856,0
0,-0.6981,0,1.5708,0,-1.140492773,0
0,-0.6981,0,1.5708,0,-1.141462017,0
0,-0.6981,0,1.5708,0,-1.142427593,0
0,-0.6981,0,1.5708,0,-1.143389504,0
0,-0.6981,0,1.5708,0,-1.144347757,0
0,-0.6981,0,1.5708,0,-1.145302355,0
0,-0.6981,0,1.5708,0,-1.146253303,0
0,-0.6981,0,1.5708,0,-1.147200606,0
0,-0.6981,0,1.5708,0,-1.148144269,0
0,-0.6981,0,1.5708,0,-1.149084296,0
0,-0.6981,0,1.5708,0,-1.150020693,0
0,-0.6981,0,1.5708,0,-1.150953464,0
0,-0.6981,0,1.5708,0,-1.151882615,0
0,-0.6981,0,1.5708,0,-1.152808149,0
0,-0.6981,0,1.5708,0,-1.153730073,0
0,-0.6981,0,1.5708,0,-1.154648391,0
0,-0.6981,0,1.5708,0,-1.155563108,0
0,-0.6981,0,1.5708,0,-1.156474229,0
0,-0.6981,0,1.5708,0,-1.157381759,0
0,-0.6981,0,1.5708,0,-1.158285704,0
0,-0.6981,0,1.5708,0,-1.159186068,0
0,-0.6981,0,1.5708,0,-1.160082857,0
0,-0.6981,0,1.5708,0,-1.160976075,0
0,-0.6981,0,1.5708,0,-1.161865729,0
0,-0.6981,0,1.5708,0,-1.162751822,0
0,-0.6981,0,1.5708,0,-1.163634362,0
0,-0.6981,0,1.5708,0,-1.164513352,0
0,-0.6981,0,1.5708,0,-1.165388798,0
0,-0.6981,0,1.5708,0,-1.166260706,0
0,-0.6981,0,1.5708,0,-1.16712908,0
0,-0.6981,0,1.5708,0,-1.167993927,0
0,-0.6981,0,1.5708,0,-1.168855251,0
0,-0.6981,0,1.5708,0,-1.169713059,0
0,-0.6981,0,1.5708,0,-1.170567355,0
0,-0.6981,0,1.5708,0,-1.171418145,0
0,-0.6981,0,1.5708,0,-1.172265435,0
0,-0.6981,0,1.5708,0,-1.17310923,0
0,-0.6981,0,1.5708,0,-1.173949536,0
0,-0.6981,0,1.5708,0,-1.174786358,0
0,-0.6981,0,1.5708,0,-1.175619702,0
0,-0.6981,0,1.5708,0,-1.176449574,0
0,-0.6981,0,1.5708,0,-1.177275979,0
0,-0.6981,0,1.5708,0,-1.178098923,0
0,-0.6981,0,1.5708,0,-1.178918412,0
0,-0.6981,0,1.5708,0,-1.179734452,0
0,-0.6981,0,1.5708,0,-1.180547048,0
0,-0.6981,0,1.5708,0,-1.181356206,0
0,-0.6981,0,1.5708,0,-1.182161932,0
0,-0.6981,0,1.5708,0,-1.182964232,0
0,-0.6981,0,1.5708,0,-1.183763112,0
0,-0.6981,0,1.5708,0,-1.184558577,0
0,-0.6981,0,1.5708,0,-1.185350634,0
0,-0.6981,0,1.5708,0,-1.186139288,0
0,-0.6981,0,1.5708,0,-1.186924546,0
0,-0.6981,0,1.5708,0,-1.187706414,0
0,-0.6981,0,1.5708,0,-1.188484897,0
0,-0.6981,0,1.5708,0,-1.189260002,0
0,-0.6981,0,1.5708,0,-1.190031734,0
0,-0.6981,0,1.5708,0,-1.1908001,0
0,-0.6981,0,1.5708,0,-1.191565106,0
0,-0.6981,0,1.5708,0,-1.192326758,0
0,-0.6981,0,1.5708,0,-1.193085063,0
0,-0.6981,0,1.5708,0,-1.193840025,0
0,-0.6981,0,1.5708,0,-1.194591653,0
0,-0.6981,0,1.5708,0,-1.195339951,0
0,-0.6981,0,1.5708,0,-1.196084927,0
0,-0.6981,0,1.5708,0,-1.196826585,0
0,-0.6981,0,1.5708,0,-1.197564934,0
0,-0.6981,0,1.5708,0,-1.198299979,0
0,-0.6981,0,1.5708,0,-1.199031726,0
0,-0.6981,0,1.5708,0,-1.199760182,0
0,-0.6981,0,1.5708,0,-1.200485353,0
0,-0.6981,0,1.5708,0,-1.201207245,0
0,-0.6981,0,1.5708,0,-1.201925866,0
0,-0.6981,0,1.5708,0,-1.202641221,0
0,-0.6981,0,1.5708,0,-1.203353317,0
0,-0.6981,0,1.5708,0,-1.204062161,0
0,-0.6981,0,1.5708,0,-1.204767759,0
0,-0.6981,0,1.5708,0,-1.205470117,0
0,-0.6981,0,1.5708,0,-1.206169242,0
0,-0.6981,0,1.5708,0,-1.206865141,0
0,-0.6981,0,1.5708,0,-1.207557821,0
0,-0.6981,0,1.5708,0,-1.208247287,0
0,-0.6981,0,1.5708,0,-1.208933547,0
0,-0.6981,0,1.5708,0,-1.209616607,0
0,-0.6981,0,1.5708,0,-1.210296475,0
0,-0.6981,0,1.5708,0,-1.210973155,0
0,-0.6981,0,1.5708,0,-1.211646657,0
0,-0.6981,0,1.5708,0,-1.212316985,0
0,-0.6981,0,1.5708,0,-1.212984148,0
0,-0.6981,0,1.5708,0,-1.213648151,0
0,-0.6981,0,1.5708,0,-1.214309002,0
0,-0.6981,0,1.5708,0,-1.214966707,0
0,-0.6981,0,1.5708,0,-1.215621273,0
0,-0.6981,0,1.5708,0,-1.216272707,0
0,-0.6981,0,1.5708,0,-1.216921017,0
0,-0.6981,0,1.5708,0,-1.217566208,0
0,-0.6981,0,1.5708,0,-1.218208288,0
0,-0.6981,0,1.5708,0,-1.218847264,0
0,-0.6981,0,1.5708,0,-1.219483143,0
0,-0.6981,0,1.5708,0,-1.220115931,0
0,-0.6981,0,1.5708,0,-1.220745636,0
0,-0.6981,0,1.5708,0,-1.221372265,0
0,-0.6981,0,1.5708,0,-1.221995824,0
0,-0.6981,0,1.5708,0,-1.222616321,0
0,-0.6981,0,1.5708,0,-1.223233763,0
0,-0.6981,0,1.5708,0,-1.223848157,0
0,-0.6981,0,1.5708,0,-1.224459511,0
0,-0.6981,0,1.5708,0,-1.22506783,0
0,-0.6981,0,1.5708,0,-1.225673123,0
0,-0.6981,0,1.5708,0,-1.226275396,0
0,-0.6981,0,1.5708,0,-1.226874657,0
0,-0.6981,0,1.5708,0,-1.227470913,0
0,-0.6981,0,1.5708,0,-1.22806417,0
0,-0.6981,0,1.5708,0,-1.228654438,0
0,-0.6981,0,1.5708,0,-1.229241721,0
0,-0.6981,0,1.5708,0,-1.229826029,0
0,-0.6981,0,1.5708,0,-1.230407367,0
0,-0.6981,0,1.5708,0,-1.230985744,0
0,-0.6981,0,1.5708,0,-1.231561167,0
0,-0.6981,0,1.5708,0,-1.232133643,0
0,-0.6981,0,1.5708,0,-1.232703179,0
0,-0.6981,0,1.5708,0,-1.233269783,0
0,-0.6981,0,1.5708,0,-1.233833461,0
0,-0.6981,0,1.5708,0,-1.234394223,0
0,-0.6981,0,1.5708,0,-1.234952074,0
0,-0.6981,0,1.5708,0,-1.235507022,0
0,-0.6981,0,1.5708,0,-1.236059075,0
0,-0.6981,0,1.5708,0,-1.236608241,0
0,-0.6981,0,1.5708,0,-1.237154525,0
0,-0.6981,0,1.5708,0,-1.237697937,0
0,-0.6981,0,1.5708,0,-1.238238484,0
0,-0.6981,0,1.5708,0,-1.238776173,0
0,-0.6981,0,1.5708,0,-1.239311011,0
0,-0.6981,0,1.5708,0,-1.239843006,0
0,-0.6981,0,1.5708,0,-1.240372166,0
0,-0.6981,0,1.5708,0,-1.240898499,0
0,-0.6981,0,1.5708,0,-1.241422011,0
0,-0.6981,0,1.5708,0,-1.24194271,0
0,-0.6981,0,1.5708,0,-1.242460605,0
0,-0.6981,0,1.5708,0,-1.242975702,0
0,-0.6981,0,1.5708,0,-1.24348801,0
0,-0.6981,0,1.5708,0,-1.243997535,0
0,-0.6981,0,1.5708,0,-1.244504286,0
0,-0.6981,0,1.5708,0,-1.24500827,0
0,-0.6981,0,1.5708,0,-1.245509495,0
0,-0.6981,0,1.5708,0,-1.246007968,0
0,-0.6981,0,1.5708,0,-1.246503698,0
0,-0.6981,0,1.5708,0,-1.246996692,0
0,-0.6981,0,1.5708,0,-1.247486957,0
0,-0.6981,0,1.5708,0,-1.247974502,0
0,-0.6981,0,1.5708,0,-1.248459334,0
0,-0.6981,0,1.5708,0,-1.248941461,0
0,-0.6981,0,1.5708,0,-1.249420891,0
0,-0.6981,0,1.5708,0,-1.249897632,0
0,-0.6981,0,1.5708,0,-1.25037169,0
0,-0.6981,0,1.5708,0,-1.250843075,0
0,-0.6981,0,1.5708,0,-1.251311794,0
0,-0.6981,0,1.5708,0,-1.251777855,0
0,-0.6981,0,1.5708,0,-1.252241265,0
0,-0.6981,0,1.5708,0,-1.252702032,0
0,-0.6981,0,1.5708,0,-1.253160165,0
0,-0.6981,0,1.5708,0,-1.253615672,0
0,-0.6981,0,1.5708,0,-1.254068559,0
0,-0.6981,0,1.5708,0,-1.254518835,0
0,-0.6981,0,1.5708,0,-1.254966508,0
0,-0.6981,0,1.5708,0,-1.255411586,0
0,-0.6981,0,1.5708,0,-1.255854077,0
0,-0.6981,0,1.5708,0,-1.256293988,0
0,-0.6981,0,1.5708,0,-1.256731328,0
0,-0.6981,0,1.5708,0,-1.257166104,0
0,-0.6981,0,1.5708,0,-1.257598325,0
0,-0.6981,0,1.5708,0,-1.258027998,0
0,-0.6981,0,1.5708,0,-1.258455132,0
0,-0.6981,0,1.5708,0,-1.258879734,0
0,-0.6981,0,1.5708,0,-1.259301812,0
0,-0.6981,0,1.5708,0,-1.259721375,0
0,-0.6981,0,1.5708,0,-1.26013843,0
0,-0.6981,0,1.5708,0,-1.260552986,0
0,-0.6981,0,1.5708,0,-1.26096505,0
0,-0.6981,0,1.5708,0,-1.261374631,0
0,-0.6981,0,1.5708,0,-1.261781736,0
0,-0.6981,0,1.5708,0,-1.262186374,0
0,-0.6981,0,1.5708,0,-1.262588552,0
0,-0.6981,0,1.5708,0,-1.262988279,0
0,-0.6981,0,1.5708,0,-1.263385563,0
0,-0.6981,0,1.5708,0,-1.263780411,0
0,-0.6981,0,1.5708,0,-1.264172833,0
0,-0.6981,0,1.5708,0,-1.264562835,0
0,-0.6981,0,1.5708,0,-1.264950427,0
0,-0.6981,0,1.5708,0,-1.265335616,0
0,-0.6981,0,1.5708,0,-1.26571841,0
0,-0.6981,0,1.5708,0,-1.266098817,0
0,-0.6981,0,1.5708,0,-1.266476847,0
0,-0.6981,0,1.5708,0,-1.266852505,0
0,-0.6981,0,1.5708,0,-1.267225802,0
0,-0.6981,0,1.5708,0,-1.267596744,0
0,-0.6981,0,1.5708,0,-1.267965341,0
0,-0.6981,0,1.5708,0,-1.2683316,0
0,-0.6981,0,1.5708,0,-1.268695529,0
0,-0.6981,0,1.5708,0,-1.269057137,0
0,-0.6981,0,1.5708,0,-1.269416431,0
0,-0.6981,0,1.5708,0,-1.269773421,0
0,-0.6981,0,1.5708,0,-1.270128113,0
0,-0.6981,0,1.5708,0,-1.270480517,0
0,-0.6981,0,1.5708,0,-1.27083064,0
0,-0.6981,0,1.5708,0,-1.271178491,0
0,-0.6981,0,1.5708,0,-1.271524077,0
0,-0.6981,0,1.5708,0,-1.271867408,0
0,-0.6981,0,1.5708,0,-1.27220849,0
0,-0.6981,0,1.5708,0,-1.272547333,0
0,-0.6981,0,1.5708,0,-1.272883945,0
0,-0.6981,0,1.5708,0,-1.273218333,0
0,-0.6981,0,1.5708,0,-1.273550507,0
0,-0.6981,0,1.5708,0,-1.273880474,0
0,-0.6981,0,1.5708,0,-1.274208242,0
0,-0.6981,0,1.5708,0,-1.27453382,0
0,-0.6981,0,1.5708,0,-1.274857215,0
0,-0.6981,0,1.5708,0,-1.275178437,0
0,-0.6981,0,1.5708,0,-1.275497493,0
0,-0.6981,0,1.5708,0,-1.275814392,0
0,-0.6981,0,1.5708,0,-1.276129142,0
0,-0.6981,0,1.5708,0,-1.27644175,0
0,-0.6981,0,1.5708,0,-1.276752226,0
0,-0.6981,0,1.5708,0,-1.277060578,0
0,-0.6981,0,1.5708,0,-1.277366813,0
0,-0.6981,0,1.5708,0,-1.27767094,0
0,-0.6981,0,1.5708,0,-1.277972967,0
0,-0.6981,0,1.5708,0,-1.278272903,0
0,-0.6981,0,1.5708,0,-1.278570756,0
0,-0.6981,0,1.5708,0,-1.278866534,0
0,-0.6981,0,1.5708,0,-1.279160244,0
0,-0.6981,0,1.5708,0,-1.279451897,0
0,-0.6981,0,1.5708,0,-1.279741499,0
0,-0.6981,0,1.5708,0,-1.280029059,0
0,-0.6981,0,1.5708,0,-1.280314585,0
0,-0.6981,0,1.5708,0,-1.280598085,0
0,-0.6981,0,1.5708,0,-1.280879569,0
0,-0.6981,0,1.5708,0,-1.281159043,0
0,-0.6981,0,1.5708,0,-1.281436517,0
0,-0.6981,0,1.5708,0,-1.281711998,0
0,-0.6981,0,1.5708,0,-1.281985494,0
0,-0.6981,0,1.5708,0,-1.282257015,0
0,-0.6981,0,1.5708,0,-1.282526568,0
0,-0.6981,0,1.5708,0,-1.282794161,0
0,-0.6981,0,1.5708,0,-1.283059803,0
0,-0.6981,0,1.5708,0,-1.283323501,0
0,-0.6981,0,1.5708,0,-1.283585265,0
0,-0.6981,0,1.5708,0,-1.283845102,0
0,-0.6981,0,1.5708,0,-1.284103021,0
0,-0.6981,0,1.5708,0,-1.28435903,0
0,-0.6981,0,1.5708,0,-1.284613137,0
0,-0.6981,0,1.5708,0,-1.28486535,0
0,-0.6981,0,1.5708,0,-1.285115678,0
0,-0.6981,0,1.5708,0,-1.285364128,0
0,-0.6981,0,1.5708,0,-1.285610709,0
0,-0.6981,0,1.5708,0,-1.28585543,0
0,-0.6981,0,1.5708,0,-1.286098298,0
0,-0.6981,0,1.5708,0,-1.286339322,0
0,-0.6981,0,1.5708,0,-1.286578509,0
0,-0.6981,0,1.5708,0,-1.286815868,0
0,-0.6981,0,1.5708,0,-1.287051408,0
0,-0.6981,0,1.5708,0,-1.287285136,0
0,-0.6981,0,1.5708,0,-1.287517061,0
0,-0.6981,0,1.5708,0,-1.287747191,0
0,-0.6981,0,1.5708,0,-1.287975534,0
0,-0.6981,0,1.5708,0,-1.288202098,0
0,-0.6981,0,1.5708,0,-1.288426891,0
0,-0.6981,0,1.5708,0,-1.288649922,0
0,-0.6981,0,1.5708,0,-1.288871198,0
0,-0.6981,0,1.5708,0,-1.289090729,0
0,-0.6981,0,1.5708,0,-1.289308521,0
0,-0.6981,0,1.5708,0,-1.289524584,0
0,-0.6981,0,1.5708,0,-1.289738925,0
0,-0.6981,0,1.5708,0,-1.289951553,0
0,-0.6981,0,1.5708,0,-1.290162475,0
0,-0.6981,0,1.5708,0,-1.2903717,0
0,-0.6981,0,1.5708,0,-1.290579236,0
0,-0.6981,0,1.5708,0,-1.290785091,0
0,-0.6981,0,1.5708,0,-1.290989273,0
0,-0.6981,0,1.5708,0,-1.291191791,0
0,-0.6981,0,1.5708,0,-1.291392652,0
0,-0.6981,0,1.5708,0,-1.291591864,0
0,-0.6981,0,1.5708,0,-1.291789436,0
0,-0.6981,0,1.5708,0,-1.291985376,0
0,-0.6981,0,1.5708,0,-1.292179691,0
0,-0.6981,0,1.5708,0,-1.29237239,0
0,-0.6981,0,1.5708,0,-1.292563481,0
0,-0.6981,0,1.5708,0,-1.292752972,0
0,-0.6981,0,1.5708,0,-1.292940871,0
0,-0.6981,0,1.5708,0,-1.293127186,0
0,-0.6981,0,1.5708,0,-1.293311925,0
0,-0.6981,0,1.5708,0,-1.293495096,0
0,-0.6981,0,1.5708,0,-1.293676707,0
0,-0.6981,0,1.5708,0,-1.293856767,0
0,-0.6981,0,1.5708,0,-1.294035282,0
0,-0.6981,0,1.5708,0,-1.294212262,0
0,-0.6981,0,1.5708,0,-1.294387714,0
0,-0.6981,0,1.5708,0,-1.294561646,0
0,-0.6981,0,1.5708,0,-1.294734066,0
0,-0.6981,0,1.5708,0,-1.294904982,0
0,-0.6981,0,1.5708,0,-1.295074402,0
0,-0.6981,0,1.5708,0,-1.295242334,0
0,-0.6981,0,1.5708,0,-1.295408786,0
0,-0.6981,0,1.5708,0,-1.295573766,0
0,-0.6981,0,1.5708,0,-1.295737281,0
0,-0.6981,0,1.5708,0,-1.29589934,0
0,-0.6981,0,1.5708,0,-1.296059951,0
0,-0.6981,0,1.5708,0,-1.296219121,0
0,-0.6981,0,1.5708,0,-1.296376859,0
0,-0.6981,0,1.5708,0,-1.296533171,0
0,-0.6981,0,1.5708,0,-1.296688067,0
0,-0.6981,0,1.5708,0,-1.296841553,0
0,-0.6981,0,1.5708,0,-1.296993639,0
0,-0.6981,0,1.5708,0,-1.29714433,0
0,-0.6981,0,1.5708,0,-1.297293637,0
0,-0.6981,0,1.5708,0,-1.297441565,0
0,-0.6981,0,1.5708,0,-1.297588123,0
0,-0.6981,0,1.5708,0,-1.29773332,0
0,-0.6981,0,1.5708,0,-1.297877161,0
0,-0.6981,0,1.5708,0,-1.298019656,0
0,-0.6981,0,1.5708,0,-1.298160812,0
0,-0.6981,0,1.5708,0,-1.298300637,0
0,-0.6981,0,1.5708,0,-1.298439139,0
0,-0.6981,0,1.5708,0,-1.298576324,0
0,-0.6981,0,1.5708,0,-1.298712202,0
0,-0.6981,0,1.5708,0,-1.298846779,0
0,-0.6981,0,1.5708,0,-1.298980064,0
0,-0.6981,0,1.5708,0,-1.299112063,0
0,-0.6981,0,1.5708,0,-1.299242785,0
0,-0.6981,0,1.5708,0,-1.299372238,0
0,-0.6981,0,1.5708,0,-1.299500428,0
0,-0.6981,0,1.5708,0,-1.299627364,0
0,-0.6981,0,1.5708,0,-1.299753053,0
0,-0.6981,0,1.5708,0,-1.299877503,0
0,-0.6981,0,1.5708,0,-1.300000721,0
0,-0.6981,0,1.5708,0,-1.300122715,0
0,-0.6981,0,1.5708,0,-1.300243493,0
0,-0.6981,0,1.5708,0,-1.300363061,0
0,-0.6981,0,1.5708,0,-1.300481428,0
0,-0.6981,0,1.5708,0,-1.300598601,0
0,-0.6981,0,1.5708,0,-1.300714588,0
0,-0.6981,0,1.5708,0,-1.300829395,0
0,-0.6981,0,1.5708,0,-1.300943031,0
0,-0.6981,0,1.5708,0,-1.301055503,0
0,-0.6981,0,1.5708,0,-1.301166818,0
0,-0.6981,0,1.5708,0,-1.301276984,0
0,-0.6981,0,1.5708,0,-1.301386008,0
0,-0.6981,0,1.5708,0,-1.301493898,0
0,-0.6981,0,1.5708,0,-1.301600661,0
0,-0.6981,0,1.5708,0,-1.301706304,0
0,-0.6981,0,1.5708,0,-1.301810835,0
0,-0.6981,0,1.5708,0,-1.30191426,0
0,-0.6981,0,1.5708,0,-1.302016589,0
0,-0.6981,0,1.5708,0,-1.302117826,0
0,-0.6981,0,1.5708,0,-1.302217981,0
0,-0.6981,0,1.5708,0,-1.30231706,0
0,-0.6981,0,1.5708,0,-1.302415071,0
0,-0.6981,0,1.5708,0,-1.30251202,0
0,-0.6981,0,1.5708,0,-1.302607915,0
0,-0.6981,0,1.5708,0,-1.302702763,0
0,-0.6981,0,1.5708,0,-1.302796572,0
0,-0.6981,0,1.5708,0,-1.302889348,0
0,-0.6981,0,1.5708,0,-1.302981099,0
0,-0.6981,0,1.5708,0,-1.303071832,0
0,-0.6981,0,1.5708,0,-1.303161554,0
0,-0.6981,0,1.5708,0,-1.303250271,0
0,-0.6981,0,1.5708,0,-1.303337992,0
0,-0.6981,0,1.5708,0,-1.303424724,0
0,-0.6981,0,1.5708,0,-1.303510472,0
0,-0.6981,0,1.5708,0,-1.303595245,0
0,-0.6981,0,1.5708,0,-1.303679049,0
0,-0.6981,0,1.5708,0,-1.303761892,0
0,-0.6981,0,1.5708,0,-1.30384378,0
0,-0.6981,0,1.5708,0,-1.30392472,0
0,-0.6981,0,1.5708,0,-1.30400472,0
0,-0.6981,0,1.5708,0,-1.304083786,0
0,-0.6981,0,1.5708,0,-1.304161925,0
0,-0.6981,0,1.5708,0,-1.304239144,0
0,-0.6981,0,1.5708,0,-1.30431545,0
0,-0.6981,0,1.5708,0,-1.30439085,0
0,-0.6981,0,1.5708,0,-1.30446535,0
0,-0.6981,0,1.5708,0,-1.304538958,0
0,-0.6981,0,1.5708,0,-1.304611681,0
0,-0.6981,0,1.5708,0,-1.304683524,0
0,-0.6981,0,1.5708,0,-1.304754495,0
0,-0.6981,0,1.5708,0,-1.304824601,0
0,-0.6981,0,1.5708,0,-1.304893848,0
0,-0.6981,0,1.5708,0,-1.304962243,0
0,-0.6981,0,1.5708,0,-1.305029792,0
0,-0.6981,0,1.5708,0,-1.305096503,0
0,-0.6981,0,1.5708,0,-1.305162382,0
0,-0.6981,0,1.5708,0,-1.305227436,0
0,-0.6981,0,1.5708,0,-1.305291671,0
0,-0.6981,0,1.5708,0,-1.305355094,0
0,-0.6981,0,1.5708,0,-1.305417712,0
0,-0.6981,0,1.5708,0,-1.30547953,0
0,-0.6981,0,1.5708,0,-1.305540556,0
0,-0.6981,0,1.5708,0,-1.305600796,0
0,-0.6981,0,1.5708,0,-1.305660256,0
0,-0.6981,0,1.5708,0,-1.305718944,0
0,-0.6981,0,1.5708,0,-1.305776865,0
0,-0.6981,0,1.5708,0,-1.305834026,0
0,-0.6981,0,1.5708,0,-1.305890433,0
0,-0.6981,0,1.5708,0,-1.305946092,0
0,-0.6981,0,1.5708,0,-1.306001011,0
0,-0.6981,0,1.5708,0,-1.306055195,0
0,-0.6981,0,1.5708,0,-1.306108651,0
0,-0.6981,0,1.5708,0,-1.306161385,0
0,-0.6981,0,1.5708,0,-1.306213403,0
0,-0.6981,0,1.5708,0,-1.306264712,0
0,-0.6981,0,1.5708,0,-1.306315318,0
0,-0.6981,0,1.5708,0,-1.306365226,0
0,-0.6981,0,1.5708,0,-1.306414444,0
0,-0.6981,0,1.5708,0,-1.306462977,0
0,-0.6981,0,1.5708,0,-1.306510831,0
0,-0.6981,0,1.5708,0,-1.306558013,0
0,-0.6981,0,1.5708,0,-1.306604529,0
0,-0.6981,0,1.5708,0,-1.306650385,0
0,-0.6981,0,1.5708,0,-1.306695586,0
0,-0.6981,0,1.5708,0,-1.30674014,0
0,-0.6981,0,1.5708,0,-1.306784051,0
0,-0.6981,0,1.5708,0,-1.306827327,0
0,-0.6981,0,1.5708,0,-1.306869972,0
0,-0.6981,0,1.5708,0,-1.306911993,0
0,-0.6981,0,1.5708,0,-1.306953395,0
0,-0.6981,0,1.5708,0,-1.306994186,0
0,-0.6981,0,1.5708,0,-1.30703437,0
0,-0.6981,0,1.5708,0,-1.307073953,0
0,-0.6981,0,1.5708,0,-1.307112941,0
0,-0.6981,0,1.5708,0,-1.307151341,0
0,-0.6981,0,1.5708,0,-1.307189157,0
0,-0.6981,0,1.5708,0,-1.307226396,0
0,-0.6981,0,1.5708,0,-1.307263063,0
0,-0.6981,0,1.5708,0,-1.307299164,0
0,-0.6981,0,1.5708,0,-1.307334704,0
0,-0.6981,0,1.5708,0,-1.30736969,0
0,-0.6981,0,1.5708,0,-1.307404127,0
0,-0.6981,0,1.5708,0,-1.30743802,0
0,-0.6981,0,1.5708,0,-1.307471376,0
0,-0.6981,0,1.5708,0,-1.307504199,0
0,-0.6981,0,1.5708,0,-1.307536496,0
0,-0.6981,0,1.5708,0,-1.307568271,0
0,-0.6981,0,1.5708,0,-1.307599531,0
0,-0.6981,0,1.5708,0,-1.30763028,0
0,-0.6981,0,1.5708,0,-1.307660524,0
0,-0.6981,0,1.5708,0,-1.307690269,0
0,-0.6981,0,1.5708,0,-1.30771952,0
0,-0.6981,0,1.5708,0,-1.307748282,0
0,-0.6981,0,1.5708,0,-1.307776561,0
0,-0.6981,0,1.5708,0,-1.307804362,0
0,-0.6981,0,1.5708,0,-1.30783169,0
0,-0.6981,0,1.5708,0,-1.30785855,0
0,-0.6981,0,1.5708,0,-1.307884949,0
0,-0.6981,0,1.5708,0,-1.30791089,0
0,-0.6981,0,1.5708,0,-1.307936379,0
0,-0.6981,0,1.5708,0,-1.307961422,0
0,-0.6981,0,1.5708,0,-1.307986023,0
0,-0.6981,0,1.5708,0,-1.308010187,0
0,-0.6981,0,1.5708,0,-1.308033921,0
0,-0.6981,0,1.5708,0,-1.308057227,0
0,-0.6981,0,1.5708,0,-1.308080113,0
0,-0.6981,0,1.5708,0,-1.308102582,0
0,-0.6981,0,1.5708,0,-1.30812464,0
0,-0.6981,0,1.5708,0,-1.308146291,0
0,-0.6981,0,1.5708,0,-1.308167541,0
0,-0.6981,0,1.5708,0,-1.308188395,0
0,-0.6981,0,1.5708,0,-1.308208856,0
0,-0.6981,0,1.5708,0,-1.308228931,0
0,-0.6981,0,1.5708,0,-1.308248624,0
0,-0.6981,0,1.5708,0,-1.308267939,0
0,-0.6981,0,1.5708,0,-1.308286882,0
0,-0.6981,0,1.5708,0,-1.308305457,0
0,-0.6981,0,1.5708,0,-1.308323669,0
0,-0.6981,0,1.5708,0,-1.308341523,0
0,-0.6981,0,1.5708,0,-1.308359023,0
0,-0.6981,0,1.5708,0,-1.308376174,0
0,-0.6981,0,1.5708,0,-1.30839298,0
0,-0.6981,0,1.5708,0,-1.308409446,0
0,-0.6981,0,1.5708,0,-1.308425577,0
0,-0.6981,0,1.5708,0,-1.308441377,0
0,-0.6981,0,1.5708,0,-1.30845685,0
0,-0.6981,0,1.5708,0,-1.308472001,0
0,-0.6981,0,1.5708,0,-1.308486835,0
0,-0.6981,0,1.5708,0,-1.308501356,0
0,-0.6981,0,1.5708,0,-1.308515567,0
0,-0.6981,0,1.5708,0,-1.308529475,0
0,-0.6981,0,1.5708,0,-1.308543082,0
0,-0.6981,0,1.5708,0,-1.308556393,0
0,-0.6981,0,1.5708,0,-1.308569413,0
0,-0.6981,0,1.5708,0,-1.308582146,0
0,-0.6981,0,1.5708,0,-1.308594595,0
0,-0.6981,0,1.5708,0,-1.308606765,0
0,-0.6981,0,1.5708,0,-1.30861866,0
0,-0.6981,0,1.5708,0,-1.308630285,0
0,-0.6981,0,1.5708,0,-1.308641643,0
0,-0.6981,0,1.5708,0,-1.308652738,0
0,-0.6981,0,1.5708,0,-1.308663575,0
0,-0.6981,0,1.5708,0,-1.308674157,0
0,-0.6981,0,1.5708,0,-1.308684489,0
0,-0.6981,0,1.5708,0,-1.308694573,0
0,-0.6981,0,1.5708,0,-1.308704416,0
0,-0.6981,0,1.5708,0,-1.308714019,0
0,-0.6981,0,1.5708,0,-1.308723387,0
0,-0.6981,0,1.5708,0,-1.308732524,0
0,-0.6981,0,1.5708,0,-1.308741434,0
0,-0.6981,0,1.5708,0,-1.30875012,0
0,-0.6981,0,1.5708,0,-1.308758586,0
0,-0.6981,0,1.5708,0,-1.308766835,0
0,-0.6981,0,1.5708,0,-1.308774873,0
0,-0.6981,0,1.5708,0,-1.308782701,0
0,-0.6981,0,1.5708,0,-1.308790324,0
0,-0.6981,0,1.5708,0,-1.308797745,0
0,-0.6981,0,1.5708,0,-1.308804969,0
0,-0.6981,0,1.5708,0,-1.308811997,0
0,-0.6981,0,1.5708,0,-1.308818835,0
0,-0.6981,0,1.5708,0,-1.308825485,0
0,-0.6981,0,1.5708,0,-1.30883195,0
0,-0.6981,0,1.5708,0,-1.308838235,0
0,-0.6981,0,1.5708,0,-1.308844342,0
0,-0.6981,0,1.5708,0,-1.308850276,0
0,-0.6981,0,1.5708,0,-1.308856038,0
0,-0.6981,0,1.5708,0,-1.308861633,0
0,-0.6981,0,1.5708,0,-1.308867064,0
0,-0.6981,0,1.5708,0,-1.308872333,0
0,-0.6981,0,1.5708,0,-1.308877445,0
0,-0.6981,0,1.5708,0,-1.308882402,0
0,-0.6981,0,1.5708,0,-1.308887208,0
0,-0.6981,0,1.5708,0,-1.308891865,0
0,-0.6981,0,1.5708,0,-1.308896376,0
0,-0.6981,0,1.5708,0,-1.308900746,0
0,-0.6981,0,1.5708,0,-1.308904976,0
0,-0.6981,0,1.5708,0,-1.308909069,0
0,-0.6981,0,1.5708,0,-1.30891303,0
0,-0.6981,0,1.5708,0,-1.308916859,0
0,-0.6981,0,1.5708,0,-1.308920561,0
0,-0.6981,0,1.5708,0,-1.308924139,0
0,-0.6981,0,1.5708,0,-1.308927594,0
0,-0.6981,0,1.5708,0,-1.30893093,0
0,-0.6981,0,1.5708,0,-1.30893415,0
0,-0.6981,0,1.5708,0,-1.308937256,0
0,-0.6981,0,1.5708,0,-1.308940251,0
0,-0.6981,0,1.5708,0,-1.308943137,0
0,-0.6981,0,1.5708,0,-1.308945918,0
0,-0.6981,0,1.5708,0,-1.308948596,0
0,-0.6981,0,1.5708,0,-1.308951173,0
0,-0.6981,0,1.5708,0,-1.308953653,0
0,-0.6981,0,1.5708,0,-1.308956037,0
0,-0.6981,0,1.5708,0,-1.308958327,0
0,-0.6981,0,1.5708,0,-1.308960528,0
0,-0.6981,0,1.5708,0,-1.30896264,0
0,-0.6981,0,1.5708,0,-1.308964666,0
0,-0.6981,0,1.5708,0,-1.308966609,0
0,-0.6981,0,1.5708,0,-1.30896847,0
0,-0.6981,0,1.5708,0,-1.308970253,0
0,-0.6981,0,1.5708,0,-1.308971959,0
0,-0.6981,0,1.5708,0,-1.308973591,0
0,-0.6981,0,1.5708,0,-1.308975151,0
0,-0.6981,0,1.5708,0,-1.30897664,0
0,-0.6981,0,1.5708,0,-1.308978062,0
0,-0.6981,0,1.5708,0,-1.308979418,0
0,-0.6981,0,1.5708,0,-1.30898071,0
0,-0.6981,0,1.5708,0,-1.30898194,0
0,-0.6981,0,1.5708,0,-1.30898311,0
0,-0.6981,0,1.5708,0,-1.308984223,0
0,-0.6981,0,1.5708,0,-1.30898528,0
0,-0.6981,0,1.5708,0,-1.308986283,0
0,-0.6981,0,1.5708,0,-1.308987234,0
0,-0.6981,0,1.5708,0,-1.308988134,0
0,-0.6981,0,1.5708,0,-1.308988986,0
0,-0.6981,0,1.5708,0,-1.308989792,0
0,-0.6981,0,1.5708,0,-1.308990552,0
0,-0.6981,0,1.5708,0,-1.308991269,0
0,-0.6981,0,1.5708,0,-1.308991945,0
0,-0.6981,0,1.5708,0,-1.30899258,0
0,-0.6981,0,1.5708,0,-1.308993178,0
0,-0.6981,0,1.5708,0,-1.308993738,0
0,-0.6981,0,1.5708,0,-1.308994263,0
0,-0.6981,0,1.5708,0,-1.308994755,0
0,-0.6981,0,1.5708,0,-1.308995214,0
0,-0.6981,0,1.5708,0,-1.308995642,0
0,-0.6981,0,1.5708,0,-1.308996041,0
0,-0.6981,0,1.5708,0,-1.308996412,0
0,-0.6981,0,1.5708,0,-1.308996757,0
0,-0.6981,0,1.5708,0,-1.308997075,0
0,-0.6981,0,1.5708,0,-1.30899737,0
0,-0.6981,0,1.5708,0,-1.308997642,0
0,-0.6981,0,1.5708,0,-1.308997892,0
0,-0.6981,0,1.5708,0,-1.308998122,0
0,-0.6981,0,1.5708,0,-1.308998333,0
0,-0.6981,0,1.5708,0,-1.308998525,0
0,-0.6981,0,1.5708,0,-1.3089987,0
0,-0.6981,0,1.5708,0,-1.308998859,0
0,-0.6981,0,1.5708,0,-1.308999003,0
0,-0.6981,0,1.5708,0,-1.308999133,0
0,-0.6981,0,1.5708,0,-1.30899925,0
0,-0.6981,0,1.5708,0,-1.308999355,0
0,-0.6981,0,1.5708,0,-1.308999448,0
0,-0.6981,0,1.5708,0,-1.308999531,0
0,-0.6981,0,1.5708,0,-1.308999604,0
0,-0.6981,0,1.5708,0,-1.308999668,0
0,-0.6981,0,1.5708,0,-1.308999724,0
0,-0.6981,0,1.5708,0,-1.308999773,0
0,-0.6981,0,1.5708,0,-1.308999814,0
0,-0.6981,0,1.5708,0,-1.30899985,0
0,-0.6981,0,1.5708,0,-1.308999881,0
0,-0.6981,0,1.5708,0,-1.308999906,0
0,-0.6981,0,1.5708,0,-1.308999927,0
0,-0.6981,0,1.5708,0,-1.308999945,0
0,-0.6981,0,1.5708,0,-1.308999959,0
0,-0.6981,0,1.5708,0,-1.30899997,0
0,-0.6981,0,1.5708,0,-1.308999979,0
0,-0.6981,0,1.5708,0,-1.308999985,0
0,-0.6981,0,1.5708,0,-1.30899999,0
0,-0.6981,0,1.5708,0,-1.308999994,0
0,-0.6981,0,1.5708,0,-1.308999996,0
0,-0.6981,0,1.5708,0,-1.308999998,0
0,-0.6981,0,1.5708,0,-1.308999999,0
0,-0.6981,0,1.5708,0,-1.309,0
0,-0.6981,0,1.5708,0,-1.309,0
0,-0.6981,0,1.5708,0,-1.309,0
0,-0.6981,0,1.5708,0,-1.309,0
0,-0.6981,0,1.5708,0,-1.309,0
