0,0,0,0,0,0,0
0,0,0,0,0,0,1.037722063e-09
0,0,0,0,0,0,8.301767875e-09
0,0,0,0,0,0,2.801841803e-08
0,0,0,0,0,0,6.641386679e-08
0,0,0,0,0,0,1.29714179e-07
0,0,0,0,0,0,2.241452467e-07
0,0,0,0,0,0,3.559327465e-07
0,0,0,0,0,0,5.313020957e-07
0,0,0,0,0,0,7.564784096e-07
0,0,0,0,0,0,1.037686459e-06
0,0,0,0,0,0,1.381150624e-06
0,0,0,0,0,0,1.793094856e-06
0,0,0,0,0,0,2.279742631e-06
0,0,0,0,0,0,2.847316906e-06
0,0,0,0,0,0,3.502040078e-06
0,0,0,0,0,0,4.250133939e-06
0,0,0,0,0,0,5.097819635e-06
0,0,0,0,0,0,6.051317621e-06
0,0,0,0,0,0,7.116847619e-06
0,0,0,0,0,0,8.300628573e-06
0,0,0,0,0,0,9.60887861e-06
0,0,0,0,0,0,1.104781499e-05
0,0,0,0,0,0,1.262365407e-05
0,0,0,0,0,0,1.434261127e-05
0,0,0,0,0,0,1.621090098e-05
0,0,0,0,0,0,1.82347366e-05
0,0,0,0,0,0,2.042033043e-05
0,0,0,0,0,0,2.277389365e-05
0,0,0,0,0,0,2.530163627e-05
0,0,0,0,0,0,2.800976711e-05
0,0,0,0,0,0,3.090449372e-05
0,0,0,0,0,0,3.399202236e-05
0,0,0,0,0,0,3.727855797e-05
0,0,0,0,0,0,4.07703041e-05
0,0,0,0,0,0,4.447346287e-05
0,0,0,0,0,0,4.839423494e-05
0,0,0,0,0,0,5.253881947e-05
0,0,0,0,0,0,5.691341405e-05
0,0,0,0,0,0,6.152421469e-05
0,0,0,0,0,0,6.637741576e-05
0,0,0,0,0,0,7.147920996e-05
0,0,0,0,0,0,7.683578823e-05
0,0,0,0,0,0,8.245333978e-05
0,0,0,0,0,0,8.833805201e-05
0,0,0,0,0,0,9.449611044e-05
0,0,0,0,0,0,0.0001009336987
0,0,0,0,0,0,0.0001076569986
0,0,0,0,0,0,0.0001146721897
0,0,0,0,0,0,0.0001219854498
0,0,0,0,0,0,0.0001296029545
0,0,0,0,0,0,0.0001375308773
0,0,0,0,0,0,0.0001457753896
0,0,0,0,0,0,0.0001543426606
0,0,0,0,0,0,0.0001632388572
0,0,0,0,0,0,0.0001724701441
0,0,0,0,0,0,0.0001820426836
0,0,0,0,0,0,0.0001919626357
0,0,0,0,0,0,0.0002022361579
0,0,0,0,0,0,0.0002128694054
0,0,0,0,0,0,0.0002238685307
0,0,0,0,0,0,0.000235239684
0,0,0,0,0,0,0.0002469890126
0,0,0,0,0,0,0.0002591226616
0,0,0,0,0,0,0.0002716467731
0,0,0,0,0,0,0.0002845674866
0,0,0,0,0,0,0.0002978909389
0,0,0,0,0,0,0.0003116232639
0,0,0,0,0,0,0.0003257705927
0,0,0,0,0,0,0.0003403390537
0,0,0,0,0,0,0.000355334772
0,0,0,0,0,0,0.0003707638702
0,0,0,0,0,0,0.0003866324674
0,0,0,0,0,0,0.0004029466802
0,0,0,0,0,0,0.0004197126215
0,0,0,0,0,0,0.0004369364016
0,0,0,0,0,0,0.0004546241274
0,0,0,0,0,0,0.0004727819025
0,0,0,0,0,0,0.0004914158274
0,0,0,0,0,0,0.0005105319992
0,0,0,0,0,0,0.0005301365117
0,0,0,0,0,0,0.0005502354553
0,0,0,0,0,0,0.0005708349169
0,0,0,0,0,0,0.0005919409801
0,0,0,0,0,0,0.0006135597248
0,0,0,0,0,0,0.0006356972275
0,0,0,0,0,0,0.000658359561
0,0,0,0,0,0,0.0006815527944
0,0,0,0,0,0,0.0007052829934
0,0,0,0,0,0,0.0007295562195
0,0,0,0,0,0,0.000754378531
0,0,0,0,0,0,0.0007797559819
0,0,0,0,0,0,0.0008056946226
0,0,0,0,0,0,0.0008322004996
0,0,0,0,0,0,0.0008592796555
0,0,0,0,0,0,0.0008869381286
0,0,0,0,0,0,0.0009151819537
0,0,0,0,0,0,0.000944017161
0,0,0,0,0,0,0.0009734497771
0,0,0,0,0,0,0.001003485824
0,0,0,0,0,0,0.00103413132
0,0,0,0,0,0,0.001065392279
0,0,0,0,0,0,0.00109727471
0,0,0,0,0,0,0.001129784618
0,0,0,0,0,0,0.001162928005
0,0,0,0,0,0,0.001196710867
0,0,0,0,0,0,0.001231139195
0,0,0,0,0,0,0.001266218978
0,0,0,0,0,0,0.001301956199
0,0,0,0,0,0,0.001338356835
0,0,0,0,0,0,0.001375426861
0,0,0,0,0,0,0.001413172246
0,0,0,0,0,0,0.001451598955
0,0,0,0,0,0,0.001490712947
0,0,0,0,0,0,0.001530520177
0,0,0,0,0,0,0.001571026596
0,0,0,0,0,0,0.001612238149
0,0,0,0,0,0,0.001654160776
0,0,0,0,0,0,0.001696800413
0,0,0,0,0,0,0.001740162991
0,0,0,0,0,0,0.001784254435
0,0,0,0,0,0,0.001829080665
0,0,0,0,0,0,0.001874647598
0,0,0,0,0,0,0.001920961142
0,0,0,0,0,0,0.001968027204
0,0,0,0,0,0,0.002015851682
0,0,0,0,0,0,0.002064440473
0,0,0,0,0,0,0.002113799464
0,0,0,0,0,0,0.00216393454
0,0,0,0,0,0,0.002214851579
0,0,0,0,0,0,0.002266556455
0,0,0,0,0,0,0.002319055035
0,0,0,0,0,0,0.002372353181
0,0,0,0,0,0,0.002426456749
0,0,0,0,0,0,0.002481371592
0,0,0,0,0,0,0.002537103553
0,0,0,0,0,0,0.002593658473
0,0,0,0,0,0,0.002651042185
0,0,0,0,0,0,0.002709260519
0,0,0,0,0,0,0.002768319295
0,0,0,0,0,0,0.002828224332
0,0,0,0,0,0,0.002888981438
0,0,0,0,0,0,0.00295059642
0,0,0,0,0,0,0.003013075076
0,0,0,0,0,0,0.003076423198
0,0,0,0,0,0,0.003140646574
0,0,0,0,0,0,0.003205750985
0,0,0,0,0,0,0.003271742204
0,0,0,0,0,0,0.003338626
0,0,0,0,0,0,0.003406408135
0,0,0,0,0,0,0.003475094366
0,0,0,0,0,0,0.003544690442
0,0,0,0,0,0,0.003615202106
0,0,0,0,0,0,0.003686635095
0,0,0,0,0,0,0.003758995141
0,0,0,0,0,0,0.003832287966
0,0,0,0,0,0,0.003906519289
0,0,0,0,0,0,0.003981694821
0,0,0,0,0,0,0.004057820266
0,0,0,0,0,0,0.004134901323
0,0,0,0,0,0,0.004212943683
0,0,0,0,0,0,0.00429195303
0,0,0,0,0,0,0.004371935042
0,0,0,0,0,0,0.004452895391
0,0,0,0,0,0,0.004534839741
0,0,0,0,0,0,0.004617773749
0,0,0,0,0,0,0.004701703066
0,0,0,0,0,0,0.004786633336
0,0,0,0,0,0,0.004872570196
0,0,0,0,0,0,0.004959519275
0,0,0,0,0,0,0.005047486196
0,0,0,0,0,0,0.005136476575
0,0,0,0,0,0,0.005226496021
0,0,0,0,0,0,0.005317550134
0,0,0,0,0,0,0.005409644509
0,0,0,0,0,0,0.005502784733
0,0,0,0,0,0,0.005596976385
0,0,0,0,0,0,0.005692225039
0,0,0,0,0,0,0.005788536259
0,0,0,0,0,0,0.005885915602
0,0,0,0,0,0,0.005984368619
0,0,0,0,0,0,0.006083900853
0,0,0,0,0,0,0.006184517838
0,0,0,0,0,0,0.006286225103
0,0,0,0,0,0,0.006389028168
0,0,0,0,0,0,0.006492932545
0,0,0,0,0,0,0.006597943739
0,0,0,0,0,0,0.006704067247
0,0,0,0,0,0,0.006811308559
0,0,0,0,0,0,0.006919673155
0,0,0,0,0,0,0.007029166511
0,0,0,0,0,0,0.007139794091
0,0,0,0,0,0,0.007251561354
0,0,0,0,0,0,0.007364473751
0,0,0,0,0,0,0.007478536722
0,0,0,0,0,0,0.007593755703
0,0,0,0,0,0,0.007710136119
0,0,0,0,0,0,0.007827683388
0,0,0,0,0,0,0.007946402921
0,0,0,0,0,0,0.008066300119
0,0,0,0,0,0,0.008187380375
0,0,0,0,0,0,0.008309649075
0,0,0,0,0,0,0.008433111597
0,0,0,0,0,0,0.008557773307
0,0,0,0,0,0,0.008683639568
0,0,0,0,0,0,0.008810715731
0,0,0,0,0,0,0.008939007139
0,0,0,0,0,0,0.009068519127
0,0,0,0,0,0,0.009199257023
0,0,0,0,0,0,0.009331226145
0,0,0,0,0,0,0.009464431801
0,0,0,0,0,0,0.009598879292
0,0,0,0,0,0,0.009734573912
0,0,0,0,0,0,0.009871520942
0,0,0,0,0,0,0.01000972566
0,0,0,0,0,0,0.01014919333
0,0,0,0,0,0,0.01028992921
0,0,0,0,0,0,0.01043193854
0,0,0,0,0,0,0.01057522658
0,0,0,0,0,0,0.01071979854
0,0,0,0,0,0,0.01086565965
0,0,0,0,0,0,0.01101281513
0,0,0,0,0,0,0.01116127017
0,0,0,0,0,0,0.01131102997
0,0,0,0,0,0,0.01146209972
0,0,0,0,0,0,0.01161448459
0,0,0,0,0,0,0.01176818975
0,0,0,0,0,0,0.01192322036
0,0,0,0,0,0,0.01207958157
0,0,0,0,0,0,0.01223727851
0,0,0,0,0,0,0.01239631632
0,0,0,0,0,0,0.01255670012
0,0,0,0,0,0,0.01271843501
0,0,0,0,0,0,0.01288152611
0,0,0,0,0,0,0.0130459785
0,0,0,0,0,0,0.01321179727
0,0,0,0,0,0,0.01337898749
0,0,0,0,0,0,0.01354755422
0,0,0,0,0,0,0.01371750252
0,0,0,0,0,0,0.01388883744
0,0,0,0,0,0,0.01406156401
0,0,0,0,0,0,0.01423568725
0,0,0,0,0,0,0.01441121218
0,0,0,0,0,0,0.0145881438
0,0,0,0,0,0,0.01476648712
0,0,0,0,0,0,0.01494624712
0,0,0,0,0,0,0.01512742877
0,0,0,0,0,0,0.01531003704
0,0,0,0,0,0,0.01549407689
0,0,0,0,0,0,0.01567955327
0,0,0,0,0,0,0.0158664711
0,0,0,0,0,0,0.01605483532
0,0,0,0,0,0,0.01624465085
0,0,0,0,0,0,0.01643592258
0,0,0,0,0,0,0.01662865542
0,0,0,0,0,0,0.01682285426
0,0,0,0,0,0,0.01701852396
0,0,0,0,0,0,0.01721566939
0,0,0,0,0,0,0.01741429541
0,0,0,0,0,0,0.01761440686
0,0,0,0,0,0,0.01781600858
0,0,0,0,0,0,0.01801910538
0,0,0,0,0,0,0.0182237021
0,0,0,0,0,0,0.01842980352
0,0,0,0,0,0,0.01863741443
0,0,0,0,0,0,0.01884653963
0,0,0,0,0,0,0.01905718389
0,0,0,0,0,0,0.01926935195
0,0,0,0,0,0,0.01948304858
0,0,0,0,0,0,0.01969827851
0,0,0,0,0,0,0.01991504648
0,0,0,0,0,0,0.02013335719
0,0,0,0,0,0,0.02035321536
0,0,0,0,0,0,0.02057462568
0,0,0,0,0,0,0.02079759285
0,0,0,0,0,0,0.02102212152
0,0,0,0,0,0,0.02124821638
0,0,0,0,0,0,0.02147588206
0,0,0,0,0,0,0.02170512322
0,0,0,0,0,0,0.02193594447
0,0,0,0,0,0,0.02216835045
0,0,0,0,0,0,0.02240234577
0,0,0,0,0,0,0.02263793501
0,0,0,0,0,0,0.02287512276
0,0,0,0,0,0,0.02311391361
0,0,0,0,0,0,0.02335431211
0,0,0,0,0,0,0.02359632281
0,0,0,0,0,0,0.02383995027
0,0,0,0,0,0,0.024085199
0,0,0,0,0,0,0.02433207353
0,0,0,0,0,0,0.02458057837
0,0,0,0,0,0,0.02483071801
0,0,0,0,0,0,0.02508249694
0,0,0,0,0,0,0.02533591962
0,0,0,0,0,0,0.02559099052
0,0,0,0,0,0,0.0258477141
0,0,0,0,0,0,0.02610609478
0,0,0,0,0,0,0.02636613701
0,0,0,0,0,0,0.02662784518
0,0,0,0,0,0,0.02689122371
0,0,0,0,0,0,0.02715627699
0,0,0,0,0,0,0.02742300939
0,0,0,0,0,0,0.02769142529
0,0,0,0,0,0,0.02796152904
0,0,0,0,0,0,0.028233325
0,0,0,0,0,0,0.02850681748
0,0,0,0,0,0,0.02878201081
0,0,0,0,0,0,0.02905890931
0,0,0,0,0,0,0.02933751726
0,0,0,0,0,0,0.02961783896
0,0,0,0,0,0,0.02989987868
0,0,0,0,0,0,0.03018364067
0,0,0,0,0,0,0.0304691292
0,0,0,0,0,0,0.03075634849
0,0,0,0,0,0,0.03104530276
0,0,0,0,0,0,0.03133599625
0,0,0,0,0,0,0.03162843313
0,0,0,0,0,0,0.03192261761
0,0,0,0,0,0,0.03221855385
0,0,0,0,0,0,0.03251624603
0,0,0,0,0,0,0.03281569829
0,0,0,0,0,0,0.03311691477
0,0,0,0,0,0,0.03341989961
0,0,0,0,0,0,0.0337246569
0,0,0,0,0,0,0.03403119077
0,0,0,0,0,0,0.03433950529
0,0,0,0,0,0,0.03464960454
0,0,0,0,0,0,0.03496149259
0,0,0,0,0,0,0.03527517349
0,0,0,0,0,0,0.03559065128
0,0,0,0,0,0,0.03590792999
0,0,0,0,0,0,0.03622701363
0,0,0,0,0,0,0.03654790619
0,0,0,0,0,0,0.03687061168
0,0,0,0,0,0,0.03719513407
0,0,0,0,0,0,0.03752147731
0,0,0,0,0,0,0.03784964537
0,0,0,0,0,0,0.03817964217
0,0,0,0,0,0,0.03851147165
0,0,0,0,0,0,0.03884513771
0,0,0,0,0,0,0.03918064426
0,0,0,0,0,0,0.03951799518
0,0,0,0,0,0,0.03985719434
0,0,0,0,0,0,0.04019824561
0,0,0,0,0,0,0.04054115283
0,0,0,0,0,0,0.04088591983
0,0,0,0,0,0,0.04123255044
0,0,0,0,0,0,0.04158104847
0,0,0,0,0,0,0.04193141771
0,0,0,0,0,0,0.04228366194
0,0,0,0,0,0,0.04263778493
0,0,0,0,0,0,0.04299379044
0,0,0,0,0,0,0.04335168221
0,0,0,0,0,0,0.04371146396
0,0,0,0,0,0,0.04407313942
0,0,0,0,0,0,0.04443671228
0,0,0,0,0,0,0.04480218623
0,0,0,0,0,0,0.04516956496
0,0,0,0,0,0,0.04553885212
0,0,0,0,0,0,0.04591005136
0,0,0,0,0,0,0.04628316632
0,0,0,0,0,0,0.04665820061
0,0,0,0,0,0,0.04703515785
0,0,0,0,0,0,0.04741404164
0,0,0,0,0,0,0.04779485554
0,0,0,0,0,0,0.04817760314
0,0,0,0,0,0,0.04856228798
0,0,0,0,0,0,0.04894891361
0,0,0,0,0,0,0.04933748355
0,0,0,0,0,0,0.04972800131
0,0,0,0,0,0,0.0501204704
0,0,0,0,0,0,0.0505148943
0,0,0,0,0,0,0.05091127648
0,0,0,0,0,0,0.0513096204
0,0,0,0,0,0,0.05170992951
0,0,0,0,0,0,0.05211220723
0,0,0,0,0,0,0.05251645698
0,0,0,0,0,0,0.05292268217
0,0,0,0,0,0,0.05333088618
0,0,0,0,0,0,0.05374107239
0,0,0,0,0,0,0.05415324415
0,0,0,0,0,0,0.05456740483
0,0,0,0,0,0,0.05498355773
0,0,0,0,0,0,0.0554017062
0,0,0,0,0,0,0.05582185353
0,0,0,0,0,0,0.05624400301
0,0,0,0,0,0,0.05666815792
0,0,0,0,0,0,0.05709432152
0,0,0,0,0,0,0.05752249706
0,0,0,0,0,0,0.05795268778
0,0,0,0,0,0,0.05838489689
0,0,0,0,0,0,0.05881912759
0,0,0,0,0,0,0.05925538309
0,0,0,0,0,0,0.05969366655
0,0,0,0,0,0,0.06013398114
0,0,0,0,0,0,0.06057633002
0,0,0,0,0,0,0.0610207163
0,0,0,0,0,0,0.06146714311
0,0,0,0,0,0,0.06191561356
0,0,0,0,0,0,0.06236613074
0,0,0,0,0,0,0.06281869773
0,0,0,0,0,0,0.06327331757
0,0,0,0,0,0,0.06372999333
0,0,0,0,0,0,0.06418872804
0,0,0,0,0,0,0.06464952471
0,0,0,0,0,0,0.06511238635
0,0,0,0,0,0,0.06557731594
0,0,0,0,0,0,0.06604431647
0,0,0,0,0,0,0.06651339089
0,0,0,0,0,0,0.06698454214
0,0,0,0,0,0,0.06745777316
0,0,0,0,0,0,0.06793308686
0,0,0,0,0,0,0.06841048614
0,0,0,0,0,0,0.0688899739
0,0,0,0,0,0,0.06937155299
0,0,0,0,0,0,0.06985522629
0,0,0,0,0,0,0.07034099662
0,0,0,0,0,0,0.07082886682
0,0,0,0,0,0,0.0713188397
0,0,0,0,0,0,0.07181091806
0,0,0,0,0,0,0.07230510468
0,0,0,0,0,0,0.07280140232
0,0,0,0,0,0,0.07329981374
0,0,0,0,0,0,0.07380034168
0,0,0,0,0,0,0.07430298885
0,0,0,0,0,0,0.07480775798
0,0,0,0,0,0,0.07531465174
0,0,0,0,0,0,0.07582367282
0,0,0,0,0,0,0.07633482388
0,0,0,0,0,0,0.07684810756
0,0,0,0,0,0,0.07736352651
0,0,0,0,0,0,0.07788108333
0,0,0,0,0,0,0.07840078063
0,0,0,0,0,0,0.07892262099
0,0,0,0,0,0,0.07944660699
0,0,0,0,0,0,0.07997274118
0,0,0,0,0,0,0.08050102611
0,0,0,0,0,0,0.0810314643
0,0,0,0,0,0,0.08156405825
0,0,0,0,0,0,0.08209881048
0,0,0,0,0,0,0.08263572344
0,0,0,0,0,0,0.08317479962
0,0,0,0,0,0,0.08371604146
0,0,0,0,0,0,0.08425945139
0,0,0,0,0,0,0.08480503184
0,0,0,0,0,0,0.0853527852
0,0,0,0,0,0,0.08590271386
0,0,0,0,0,0,0.0864548202
0,0,0,0,0,0,0.08700910657
0,0,0,0,0,0,0.08756557532
0,0,0,0,0,0,0.08812422876
0,0,0,0,0,0,0.08868506922
0,0,0,0,0,0,0.08924809897
0,0,0,0,0,0,0.08981332032
0,0,0,0,0,0,0.09038073551
0,0,0,0,0,0,0.09095034679
0,0,0,0,0,0,0.0915221564
0,0,0,0,0,0,0.09209616656
0,0,0,0,0,0,0.09267237946
0,0,0,0,0,0,0.0932507973
0,0,0,0,0,0,0.09383142223
0,0,0,0,0,0,0.09441425642
0,0,0,0,0,0,0.09499930201
0,0,0,0,0,0,0.09558656111
0,0,0,0,0,0,0.09617603583
0,0,0,0,0,0,0.09676772827
0,0,0,0,0,0,0.09736164049
0,0,0,0,0,0,0.09795777457
0,0,0,0,0,0,0.09855613254
0,0,0,0,0,0,0.09915671642
0,0,0,0,0,0,0.09975952824
0,0,0,0,0,0,0.10036457
0,0,0,0,0,0,0.1009718437
0,0,0,0,0,0,0.1015813512
0,0,0,0,0,0,0.1021930945
0,0,0,0,0,0,0.1028070756
0,0,0,0,0,0,0.1034232964
0,0,0,0,0,0,0.1040417588
0,0,0,0,0,0,0.1046624646
0,0,0,0,0,0,0.1052854157
0,0,0,0,0,0,0.105910614
0,0,0,0,0,0,0.1065380613
0,0,0,0,0,0,0.1071677595
0,0,0,0,0,0,0.1077997103
0,0,0,0,0,0,0.1084339155
0,0,0,0,0,0,0.1090703769
0,0,0,0,0,0,0.1097090963
0,0,0,0,0,0,0.1103500753
0,0,0,0,0,0,0.1109933158
0,0,0,0,0,0,0.1116388194
0,0,0,0,0,0,0.1122865879
0,0,0,0,0,0,0.1129366228
0,0,0,0,0,0,0.1135889259
0,0,0,0,0,0,0.1142434987
0,0,0,0,0,0,0.114900343
0,0,0,0,0,0,0.1155594604
0,0,0,0,0,0,0.1162208523
0,0,0,0,0,0,0.1168845205
0,0,0,0,0,0,0.1175504664
0,0,0,0,0,0,0.1182186916
0,0,0,0,0,0,0.1188891977
0,0,0,0,0,0,0.1195619861
0,0,0,0,0,0,0.1202370584
0,0,0,0,0,0,0.120914416
0,0,0,0,0,0,0.1215940604
0,0,0,0,0,0,0.1222759931
0,0,0,0,0,0,0.1229602154
0,0,0,0,0,0,0.1236467288
0,0,0,0,0,0,0.1243355347
0,0,0,0,0,0,0.1250266345
0,0,0,0,0,0,0.1257200295
0,0,0,0,0,0,0.1264157211
0,0,0,0,0,0,0.1271137106
0,0,0,0,0,0,0.1278139993
0,0,0,0,0,0,0.1285165885
0,0,0,0,0,0,0.1292214796
0,0,0,0,0,0,0.1299286737
0,0,0,0,0,0,0.1306381722
0,0,0,0,0,0,0.1313499762
0,0,0,0,0,0,0.132064087
0,0,0,0,0,0,0.1327805058
0,0,0,0,0,0,0.1334992338
0,0,0,0,0,0,0.1342202721
0,0,0,0,0,0,0.1349436218
0,0,0,0,0,0,0.1356692842
0,0,0,0,0,0,0.1363972603
0,0,0,0,0,0,0.1371275512
0,0,0,0,0,0,0.1378601581
0,0,0,0,0,0,0.1385950819
0,0,0,0,0,0,0.1393323238
0,0,0,0,0,0,0.1400718848
0,0,0,0,0,0,0.1408137658
0,0,0,0,0,0,0.1415579679
0,0,0,0,0,0,0.1423044921
0,0,0,0,0,0,0.1430533393
0,0,0,0,0,0,0.1438045105
0,0,0,0,0,0,0.1445580066
0,0,0,0,0,0,0.1453138286
0,0,0,0,0,0,0.1460719773
0,0,0,0,0,0,0.1468324537
0,0,0,0,0,0,0.1475952585
0,0,0,0,0,0,0.1483603927
0,0,0,0,0,0,0.149127857
0,0,0,0,0,0,0.1498976523
0,0,0,0,0,0,0.1506697795
0,0,0,0,0,0,0.1514442391
0,0,0,0,0,0,0.1522210322
0,0,0,0,0,0,0.1530001593
0,0,0,0,0,0,0.1537816212
0,0,0,0,0,0,0.1545654187
0,0,0,0,0,0,0.1553515524
0,0,0,0,0,0,0.156140023
0,0,0,0,0,0,0.1569308313
0,0,0,0,0,0,0.1577239777
0,0,0,0,0,0,0.158519463
0,0,0,0,0,0,0.1593172878
0,0,0,0,0,0,0.1601174526
0,0,0,0,0,0,0.1609199581
0,0,0,0,0,0,0.1617248048
0,0,0,0,0,0,0.1625319933
0,0,0,0,0,0,0.1633415241
0,0,0,0,0,0,0.1641533977
0,0,0,0,0,0,0.1649676145
0,0,0,0,0,0,0.1657841752
0,0,0,0,0,0,0.1666030801
0,0,0,0,0,0,0.1674243297
0,0,0,0,0,0,0.1682479244
0,0,0,0,0,0,0.1690738646
0,0,0,0,0,0,0.1699021508
0,0,0,0,0,0,0.1707327833
0,0,0,0,0,0,0.1715657624
0,0,0,0,0,0,0.1724010885
0,0,0,0,0,0,0.1732387619
0,0,0,0,0,0,0.174078783
0,0,0,0,0,0,0.174921152
0,0,0,0,0,0,0.1757658692
0,0,0,0,0,0,0.1766129349
0,0,0,0,0,0,0.1774623492
0,0,0,0,0,0,0.1783141125
0,0,0,0,0,0,0.1791682249
0,0,0,0,0,0,0.1800246867
0,0,0,0,0,0,0.1808834979
0,0,0,0,0,0,0.1817446588
0,0,0,0,0,0,0.1826081695
0,0,0,0,0,0,0.1834740301
0,0,0,0,0,0,0.1843422407
0,0,0,0,0,0,0.1852128014
0,0,0,0,0,0,0.1860857123
0,0,0,0,0,0,0.1869609734
0,0,0,0,0,0,0.1878385847
0,0,0,0,0,0,0.1887185464
0,0,0,0,0,0,0.1896008583
0,0,0,0,0,0,0.1904855205
0,0,0,0,0,0,0.191372533
0,0,0,0,0,0,0.1922618956
0,0,0,0,0,0,0.1931536083
0,0,0,0,0,0,0.1940476711
0,0,0,0,0,0,0.1949440838
0,0,0,0,0,0,0.1958428463
0,0,0,0,0,0,0.1967439585
0,0,0,0,0,0,0.1976474202
0,0,0,0,0,0,0.1985532313
0,0,0,0,0,0,0.1994613916
0,0,0,0,0,0,0.2003719008
0,0,0,0,0,0,0.2012847588
0,0,0,0,0,0,0.2021999653
0,0,0,0,0,0,0.20311752
0,0,0,0,0,0,0.2040374227
0,0,0,0,0,0,0.2049596732
0,0,0,0,0,0,0.205884271
0,0,0,0,0,0,0.2068112158
0,0,0,0,0,0,0.2077405074
0,0,0,0,0,0,0.2086721454
0,0,0,0,0,0,0.2096061293
0,0,0,0,0,0,0.2105424589
0,0,0,0,0,0,0.2114811336
0,0,0,0,0,0,0.2124221531
0,0,0,0,0,0,0.2133655169
0,0,0,0,0,0,0.2143112246
0,0,0,0,0,0,0.2152592756
0,0,0,0,0,0,0.2162096695
0,0,0,0,0,0,0.2171624058
0,0,0,0,0,0,0.218117484
0,0,0,0,0,0,0.2190749034
0,0,0,0,0,0,0.2200346635
0,0,0,0,0,0,0.2209967638
0,0,0,0,0,0,0.2219612037
0,0,0,0,0,0,0.2229279825
0,0,0,0,0,0,0.2238970996
0,0,0,0,0,0,0.2248685543
0,0,0,0,0,0,0.225842346
0,0,0,0,0,0,0.226818474
0,0,0,0,0,0,0.2277969377
0,0,0,0,0,0,0.2287777362
0,0,0,0,0,0,0.2297608688
0,0,0,0,0,0,0.2307463348
0,0,0,0,0,0,0.2317341335
0,0,0,0,0,0,0.232724264
0,0,0,0,0,0,0.2337167255
0,0,0,0,0,0,0.2347115172
0,0,0,0,0,0,0.2357086383
0,0,0,0,0,0,0.2367080879
0,0,0,0,0,0,0.2377098652
0,0,0,0,0,0,0.2387139692
0,0,0,0,0,0,0.239720399
0,0,0,0,0,0,0.2407291538
0,0,0,0,0,0,0.2417402325
0,0,0,0,0,0,0.2427536343
0,0,0,0,0,0,0.243769358
0,0,0,0,0,0,0.2447874029
0,0,0,0,0,0,0.2458077678
0,0,0,0,0,0,0.2468304516
0,0,0,0,0,0,0.2478554535
0,0,0,0,0,0,0.2488827723
0,0,0,0,0,0,0.2499124068
0,0,0,0,0,0,0.2509443561
0,0,0,0,0,0,0.2519786191
0,0,0,0,0,0,0.2530151945
0,0,0,0,0,0,0.2540540812
0,0,0,0,0,0,0.2550952782
0,0,0,0,0,0,0.2561387841
0,0,0,0,0,0,0.2571845978
0,0,0,0,0,0,0.2582327181
0,0,0,0,0,0,0.2592831437
0,0,0,0,0,0,0.2603358735
0,0,0,0,0,0,0.261390906
0,0,0,0,0,0,0.2624482401
0,0,0,0,0,0,0.2635078745
0,0,0,0,0,0,0.2645698077
0,0,0,0,0,0,0.2656340386
0,0,0,0,0,0,0.2667005657
0,0,0,0,0,0,0.2677693877
0,0,0,0,0,0,0.2688405031
0,0,0,0,0,0,0.2699139106
0,0,0,0,0,0,0.2709896088
0,0,0,0,0,0,0.2720675962
0,0,0,0,0,0,0.2731478714
0,0,0,0,0,0,0.2742304328
0,0,0,0,0,0,0.2753152791
0,0,0,0,0,0,0.2764024086
0,0,0,0,0,0,0.27749182
0,0,0,0,0,0,0.2785835115
0,0,0,0,0,0,0.2796774818
0,0,0,0,0,0,0.2807737291
0,0,0,0,0,0,0.281872252
0,0,0,0,0,0,0.2829730487
0,0,0,0,0,0,0.2840761178
0,0,0,0,0,0,0.2851814575
0,0,0,0,0,0,0.2862890661
0,0,0,0,0,0,0.2873989421
0,0,0,0,0,0,0.2885110837
0,0,0,0,0,0,0.2896254892
0,0,0,0,0,0,0.2907421568
0,0,0,0,0,0,0.2918610849
0,0,0,0,0,0,0.2929822717
0,0,0,0,0,0,0.2941057153
0,0,0,0,0,0,0.2952314141
0,0,0,0,0,0,0.2963593661
0,0,0,0,0,0,0.2974895696
0,0,0,0,0,0,0.2986220227
0,0,0,0,0,0,0.2997567236
0,0,0,0,0,0,0.3008936703
0,0,0,0,0,0,0.3020328611
0,0,0,0,0,0,0.3031742939
0,0,0,0,0,0,0.3043179668
0,0,0,0,0,0,0.3054638779
0,0,0,0,0,0,0.3066120253
0,0,0,0,0,0,0.3077624069
0,0,0,0,0,0,0.3089150207
0,0,0,0,0,0,0.3100698648
0,0,0,0,0,0,0.3112269371
0,0,0,0,0,0,0.3123862356
0,0,0,0,0,0,0.3135477581
0,0,0,0,0,0,0.3147115027
0,0,0,0,0,0,0.3158774672
0,0,0,0,0,0,0.3170456495
0,0,0,0,0,0,0.3182160475
0,0,0,0,0,0,0.319388659
0,0,0,0,0,0,0.3205634818
0,0,0,0,0,0,0.3217405139
0,0,0,0,0,0,0.3229197529
0,0,0,0,0,0,0.3241011967
0,0,0,0,0,0,0.3252848431
0,0,0,0,0,0,0.3264706897
0,0,0,0,0,0,0.3276587344
0,0,0,0,0,0,0.3288489748
0,0,0,0,0,0,0.3300414087
0,0,0,0,0,0,0.3312360337
0,0,0,0,0,0,0.3324328475
0,0,0,0,0,0,0.3336318477
0,0,0,0,0,0,0.3348330321
0,0,0,0,0,0,0.3360363982
0,0,0,0,0,0,0.3372419435
0,0,0,0,0,0,0.3384496658
0,0,0,0,0,0,0.3396595626
0,0,0,0,0,0,0.3408716314
0,0,0,0,0,0,0.3420858697
0,0,0,0,0,0,0.3433022751
0,0,0,0,0,0,0.3445208451
0,0,0,0,0,0,0.3457415772
0,0,0,0,0,0,0.3469644688
0,0,0,0,0,0,0.3481895175
0,0,0,0,0,0,0.3494167205
0,0,0,0,0,0,0.3506460754
0,0,0,0,0,0,0.3518775796
0,0,0,0,0,0,0.3531112304
0,0,0,0,0,0,0.3543470253
0,0,0,0,0,0,0.3555849615
0,0,0,0,0,0,0.3568250364
0,0,0,0,0,0,0.3580672474
0,0,0,0,0,0,0.3593115917
0,0,0,0,0,0,0.3605580667
0,0,0,0,0,0,0.3618066695
0,0,0,0,0,0,0.3630573976
0,0,0,0,0,0,0.364310248
0,0,0,0,0,0,0.3655652181
0,0,0,0,0,0,0.366822305
0,0,0,0,0,0,0.368081506
0,0,0,0,0,0,0.3693428182
0,0,0,0,0,0,0.3706062387
0,0,0,0,0,0,0.3718717648
0,0,0,0,0,0,0.3731393935
0,0,0,0,0,0,0.3744091219
0,0,0,0,0,0,0.3756809473
0,0,0,0,0,0,0.3769548665
0,0,0,0,0,0,0.3782308767
0,0,0,0,0,0,0.379508975
0,0,0,0,0,0,0.3807891583
0,0,0,0,0,0,0.3820714238
0,0,0,0,0,0,0.3833557683
0,0,0,0,0,0,0.3846421889
0,0,0,0,0,0,0.3859306825
0,0,0,0,0,0,0.3872212461
0,0,0,0,0,0,0.3885138766
0,0,0,0,0,0,0.3898085709
0,0,0,0,0,0,0.391105326
0,0,0,0,0,0,0.3924041387
0,0,0,0,0,0,0.393705006
0,0,0,0,0,0,0.3950079245
0,0,0,0,0,0,0.3963128913
0,0,0,0,0,0,0.397619903
0,0,0,0,0,0,0.3989289566
0,0,0,0,0,0,0.4002400488
0,0,0,0,0,0,0.4015531764
0,0,0,0,0,0,0.4028683361
0,0,0,0,0,0,0.4041855247
0,0,0,0,0,0,0.4055047389
0,0,0,0,0,0,0.4068259755
0,0,0,0,0,0,0.4081492311
0,0,0,0,0,0,0.4094745023
0,0,0,0,0,0,0.410801786
0,0,0,0,0,0,0.4121310787
0,0,0,0,0,0,0.413462377
0,0,0,0,0,0,0.4147956776
0,0,0,0,0,0,0.416130977
0,0,0,0,0,0,0.4174682719
0,0,0,0,0,0,0.4188075589
0,0,0,0,0,0,0.4201488344
0,0,0,0,0,0,0.421492095
0,0,0,0,0,0,0.4228373373
0,0,0,0,0,0,0.4241845578
0,0,0,0,0,0,0.4255337529
0,0,0,0,0,0,0.4268849191
0,0,0,0,0,0,0.4282380529
0,0,0,0,0,0,0.4295931507
0,0,0,0,0,0,0.430950209
0,0,0,0,0,0,0.4323092242
0,0,0,0,0,0,0.4336701926
0,0,0,0,0,0,0.4350331107
0,0,0,0,0,0,0.4363979749
0,0,0,0,0,0,0.4377647814
0,0,0,0,0,0,0.4391335266
0,0,0,0,0,0,0.4405042069
0,0,0,0,0,0,0.4418768186
0,0,0,0,0,0,0.4432513579
0,0,0,0,0,0,0.4446278211
0,0,0,0,0,0,0.4460062045
0,0,0,0,0,0,0.4473865043
0,0,0,0,0,0,0.4487687168
0,0,0,0,0,0,0.4501528382
0,0,0,0,0,0,0.4515388647
0,0,0,0,0,0,0.4529267924
0,0,0,0,0,0,0.4543166176
0,0,0,0,0,0,0.4557083363
0,0,0,0,0,0,0.4571019448
0,0,0,0,0,0,0.4584974392
0,0,0,0,0,0,0.4598948155
0,0,0,0,0,0,0.4612940699
0,0,0,0,0,0,0.4626951984
0,0,0,0,0,0,0.4640981972
0,0,0,0,0,0,0.4655030622
0,0,0,0,0,0,0.4669097895
0,0,0,0,0,0,0.4683183751
0,0,0,0,0,0,0.469728815
0,0,0,0,0,0,0.4711411053
0,0,0,0,0,0,0.4725552418
0,0,0,0,0,0,0.4739712206
0,0,0,0,0,0,0.4753890376
0,0,0,0,0,0,0.4768086888
0,0,0,0,0,0,0.4782301699
0,0,0,0,0,0,0.4796534771
0,0,0,0,0,0,0.481078606
0,0,0,0,0,0,0.4825055527
0,0,0,0,0,0,0.4839343129
0,0,0,0,0,0,0.4853648826
0,0,0,0,0,0,0.4867972575
0,0,0,0,0,0,0.4882314334
0,0,0,0,0,0,0.4896674062
0,0,0,0,0,0,0.4911051716
0,0,0,0,0,0,0.4925447254
0,0,0,0,0,0,0.4939860634
0,0,0,0,0,0,0.4954291813
0,0,0,0,0,0,0.4968740749
0,0,0,0,0,0,0.4983207397
0,0,0,0,0,0,0.4997691716
0,0,0,0,0,0,0.5012193663
0,0,0,0,0,0,0.5026713193
0,0,0,0,0,0,0.5041250264
0,0,0,0,0,0,0.5055804832
0,0,0,0,0,0,0.5070376853
0,0,0,0,0,0,0.5084966283
0,0,0,0,0,0,0.5099573078
0,0,0,0,0,0,0.5114197195
0,0,0,0,0,0,0.5128838588
0,0,0,0,0,0,0.5143497213
0,0,0,0,0,0,0.5158173027
0,0,0,0,0,0,0.5172865983
0,0,0,0,0,0,0.5187576038
0,0,0,0,0,0,0.5202303145
0,0,0,0,0,0,0.5217047261
0,0,0,0,0,0,0.5231808339
0,0,0,0,0,0,0.5246586334
0,0,0,0,0,0,0.5261381201
0,0,0,0,0,0,0.5276192895
0,0,0,0,0,0,0.5291021368
0,0,0,0,0,0,0.5305866575
0,0,0,0,0,0,0.532072847
0,0,0,0,0,0,0.5335607007
0,0,0,0,0,0,0.5350502139
0,0,0,0,0,0,0.536541382
0,0,0,0,0,0,0.5380342003
0,0,0,0,0,0,0.5395286641
0,0,0,0,0,0,0.5410247687
0,0,0,0,0,0,0.5425225095
0,0,0,0,0,0,0.5440218816
0,0,0,0,0,0,0.5455228804
0,0,0,0,0,0,0.5470255011
0,0,0,0,0,0,0.548529739
0,0,0,0,0,0,0.5500355892
0,0,0,0,0,0,0.5515430469
0,0,0,0,0,0,0.5530521075
0,0,0,0,0,0,0.554562766
0,0,0,0,0,0,0.5560750176
0,0,0,0,0,0,0.5575888575
0,0,0,0,0,0,0.5591042807
0,0,0,0,0,0,0.5606212826
0,0,0,0,0,0,0.562139858
0,0,0,0,0,0,0.5636600023
0,0,0,0,0,0,0.5651817104
0,0,0,0,0,0,0.5667049773
0,0,0,0,0,0,0.5682297983
0,0,0,0,0,0,0.5697561683
0,0,0,0,0,0,0.5712840824
0,0,0,0,0,0,0.5728135355
0,0,0,0,0,0,0.5743445228
0,0,0,0,0,0,0.5758770391
0,0,0,0,0,0,0.5774110795
0,0,0,0,0,0,0.5789466389
0,0,0,0,0,0,0.5804837123
0,0,0,0,0,0,0.5820222947
0,0,0,0,0,0,0.5835623809
0,0,0,0,0,0,0.5851039659
0,0,0,0,0,0,0.5866470446
0,0,0,0,0,0,0.5881916119
0,0,0,0,0,0,0.5897376627
0,0,0,0,0,0,0.5912851917
0,0,0,0,0,0,0.592834194
0,0,0,0,0,0,0.5943846643
0,0,0,0,0,0,0.5959365974
0,0,0,0,0,0,0.5974899882
0,0,0,0,0,0,0.5990448314
0,0,0,0,0,0,0.6006011219
0,0,0,0,0,0,0.6021588545
0,0,0,0,0,0,0.6037180238
0,0,0,0,0,0,0.6052786247
0,0,0,0,0,0,0.6068406518
0,0,0,0,0,0,0.6084041
0,0,0,0,0,0,0.6099689639
0,0,0,0,0,0,0.6115352383
0,0,0,0,0,0,0.6131029177
0,0,0,0,0,0,0.614671997
0,0,0,0,0,0,0.6162424707
0,0,0,0,0,0,0.6178143335
0,0,0,0,0,0,0.6193875801
0,0,0,0,0,0,0.6209622051
0,0,0,0,0,0,0.622538203
0,0,0,0,0,0,0.6241155686
0,0,0,0,0,0,0.6256942963
0,0,0,0,0,0,0.6272743808
0,0,0,0,0,0,0.6288558167
0,0,0,0,0,0,0.6304385984
0,0,0,0,0,0,0.6320227206
0,0,0,0,0,0,0.6336081777
0,0,0,0,0,0,0.6351949644
0,0,0,0,0,0,0.636783075
0,0,0,0,0,0,0.6383725041
0,0,0,0,0,0,0.6399632462
0,0,0,0,0,0,0.6415552957
0,0,0,0,0,0,0.6431486471
0,0,0,0,0,0,0.6447432949
0,0,0,0,0,0,0.6463392334
0,0,0,0,0,0,0.6479364572
0,0,0,0,0,0,0.6495349605
0,0,0,0,0,0,0.6511347379
0,0,0,0,0,0,0.6527357837
0,0,0,0,0,0,0.6543380923
0,0,0,0,0,0,0.6559416581
0,0,0,0,0,0,0.6575464753
0,0,0,0,0,0,0.6591525384
0,0,0,0,0,0,0.6607598417
0,0,0,0,0,0,0.6623683795
0,0,0,0,0,0,0.6639781461
0,0,0,0,0,0,0.6655891357
0,0,0,0,0,0,0.6672013428
0,0,0,0,0,0,0.6688147616
0,0,0,0,0,0,0.6704293863
0,0,0,0,0,0,0.6720452111
0,0,0,0,0,0,0.6736622304
0,0,0,0,0,0,0.6752804383
0,0,0,0,0,0,0.6768998292
0,0,0,0,0,0,0.678520397
0,0,0,0,0,0,0.6801421362
0,0,0,0,0,0,0.6817650408
0,0,0,0,0,0,0.683389105
0,0,0,0,0,0,0.6850143231
0,0,0,0,0,0,0.6866406891
0,0,0,0,0,0,0.6882681971
0,0,0,0,0,0,0.6898968414
0,0,0,0,0,0,0.6915266161
0,0,0,0,0,0,0.6931575152
0,0,0,0,0,0,0.6947895328
0,0,0,0,0,0,0.696422663
0,0,0,0,0,0,0.6980569
0,0,0,0,0,0,0.6996922377
0,0,0,0,0,0,0.7013286703
0,0,0,0,0,0,0.7029661917
0,0,0,0,0,0,0.7046047961
0,0,0,0,0,0,0.7062444774
0,0,0,0,0,0,0.7078852296
0,0,0,0,0,0,0.7095270468
0,0,0,0,0,0,0.7111699229
0,0,0,0,0,0,0.7128138519
0,0,0,0,0,0,0.7144588278
0,0,0,0,0,0,0.7161048446
0,0,0,0,0,0,0.7177518961
0,0,0,0,0,0,0.7193999764
0,0,0,0,0,0,0.7210490794
0,0,0,0,0,0,0.722699199
0,0,0,0,0,0,0.724350329
0,0,0,0,0,0,0.7260024635
0,0,0,0,0,0,0.7276555963
0,0,0,0,0,0,0.7293097212
0,0,0,0,0,0,0.7309648322
0,0,0,0,0,0,0.732620923
0,0,0,0,0,0,0.7342779876
0,0,0,0,0,0,0.7359360198
0,0,0,0,0,0,0.7375950135
0,0,0,0,0,0,0.7392549623
0,0,0,0,0,0,0.7409158602
0,0,0,0,0,0,0.7425777009
0,0,0,0,0,0,0.7442404783
0,0,0,0,0,0,0.7459041861
0,0,0,0,0,0,0.7475688181
0,0,0,0,0,0,0.749234368
0,0,0,0,0,0,0.7509008296
0,0,0,0,0,0,0.7525681967
0,0,0,0,0,0,0.7542364629
0,0,0,0,0,0,0.7559056221
0,0,0,0,0,0,0.7575756678
0,0,0,0,0,0,0.7592465939
0,0,0,0,0,0,0.760918394
0,0,0,0,0,0,0.7625910618
0,0,0,0,0,0,0.7642645909
0,0,0,0,0,0,0.7659389751
0,0,0,0,0,0,0.767614208
0,0,0,0,0,0,0.7692902832
0,0,0,0,0,0,0.7709671945
0,0,0,0,0,0,0.7726449353
0,0,0,0,0,0,0.7743234994
0,0,0,0,0,0,0.7760028803
0,0,0,0,0,0,0.7776830717
0,0,0,0,0,0,0.7793640671
0,0,0,0,0,0,0.7810458602
0,0,0,0,0,0,0.7827284444
0,0,0,0,0,0,0.7844118135
0,0,0,0,0,0,0.7860959609
0,0,0,0,0,0,0.7877808802
0,0,0,0,0,0,0.7894665648
0,0,0,0,0,0,0.7911530085
0,0,0,0,0,0,0.7928402046
0,0,0,0,0,0,0.7945281468
0,0,0,0,0,0,0.7962168284
0,0,0,0,0,0,0.7979062431
0,0,0,0,0,0,0.7995963842
0,0,0,0,0,0,0.8012872453
0,0,0,0,0,0,0.8029788198
0,0,0,0,0,0,0.8046711013
0,0,0,0,0,0,0.8063640831
0,0,0,0,0,0,0.8080577588
0,0,0,0,0,0,0.8097521217
0,0,0,0,0,0,0.8114471652
0,0,0,0,0,0,0.8131428829
0,0,0,0,0,0,0.8148392681
0,0,0,0,0,0,0.8165363142
0,0,0,0,0,0,0.8182340147
0,0,0,0,0,0,0.8199323628
0,0,0,0,0,0,0.8216313521
0,0,0,0,0,0,0.8233309758
0,0,0,0,0,0,0.8250312274
0,0,0,0,0,0,0.8267321002
0,0,0,0,0,0,0.8284335875
0,0,0,0,0,0,0.8301356827
0,0,0,0,0,0,0.8318383791
0,0,0,0,0,0,0.83354167
0,0,0,0,0,0,0.8352455489
0,0,0,0,0,0,0.8369500089
0,0,0,0,0,0,0.8386550434
0,0,0,0,0,0,0.8403606457
0,0,0,0,0,0,0.842066809
0,0,0,0,0,0,0.8437735267
0,0,0,0,0,0,0.845480792
0,0,0,0,0,0,0.8471885983
0,0,0,0,0,0,0.8488969386
0,0,0,0,0,0,0.8506058064
0,0,0,0,0,0,0.8523151948
0,0,0,0,0,0,0.8540250971
0,0,0,0,0,0,0.8557355065
0,0,0,0,0,0,0.8574464162
0,0,0,0,0,0,0.8591578195
0,0,0,0,0,0,0.8608697096
0,0,0,0,0,0,0.8625820796
0,0,0,0,0,0,0.8642949227
0,0,0,0,0,0,0.8660082323
0,0,0,0,0,0,0.8677220013
0,0,0,0,0,0,0.869436223
0,0,0,0,0,0,0.8711508906
0,0,0,0,0,0,0.8728659972
0,0,0,0,0,0,0.8745815359
0,0,0,0,0,0,0.8762975
0,0,0,0,0,0,0.8780138826
0,0,0,0,0,0,0.8797306767
0,0,0,0,0,0,0.8814478755
0,0,0,0,0,0,0.8831654722
0,0,0,0,0,0,0.8848834599
0,0,0,0,0,0,0.8866018315
0,0,0,0,0,0,0.8883205804
0,0,0,0,0,0,0.8900396995
0,0,0,0,0,0,0.8917591819
0,0,0,0,0,0,0.8934790207
0,0,0,0,0,0,0.895199209
0,0,0,0,0,0,0.8969197399
0,0,0,0,0,0,0.8986406064
0,0,0,0,0,0,0.9003618015
0,0,0,0,0,0,0.9020833184
0,0,0,0,0,0,0.90380515
0,0,0,0,0,0,0.9055272895
0,0,0,0,0,0,0.9072497297
0,0,0,0,0,0,0.9089724639
0,0,0,0,0,0,0.9106954849
0,0,0,0,0,0,0.9124187858
0,0,0,0,0,0,0.9141423595
0,0,0,0,0,0,0.9158661992
0,0,0,0,0,0,0.9175902978
0,0,0,0,0,0,0.9193146483
0,0,0,0,0,0,0.9210392436
0,0,0,0,0,0,0.9227640767
0,0,0,0,0,0,0.9244891407
0,0,0,0,0,0,0.9262144285
0,0,0,0,0,0,0.927939933
0,0,0,0,0,0,0.9296656472
0,0,0,0,0,0,0.9313915641
0,0,0,0,0,0,0.9331176765
0,0,0,0,0,0,0.9348439775
0,0,0,0,0,0,0.93657046
0,0,0,0,0,0,0.9382971169
0,0,0,0,0,0,0.9400239411
0,0,0,0,0,0,0.9417509255
0,0,0,0,0,0,0.9434780631
0,0,0,0,0,0,0.9452053467
0,0,0,0,0,0,0.9469327694
0,0,0,0,0,0,0.9486603239
0,0,0,0,0,0,0.9503880031
0,0,0,0,0,0,0.9521158
0,0,0,0,0,0,0.9538437074
0,0,0,0,0,0,0.9555717183
0,0,0,0,0,0,0.9572998254
0,0,0,0,0,0,0.9590280217
0,0,0,0,0,0,0.9607563
0,0,0,0,0,0,0.9624846531
0,0,0,0,0,0,0.964213074
0,0,0,0,0,0,0.9659415555
0,0,0,0,0,0,0.9676700904
0,0,0,0,0,0,0.9693986716
0,0,0,0,0,0,0.9711272919
0,0,0,0,0,0,0.9728559441
0,0,0,0,0,0,0.974584621
0,0,0,0,0,0,0.9763133156
0,0,0,0,0,0,0.9780420206
0,0,0,0,0,0,0.9797707287
0,0,0,0,0,0,0.9814994329
0,0,0,0,0,0,0.983228126
0,0,0,0,0,0,0.9849568007
0,0,0,0,0,0,0.9866854498
0,0,0,0,0,0,0.9884140661
0,0,0,0,0,0,0.9901426425
0,0,0,0,0,0,0.9918711716
0,0,0,0,0,0,0.9935996464
0,0,0,0,0,0,0.9953280595
0,0,0,0,0,0,0.9970564037
0,0,0,0,0,0,0.9987846719
0,0,0,0,0,0,1.000512857
0,0,0,0,0,0,1.002240951
0,0,0,0,0,0,1.003968947
0,0,0,0,0,0,1.005696839
0,0,0,0,0,0,1.007424618
0,0,0,0,0,0,1.009152277
0,0,0,0,0,0,1.01087981
0,0,0,0,0,0,1.012607209
0,0,0,0,0,0,1.014334466
0,0,0,0,0,0,1.016061575
0,0,0,0,0,0,1.017788528
0,0,0,0,0,0,1.019515318
0,0,0,0,0,0,1.021241937
0,0,0,0,0,0,1.022968379
0,0,0,0,0,0,1.024694635
0,0,0,0,0,0,1.0264207
0,0,0,0,0,0,1.028146565
0,0,0,0,0,0,1.029872223
0,0,0,0,0,0,1.031597667
0,0,0,0,0,0,1.033322889
0,0,0,0,0,0,1.035047883
0,0,0,0,0,0,1.036772641
0,0,0,0,0,0,1.038497155
0,0,0,0,0,0,1.040221419
0,0,0,0,0,0,1.041945424
0,0,0,0,0,0,1.043669165
0,0,0,0,0,0,1.045392633
0,0,0,0,0,0,1.047115821
0,0,0,0,0,0,1.048838722
0,0,0,0,0,0,1.050561328
0,0,0,0,0,0,1.052283632
0,0,0,0,0,0,1.054005627
0,0,0,0,0,0,1.055727306
0,0,0,0,0,0,1.05744866
0,0,0,0,0,0,1.059169684
0,0,0,0,0,0,1.060890369
0,0,0,0,0,0,1.062610708
0,0,0,0,0,0,1.064330693
0,0,0,0,0,0,1.066050319
0,0,0,0,0,0,1.067769576
0,0,0,0,0,0,1.069488458
0,0,0,0,0,0,1.071206957
0,0,0,0,0,0,1.072925066
0,0,0,0,0,0,1.074642778
0,0,0,0,0,0,1.076360086
0,0,0,0,0,0,1.078076981
0,0,0,0,0,0,1.079793456
0,0,0,0,0,0,1.081509505
0,0,0,0,0,0,1.08322512
0,0,0,0,0,0,1.084940294
0,0,0,0,0,0,1.086655018
0,0,0,0,0,0,1.088369286
0,0,0,0,0,0,1.090083091
0,0,0,0,0,0,1.091796424
0,0,0,0,0,0,1.093509279
0,0,0,0,0,0,1.095221649
0,0,0,0,0,0,1.096933525
0,0,0,0,0,0,1.098644901
0,0,0,0,0,0,1.100355768
0,0,0,0,0,0,1.102066121
0,0,0,0,0,0,1.103775951
0,0,0,0,0,0,1.105485251
0,0,0,0,0,0,1.107194013
0,0,0,0,0,0,1.108902231
0,0,0,0,0,0,1.110609897
0,0,0,0,0,0,1.112317003
0,0,0,0,0,0,1.114023542
0,0,0,0,0,0,1.115729506
0,0,0,0,0,0,1.117434889
0,0,0,0,0,0,1.119139683
0,0,0,0,0,0,1.12084388
0,0,0,0,0,0,1.122547473
0,0,0,0,0,0,1.124250455
0,0,0,0,0,0,1.125952819
0,0,0,0,0,0,1.127654556
0,0,0,0,0,0,1.129355659
0,0,0,0,0,0,1.131056122
0,0,0,0,0,0,1.132755937
0,0,0,0,0,0,1.134455096
0,0,0,0,0,0,1.136153591
0,0,0,0,0,0,1.137851417
0,0,0,0,0,0,1.139548564
0,0,0,0,0,0,1.141245026
0,0,0,0,0,0,1.142940796
0,0,0,0,0,0,1.144635865
0,0,0,0,0,0,1.146330228
0,0,0,0,0,0,1.148023875
0,0,0,0,0,0,1.1497168
0,0,0,0,0,0,1.151408995
0,0,0,0,0,0,1.153100453
0,0,0,0,0,0,1.154791167
0,0,0,0,0,0,1.156481129
0,0,0,0,0,0,1.158170332
0,0,0,0,0,0,1.159858768
0,0,0,0,0,0,1.16154643
0,0,0,0,0,0,1.16323331
0,0,0,0,0,0,1.164919402
0,0,0,0,0,0,1.166604698
0,0,0,0,0,0,1.16828919
0,0,0,0,0,0,1.169972871
0,0,0,0,0,0,1.171655734
0,0,0,0,0,0,1.17333777
0,0,0,0,0,0,1.175018974
0,0,0,0,0,0,1.176699337
0,0,0,0,0,0,1.178378852
0,0,0,0,0,0,1.180057512
0,0,0,0,0,0,1.181735309
0,0,0,0,0,0,1.183412236
0,0,0,0,0,0,1.185088285
0,0,0,0,0,0,1.18676345
0,0,0,0,0,0,1.188437722
0,0,0,0,0,0,1.190111095
0,0,0,0,0,0,1.19178356
0,0,0,0,0,0,1.193455111
0,0,0,0,0,0,1.19512574
0,0,0,0,0,0,1.19679544
0,0,0,0,0,0,1.198464204
0,0,0,0,0,0,1.200132023
0,0,0,0,0,0,1.201798892
0,0,0,0,0,0,1.203464801
0,0,0,0,0,0,1.205129745
0,0,0,0,0,0,1.206793714
0,0,0,0,0,0,1.208456704
0,0,0,0,0,0,1.210118705
0,0,0,0,0,0,1.21177971
0,0,0,0,0,0,1.213439713
0,0,0,0,0,0,1.215098705
0,0,0,0,0,0,1.216756679
0,0,0,0,0,0,1.218413629
0,0,0,0,0,0,1.220069546
0,0,0,0,0,0,1.221724424
0,0,0,0,0,0,1.223378254
0,0,0,0,0,0,1.22503103
0,0,0,0,0,0,1.226682744
0,0,0,0,0,0,1.22833339
0,0,0,0,0,0,1.229982958
0,0,0,0,0,0,1.231631443
0,0,0,0,0,0,1.233278837
0,0,0,0,0,0,1.234925132
0,0,0,0,0,0,1.236570322
0,0,0,0,0,0,1.238214398
0,0,0,0,0,0,1.239857354
0,0,0,0,0,0,1.241499182
0,0,0,0,0,0,1.243139874
0,0,0,0,0,0,1.244779425
0,0,0,0,0,0,1.246417825
0,0,0,0,0,0,1.248055069
0,0,0,0,0,0,1.249691148
0,0,0,0,0,0,1.251326055
0,0,0,0,0,0,1.252959783
0,0,0,0,0,0,1.254592325
0,0,0,0,0,0,1.256223673
0,0,0,0,0,0,1.25785382
0,0,0,0,0,0,1.259482759
0,0,0,0,0,0,1.261110483
0,0,0,0,0,0,1.262736983
0,0,0,0,0,0,1.264362254
0,0,0,0,0,0,1.265986286
0,0,0,0,0,0,1.267609075
0,0,0,0,0,0,1.269230611
0,0,0,0,0,0,1.270850888
0,0,0,0,0,0,1.272469898
0,0,0,0,0,0,1.274087634
0,0,0,0,0,0,1.27570409
0,0,0,0,0,0,1.277319256
0,0,0,0,0,0,1.278933128
0,0,0,0,0,0,1.280545696
0,0,0,0,0,0,1.282156954
0,0,0,0,0,0,1.283766895
0,0,0,0,0,0,1.285375512
0,0,0,0,0,0,1.286982796
0,0,0,0,0,0,1.288588741
0,0,0,0,0,0,1.29019334
0,0,0,0,0,0,1.291796585
0,0,0,0,0,0,1.293398469
0,0,0,0,0,0,1.294998986
0,0,0,0,0,0,1.296598127
0,0,0,0,0,0,1.298195885
0,0,0,0,0,0,1.299792254
0,0,0,0,0,0,1.301387226
0,0,0,0,0,0,1.302980793
0,0,0,0,0,0,1.30457295
0,0,0,0,0,0,1.306163688
0,0,0,0,0,0,1.307753
0,0,0,0,0,0,1.309340879
0,0,0,0,0,0,1.310927318
0,0,0,0,0,0,1.31251231
0,0,0,0,0,0,1.314095847
0,0,0,0,0,0,1.315677923
0,0,0,0,0,0,1.31725853
0,0,0,0,0,0,1.318837661
0,0,0,0,0,0,1.320415309
0,0,0,0,0,0,1.321991467
0,0,0,0,0,0,1.323566127
0,0,0,0,0,0,1.325139282
0,0,0,0,0,0,1.326710926
0,0,0,0,0,0,1.328281051
0,0,0,0,0,0,1.329849651
0,0,0,0,0,0,1.331416717
0,0,0,0,0,0,1.332982242
0,0,0,0,0,0,1.334546221
0,0,0,0,0,0,1.336108645
0,0,0,0,0,0,1.337669507
0,0,0,0,0,0,1.339228801
0,0,0,0,0,0,1.340786519
0,0,0,0,0,0,1.342342655
0,0,0,0,0,0,1.3438972
0,0,0,0,0,0,1.345450148
0,0,0,0,0,0,1.347001493
0,0,0,0,0,0,1.348551226
0,0,0,0,0,0,1.350099341
0,0,0,0,0,0,1.35164583
0,0,0,0,0,0,1.353190688
0,0,0,0,0,0,1.354733906
0,0,0,0,0,0,1.356275477
0,0,0,0,0,0,1.357815395
0,0,0,0,0,0,1.359353653
0,0,0,0,0,0,1.360890243
0,0,0,0,0,0,1.362425159
0,0,0,0,0,0,1.363958393
0,0,0,0,0,0,1.365489938
0,0,0,0,0,0,1.367019788
0,0,0,0,0,0,1.368547936
0,0,0,0,0,0,1.370074374
0,0,0,0,0,0,1.371599095
0,0,0,0,0,0,1.373122093
0,0,0,0,0,0,1.37464336
0,0,0,0,0,0,1.37616289
0,0,0,0,0,0,1.377680676
0,0,0,0,0,0,1.37919671
0,0,0,0,0,0,1.380710986
0,0,0,0,0,0,1.382223497
0,0,0,0,0,0,1.383734235
0,0,0,0,0,0,1.385243195
0,0,0,0,0,0,1.386750368
0,0,0,0,0,0,1.388255748
0,0,0,0,0,0,1.389759329
0,0,0,0,0,0,1.391261103
0,0,0,0,0,0,1.392761063
0,0,0,0,0,0,1.394259202
0,0,0,0,0,0,1.395755515
0,0,0,0,0,0,1.397249992
0,0,0,0,0,0,1.398742629
0,0,0,0,0,0,1.400233418
0,0,0,0,0,0,1.401722351
0,0,0,0,0,0,1.403209423
0,0,0,0,0,0,1.404694627
0,0,0,0,0,0,1.406177955
0,0,0,0,0,0,1.4076594
0,0,0,0,0,0,1.409138957
0,0,0,0,0,0,1.410616617
0,0,0,0,0,0,1.412092375
0,0,0,0,0,0,1.413566224
0,0,0,0,0,0,1.415038156
0,0,0,0,0,0,1.416508165
0,0,0,0,0,0,1.417976244
0,0,0,0,0,0,1.419442386
0,0,0,0,0,0,1.420906585
0,0,0,0,0,0,1.422368834
0,0,0,0,0,0,1.423829126
0,0,0,0,0,0,1.425287454
0,0,0,0,0,0,1.426743812
0,0,0,0,0,0,1.428198193
0,0,0,0,0,0,1.42965059
0,0,0,0,0,0,1.431100996
0,0,0,0,0,0,1.432549405
0,0,0,0,0,0,1.43399581
0,0,0,0,0,0,1.435440204
0,0,0,0,0,0,1.436882581
0,0,0,0,0,0,1.438322934
0,0,0,0,0,0,1.439761256
0,0,0,0,0,0,1.441197541
0,0,0,0,0,0,1.442631782
0,0,0,0,0,0,1.444063973
0,0,0,0,0,0,1.445494105
0,0,0,0,0,0,1.446922175
0,0,0,0,0,0,1.448348173
0,0,0,0,0,0,1.449772094
0,0,0,0,0,0,1.451193932
0,0,0,0,0,0,1.452613679
0,0,0,0,0,0,1.45403133
0,0,0,0,0,0,1.455446877
0,0,0,0,0,0,1.456860313
0,0,0,0,0,0,1.458271634
0,0,0,0,0,0,1.459680831
0,0,0,0,0,0,1.461087898
0,0,0,0,0,0,1.462492829
0,0,0,0,0,0,1.463895617
0,0,0,0,0,0,1.465296256
0,0,0,0,0,0,1.466694739
0,0,0,0,0,0,1.468091059
0,0,0,0,0,0,1.469485211
0,0,0,0,0,0,1.470877187
0,0,0,0,0,0,1.472266982
0,0,0,0,0,0,1.473654589
0,0,0,0,0,0,1.47504
0,0,0,0,0,0,1.476423211
0,0,0,0,0,0,1.477804214
0,0,0,0,0,0,1.479183003
0,0,0,0,0,0,1.480559571
0,0,0,0,0,0,1.481933912
0,0,0,0,0,0,1.483306021
0,0,0,0,0,0,1.484675889
0,0,0,0,0,0,1.486043512
0,0,0,0,0,0,1.487408882
0,0,0,0,0,0,1.488771993
0,0,0,0,0,0,1.490132839
0,0,0,0,0,0,1.491491413
0,0,0,0,0,0,1.49284771
0,0,0,0,0,0,1.494201722
0,0,0,0,0,0,1.495553444
0,0,0,0,0,0,1.496902869
0,0,0,0,0,0,1.498249991
0,0,0,0,0,0,1.499594804
0,0,0,0,0,0,1.5009373
0,0,0,0,0,0,1.502277475
0,0,0,0,0,0,1.503615321
0,0,0,0,0,0,1.504950833
0,0,0,0,0,0,1.506284005
0,0,0,0,0,0,1.507614829
0,0,0,0,0,0,1.5089433
0,0,0,0,0,0,1.510269411
0,0,0,0,0,0,1.511593157
0,0,0,0,0,0,1.512914531
0,0,0,0,0,0,1.514233527
0,0,0,0,0,0,1.515550139
0,0,0,0,0,0,1.51686436
0,0,0,0,0,0,1.518176185
0,0,0,0,0,0,1.519485607
0,0,0,0,0,0,1.520792621
0,0,0,0,0,0,1.522097219
0,0,0,0,0,0,1.523399397
0,0,0,0,0,0,1.524699147
0,0,0,0,0,0,1.525996464
0,0,0,0,0,0,1.527291341
0,0,0,0,0,0,1.528583773
0,0,0,0,0,0,1.529873754
0,0,0,0,0,0,1.531161277
0,0,0,0,0,0,1.532446336
0,0,0,0,0,0,1.533728926
0,0,0,0,0,0,1.535009041
0,0,0,0,0,0,1.536286673
0,0,0,0,0,0,1.537561818
0,0,0,0,0,0,1.538834469
0,0,0,0,0,0,1.540104621
0,0,0,0,0,0,1.541372267
0,0,0,0,0,0,1.542637401
0,0,0,0,0,0,1.543900018
0,0,0,0,0,0,1.545160111
0,0,0,0,0,0,1.546417675
0,0,0,0,0,0,1.547672704
0,0,0,0,0,0,1.548925191
0,0,0,0,0,0,1.550175132
0,0,0,0,0,0,1.551422519
0,0,0,0,0,0,1.552667348
0,0,0,0,0,0,1.553909612
0,0,0,0,0,0,1.555149305
0,0,0,0,0,0,1.556386422
0,0,0,0,0,0,1.557620956
0,0,0,0,0,0,1.558852903
0,0,0,0,0,0,1.560082255
0,0,0,0,0,0,1.561309008
0,0,0,0,0,0,1.562533156
0,0,0,0,0,0,1.563754692
0,0,0,0,0,0,1.564973611
0,0,0,0,0,0,1.566189908
0,0,0,0,0,0,1.567403576
0,0,0,0,0,0,1.56861461
0,0,0,0,0,0,1.569823004
0,0,0,0,0,0,1.571028753
0,0,0,0,0,0,1.57223185
0,0,0,0,0,0,1.57343229
0,0,0,0,0,0,1.574630067
0,0,0,0,0,0,1.575825176
0,0,0,0,0,0,1.577017611
0,0,0,0,0,0,1.578207367
0,0,0,0,0,0,1.579394437
0,0,0,0,0,0,1.580578817
0,0,0,0,0,0,1.5817605
0,0,0,0,0,0,1.582939481
0,0,0,0,0,0,1.584115755
0,0,0,0,0,0,1.585289315
0,0,0,0,0,0,1.586460157
0,0,0,0,0,0,1.587628274
0,0,0,0,0,0,1.588793662
0,0,0,0,0,0,1.589956314
0,0,0,0,0,0,1.591116225
0,0,0,0,0,0,1.592273391
0,0,0,0,0,0,1.593427804
0,0,0,0,0,0,1.59457946
0,0,0,0,0,0,1.595728354
0,0,0,0,0,0,1.59687448
0,0,0,0,0,0,1.598017831
0,0,0,0,0,0,1.599158404
0,0,0,0,0,0,1.600296193
0,0,0,0,0,0,1.601431192
0,0,0,0,0,0,1.602563395
0,0,0,0,0,0,1.603692799
0,0,0,0,0,0,1.604819396
0,0,0,0,0,0,1.605943182
0,0,0,0,0,0,1.607064152
0,0,0,0,0,0,1.608182299
0,0,0,0,0,0,1.60929762
0,0,0,0,0,0,1.610410108
0,0,0,0,0,0,1.611519758
0,0,0,0,0,0,1.612626565
0,0,0,0,0,0,1.613730524
0,0,0,0,0,0,1.61483163
0,0,0,0,0,0,1.615929877
0,0,0,0,0,0,1.61702526
0,0,0,0,0,0,1.618117773
0,0,0,0,0,0,1.619207413
0,0,0,0,0,0,1.620294173
0,0,0,0,0,0,1.621378048
0,0,0,0,0,0,1.622459033
0,0,0,0,0,0,1.623537124
0,0,0,0,0,0,1.624612314
0,0,0,0,0,0,1.625684599
0,0,0,0,0,0,1.626753974
0,0,0,0,0,0,1.627820433
0,0,0,0,0,0,1.628883972
0,0,0,0,0,0,1.629944585
0,0,0,0,0,0,1.631002268
0,0,0,0,0,0,1.632057015
0,0,0,0,0,0,1.633108822
0,0,0,0,0,0,1.634157683
0,0,0,0,0,0,1.635203593
0,0,0,0,0,0,1.636246548
0,0,0,0,0,0,1.637286542
0,0,0,0,0,0,1.638323571
0,0,0,0,0,0,1.639357629
0,0,0,0,0,0,1.640388712
0,0,0,0,0,0,1.641416814
0,0,0,0,0,0,1.642441932
0,0,0,0,0,0,1.643464059
0,0,0,0,0,0,1.644483191
0,0,0,0,0,0,1.645499323
0,0,0,0,0,0,1.646512451
0,0,0,0,0,0,1.647522569
0,0,0,0,0,0,1.648529673
0,0,0,0,0,0,1.649533758
0,0,0,0,0,0,1.650534819
0,0,0,0,0,0,1.651532852
0,0,0,0,0,0,1.652527851
0,0,0,0,0,0,1.653519811
0,0,0,0,0,0,1.654508729
0,0,0,0,0,0,1.655494599
0,0,0,0,0,0,1.656477417
0,0,0,0,0,0,1.657457178
0,0,0,0,0,0,1.658433877
0,0,0,0,0,0,1.65940751
0,0,0,0,0,0,1.660378071
0,0,0,0,0,0,1.661345557
0,0,0,0,0,0,1.662309963
0,0,0,0,0,0,1.663271284
0,0,0,0,0,0,1.664229515
0,0,0,0,0,0,1.665184652
0,0,0,0,0,0,1.666136691
0,0,0,0,0,0,1.667085627
0,0,0,0,0,0,1.668031454
0,0,0,0,0,0,1.66897417
0,0,0,0,0,0,1.669913769
0,0,0,0,0,0,1.670850246
0,0,0,0,0,0,1.671783598
0,0,0,0,0,0,1.67271382
0,0,0,0,0,0,1.673640907
0,0,0,0,0,0,1.674564855
0,0,0,0,0,0,1.67548566
0,0,0,0,0,0,1.676403316
0,0,0,0,0,0,1.677317821
0,0,0,0,0,0,1.678229169
0,0,0,0,0,0,1.679137355
0,0,0,0,0,0,1.680042377
0,0,0,0,0,0,1.680944228
0,0,0,0,0,0,1.681842906
0,0,0,0,0,0,1.682738405
0,0,0,0,0,0,1.683630722
0,0,0,0,0,0,1.684519852
0,0,0,0,0,0,1.685405791
0,0,0,0,0,0,1.686288534
0,0,0,0,0,0,1.687168078
0,0,0,0,0,0,1.688044418
0,0,0,0,0,0,1.688917549
0,0,0,0,0,0,1.689787469
0,0,0,0,0,0,1.690654172
0,0,0,0,0,0,1.691517655
0,0,0,0,0,0,1.692377913
0,0,0,0,0,0,1.693234942
0,0,0,0,0,0,1.694088739
0,0,0,0,0,0,1.694939298
0,0,0,0,0,0,1.695786616
0,0,0,0,0,0,1.69663069
0,0,0,0,0,0,1.697471513
0,0,0,0,0,0,1.698309084
0,0,0,0,0,0,1.699143398
0,0,0,0,0,0,1.69997445
0,0,0,0,0,0,1.700802237
0,0,0,0,0,0,1.701626755
0,0,0,0,0,0,1.702447999
0,0,0,0,0,0,1.703265967
0,0,0,0,0,0,1.704080653
0,0,0,0,0,0,1.704892055
0,0,0,0,0,0,1.705700167
0,0,0,0,0,0,1.706504987
0,0,0,0,0,0,1.70730651
0,0,0,0,0,0,1.708104733
0,0,0,0,0,0,1.708899652
0,0,0,0,0,0,1.709691262
0,0,0,0,0,0,1.710479561
0,0,0,0,0,0,1.711264544
0,0,0,0,0,0,1.712046207
0,0,0,0,0,0,1.712824547
0,0,0,0,0,0,1.713599561
0,0,0,0,0,0,1.714371243
0,0,0,0,0,0,1.715139592
0,0,0,0,0,0,1.715904602
0,0,0,0,0,0,1.71666627
0,0,0,0,0,0,1.717424593
0,0,0,0,0,0,1.718179567
0,0,0,0,0,0,1.718931188
0,0,0,0,0,0,1.719679453
0,0,0,0,0,0,1.720424358
0,0,0,0,0,0,1.721165899
0,0,0,0,0,0,1.721904074
0,0,0,0,0,0,1.722638877
0,0,0,0,0,0,1.723370307
0,0,0,0,0,0,1.724098359
0,0,0,0,0,0,1.72482303
0,0,0,0,0,0,1.725544316
0,0,0,0,0,0,1.726262214
0,0,0,0,0,0,1.72697672
0,0,0,0,0,0,1.727687831
0,0,0,0,0,0,1.728395544
0,0,0,0,0,0,1.729099855
0,0,0,0,0,0,1.729800761
0,0,0,0,0,0,1.730498258
0,0,0,0,0,0,1.731192343
0,0,0,0,0,0,1.731883013
0,0,0,0,0,0,1.732570264
0,0,0,0,0,0,1.733254093
0,0,0,0,0,0,1.733934497
0,0,0,0,0,0,1.734611472
0,0,0,0,0,0,1.735285016
0,0,0,0,0,0,1.735955124
0,0,0,0,0,0,1.736621795
0,0,0,0,0,0,1.737285023
0,0,0,0,0,0,1.737944807
0,0,0,0,0,0,1.738601144
0,0,0,0,0,0,1.739254029
0,0,0,0,0,0,1.73990346
0,0,0,0,0,0,1.740549433
0,0,0,0,0,0,1.741191947
0,0,0,0,0,0,1.741830996
0,0,0,0,0,0,1.74246658
0,0,0,0,0,0,1.743098693
0,0,0,0,0,0,1.743727334
0,0,0,0,0,0,1.744352499
0,0,0,0,0,0,1.744974185
0,0,0,0,0,0,1.745592389
0,0,0,0,0,0,1.746207109
0,0,0,0,0,0,1.746818341
0,0,0,0,0,0,1.747426082
0,0,0,0,0,0,1.74803033
0,0,0,0,0,0,1.748631081
0,0,0,0,0,0,1.749228333
0,0,0,0,0,0,1.749822083
0,0,0,0,0,0,1.750412327
0,0,0,0,0,0,1.750999063
0,0,0,0,0,0,1.751582289
0,0,0,0,0,0,1.752162001
0,0,0,0,0,0,1.752738196
0,0,0,0,0,0,1.753310872
0,0,0,0,0,0,1.753880026
0,0,0,0,0,0,1.754445656
0,0,0,0,0,0,1.755007758
0,0,0,0,0,0,1.75556633
0,0,0,0,0,0,1.756121368
0,0,0,0,0,0,1.756672872
0,0,0,0,0,0,1.757220837
0,0,0,0,0,0,1.757765261
0,0,0,0,0,0,1.758306142
0,0,0,0,0,0,1.758843476
0,0,0,0,0,0,1.759377262
0,0,0,0,0,0,1.759907497
0,0,0,0,0,0,1.760434177
0,0,0,0,0,0,1.760957301
0,0,0,0,0,0,1.761476867
0,0,0,0,0,0,1.761992871
0,0,0,0,0,0,1.762505311
0,0,0,0,0,0,1.763014184
0,0,0,0,0,0,1.763519489
0,0,0,0,0,0,1.764021222
0,0,0,0,0,0,1.764519382
0,0,0,0,0,0,1.765013965
0,0,0,0,0,0,1.76550497
0,0,0,0,0,0,1.765992394
0,0,0,0,0,0,1.766476234
0,0,0,0,0,0,1.76695649
0,0,0,0,0,0,1.767433157
0,0,0,0,0,0,1.767906234
0,0,0,0,0,0,1.768375718
0,0,0,0,0,0,1.768841607
0,0,0,0,0,0,1.7693039
0,0,0,0,0,0,1.769762593
0,0,0,0,0,0,1.770217685
0,0,0,0,0,0,1.770669173
0,0,0,0,0,0,1.771117055
0,0,0,0,0,0,1.771561329
0,0,0,0,0,0,1.772001993
0,0,0,0,0,0,1.772439044
0,0,0,0,0,0,1.772872481
0,0,0,0,0,0,1.773302302
0,0,0,0,0,0,1.773728504
0,0,0,0,0,0,1.774151085
0,0,0,0,0,0,1.774570043
0,0,0,0,0,0,1.774985377
0,0,0,0,0,0,1.775397084
0,0,0,0,0,0,1.775805162
0,0,0,0,0,0,1.776209609
0,0,0,0,0,0,1.776610424
0,0,0,0,0,0,1.777007604
0,0,0,0,0,0,1.777401147
0,0,0,0,0,0,1.777791052
0,0,0,0,0,0,1.778177317
0,0,0,0,0,0,1.778559939
0,0,0,0,0,0,1.778938917
0,0,0,0,0,0,1.77931425
0,0,0,0,0,0,1.779685934
0,0,0,0,0,0,1.780053969
0,0,0,0,0,0,1.780418353
0,0,0,0,0,0,1.780779084
0,0,0,0,0,0,1.781136159
0,0,0,0,0,0,1.781489579
0,0,0,0,0,0,1.78183934
0,0,0,0,0,0,1.782185441
0,0,0,0,0,0,1.78252788
0,0,0,0,0,0,1.782866656
0,0,0,0,0,0,1.783201767
0,0,0,0,0,0,1.783533212
0,0,0,0,0,0,1.783860988
0,0,0,0,0,0,1.784185095
0,0,0,0,0,0,1.78450553
0,0,0,0,0,0,1.784822293
0,0,0,0,0,0,1.785135381
0,0,0,0,0,0,1.785444793
0,0,0,0,0,0,1.785750528
0,0,0,0,0,0,1.786052583
0,0,0,0,0,0,1.786350959
0,0,0,0,0,0,1.786645652
0,0,0,0,0,0,1.786936663
0,0,0,0,0,0,1.787223988
0,0,0,0,0,0,1.787507628
0,0,0,0,0,0,1.78778758
0,0,0,0,0,0,1.788063844
0,0,0,0,0,0,1.788336417
0,0,0,0,0,0,1.788605299
0,0,0,0,0,0,1.788870488
0,0,0,0,0,0,1.789131983
0,0,0,0,0,0,1.789389782
0,0,0,0,0,0,1.789643886
0,0,0,0,0,0,1.789894291
0,0,0,0,0,0,1.790140997
0,0,0,0,0,0,1.790384004
0,0,0,0,0,0,1.790623308
0,0,0,0,0,0,1.790858911
0,0,0,0,0,0,1.791090809
0,0,0,0,0,0,1.791319003
0,0,0,0,0,0,1.791543491
0,0,0,0,0,0,1.791764272
0,0,0,0,0,0,1.791981345
0,0,0,0,0,0,1.792194709
0,0,0,0,0,0,1.792404362
0,0,0,0,0,0,1.792610305
0,0,0,0,0,0,1.792812535
0,0,0,0,0,0,1.793011052
0,0,0,0,0,0,1.793205855
0,0,0,0,0,0,1.793396943
0,0,0,0,0,0,1.793584315
0,0,0,0,0,0,1.79376797
0,0,0,0,0,0,1.793947907
0,0,0,0,0,0,1.794124126
0,0,0,0,0,0,1.794296625
0,0,0,0,0,0,1.794465404
0,0,0,0,0,0,1.794630462
0,0,0,0,0,0,1.794791797
0,0,0,0,0,0,1.79494941
0,0,0,0,0,0,1.7951033
0,0,0,0,0,0,1.795253465
0,0,0,0,0,0,1.795399905
0,0,0,0,0,0,1.79554262
0,0,0,0,0,0,1.795681608
0,0,0,0,0,0,1.795816869
0,0,0,0,0,0,1.795948402
0,0,0,0,0,0,1.796076207
0,0,0,0,0,0,1.796200283
0,0,0,0,0,0,1.796320629
0,0,0,0,0,0,1.796437246
0,0,0,0,0,0,1.796550131
0,0,0,0,0,0,1.796659286
0,0,0,0,0,0,1.796764708
0,0,0,0,0,0,1.796866398
0,0,0,0,0,0,1.796964355
0,0,0,0,0,0,1.79705858
0,0,0,0,0,0,1.79714907
0,0,0,0,0,0,1.797235826
0,0,0,0,0,0,1.797318847
0,0,0,0,0,0,1.797398134
0,0,0,0,0,0,1.797473685
0,0,0,0,0,0,1.7975455
0,0,0,0,0,0,1.79761358
0,0,0,0,0,0,1.797677923
0,0,0,0,0,0,1.797738529
0,0,0,0,0,0,1.797795398
0,0,0,0,0,0,1.797848529
0,0,0,0,0,0,1.797897924
0,0,0,0,0,0,1.79794358
0,0,0,0,0,0,1.797985498
0,0,0,0,0,0,1.798023678
0,0,0,0,0,0,1.79805812
0,0,0,0,0,0,1.798088823
0,0,0,0,0,0,1.798115787
0,0,0,0,0,0,1.798139013
0,0,0,0,0,0,1.798158499
0,0,0,0,0,0,1.798174247
0,0,0,0,0,0,1.798186255
0,0,0,0,0,0,1.798194524
0,0,0,0,0,0,1.798199054
0,0,0,0,0,0,1.798199844
0,0,0,0,0,0,1.798196896
0,0,0,0,0,0,1.798190207
0,0,0,0,0,0,1.79817978
0,0,0,0,0,0,1.798165614
0,0,0,0,0,0,1.798147708
0,0,0,0,0,0,1.798126064
0,0,0,0,0,0,1.79810068
0,0,0,0,0,0,1.798071558
0,0,0,0,0,0,1.798038697
0,0,0,0,0,0,1.798002097
0,0,0,0,0,0,1.79796176
0,0,0,0,0,0,1.797917684
0,0,0,0,0,0,1.79786987
0,0,0,0,0,0,1.797818318
0,0,0,0,0,0,1.797763029
0,0,0,0,0,0,1.797704003
0,0,0,0,0,0,1.79764124
0,0,0,0,0,0,1.797574741
0,0,0,0,0,0,1.797504505
0,0,0,0,0,0,1.797430533
0,0,0,0,0,0,1.797352826
0,0,0,0,0,0,1.797271384
0,0,0,0,0,0,1.797186207
0,0,0,0,0,0,1.797097295
0,0,0,0,0,0,1.79700465
0,0,0,0,0,0,1.796908271
0,0,0,0,0,0,1.796808159
0,0,0,0,0,0,1.796704314
0,0,0,0,0,0,1.796596738
0,0,0,0,0,0,1.79648543
0,0,0,0,0,0,1.796370391
0,0,0,0,0,0,1.796251622
0,0,0,0,0,0,1.796129122
0,0,0,0,0,0,1.796002894
0,0,0,0,0,0,1.795872937
0,0,0,0,0,0,1.795739252
0,0,0,0,0,0,1.79560184
0,0,0,0,0,0,1.795460701
0,0,0,0,0,0,1.795315836
0,0,0,0,0,0,1.795167245
0,0,0,0,0,0,1.79501493
0,0,0,0,0,0,1.794858892
0,0,0,0,0,0,1.79469913
0,0,0,0,0,0,1.794535646
0,0,0,0,0,0,1.79436844
0,0,0,0,0,0,1.794197514
0,0,0,0,0,0,1.794022868
0,0,0,0,0,0,1.793844503
0,0,0,0,0,0,1.793662419
0,0,0,0,0,0,1.793476619
0,0,0,0,0,0,1.793287102
0,0,0,0,0,0,1.79309387
0,0,0,0,0,0,1.792896923
0,0,0,0,0,0,1.792696262
0,0,0,0,0,0,1.792491889
0,0,0,0,0,0,1.792283805
0,0,0,0,0,0,1.792072009
0,0,0,0,0,0,1.791856505
0,0,0,0,0,0,1.791637291
0,0,0,0,0,0,1.791414371
0,0,0,0,0,0,1.791187744
0,0,0,0,0,0,1.790957411
0,0,0,0,0,0,1.790723375
0,0,0,0,0,0,1.790485635
0,0,0,0,0,0,1.790244194
0,0,0,0,0,0,1.789999052
0,0,0,0,0,0,1.78975021
0,0,0,0,0,0,1.78949767
0,0,0,0,0,0,1.789241433
0,0,0,0,0,0,1.788981501
0,0,0,0,0,0,1.788717873
0,0,0,0,0,0,1.788450553
0,0,0,0,0,0,1.78817954
0,0,0,0,0,0,1.787904837
0,0,0,0,0,0,1.787626444
0,0,0,0,0,0,1.787344363
0,0,0,0,0,0,1.787058596
0,0,0,0,0,0,1.786769143
0,0,0,0,0,0,1.786476007
0,0,0,0,0,0,1.786179188
0,0,0,0,0,0,1.785878688
0,0,0,0,0,0,1.785574509
0,0,0,0,0,0,1.785266651
0,0,0,0,0,0,1.784955117
0,0,0,0,0,0,1.784639908
0,0,0,0,0,0,1.784321026
0,0,0,0,0,0,1.783998471
0,0,0,0,0,0,1.783672246
0,0,0,0,0,0,1.783342352
0,0,0,0,0,0,1.783008791
0,0,0,0,0,0,1.782671564
0,0,0,0,0,0,1.782330674
0,0,0,0,0,0,1.781986121
0,0,0,0,0,0,1.781637907
0,0,0,0,0,0,1.781286034
0,0,0,0,0,0,1.780930504
0,0,0,0,0,0,1.780571319
0,0,0,0,0,0,1.780208479
0,0,0,0,0,0,1.779841988
0,0,0,0,0,0,1.779471846
0,0,0,0,0,0,1.779098056
0,0,0,0,0,0,1.778720619
0,0,0,0,0,0,1.778339537
0,0,0,0,0,0,1.777954812
0,0,0,0,0,0,1.777566446
0,0,0,0,0,0,1.777174441
0,0,0,0,0,0,1.776778798
0,0,0,0,0,0,1.77637952
0,0,0,0,0,0,1.775976608
0,0,0,0,0,0,1.775570065
0,0,0,0,0,0,1.775159892
0,0,0,0,0,0,1.774746092
0,0,0,0,0,0,1.774328666
0,0,0,0,0,0,1.773907616
0,0,0,0,0,0,1.773482945
0,0,0,0,0,0,1.773054654
0,0,0,0,0,0,1.772622746
0,0,0,0,0,0,1.772187222
0,0,0,0,0,0,1.771748086
0,0,0,0,0,0,1.771305338
0,0,0,0,0,0,1.770858981
0,0,0,0,0,0,1.770409017
0,0,0,0,0,0,1.769955449
0,0,0,0,0,0,1.769498278
0,0,0,0,0,0,1.769037507
0,0,0,0,0,0,1.768573138
0,0,0,0,0,0,1.768105174
0,0,0,0,0,0,1.767633615
0,0,0,0,0,0,1.767158466
0,0,0,0,0,0,1.766679728
0,0,0,0,0,0,1.766197403
0,0,0,0,0,0,1.765711494
0,0,0,0,0,0,1.765222002
0,0,0,0,0,0,1.764728932
0,0,0,0,0,0,1.764232284
0,0,0,0,0,0,1.763732061
0,0,0,0,0,0,1.763228266
0,0,0,0,0,0,1.762720902
0,0,0,0,0,0,1.762209969
0,0,0,0,0,0,1.761695472
0,0,0,0,0,0,1.761177412
0,0,0,0,0,0,1.760655792
0,0,0,0,0,0,1.760130615
0,0,0,0,0,0,1.759601883
0,0,0,0,0,0,1.759069598
0,0,0,0,0,0,1.758533764
0,0,0,0,0,0,1.757994382
0,0,0,0,0,0,1.757451456
0,0,0,0,0,0,1.756904988
0,0,0,0,0,0,1.75635498
0,0,0,0,0,0,1.755801436
0,0,0,0,0,0,1.755244357
0,0,0,0,0,0,1.754683748
0,0,0,0,0,0,1.754119609
0,0,0,0,0,0,1.753551945
0,0,0,0,0,0,1.752980758
0,0,0,0,0,0,1.75240605
0,0,0,0,0,0,1.751827824
0,0,0,0,0,0,1.751246084
0,0,0,0,0,0,1.750660832
0,0,0,0,0,0,1.75007207
0,0,0,0,0,0,1.749479802
0,0,0,0,0,0,1.748884031
0,0,0,0,0,0,1.748284759
0,0,0,0,0,0,1.747681989
0,0,0,0,0,0,1.747075725
0,0,0,0,0,0,1.746465968
0,0,0,0,0,0,1.745852723
0,0,0,0,0,0,1.745235991
0,0,0,0,0,0,1.744615777
0,0,0,0,0,0,1.743992083
0,0,0,0,0,0,1.743364911
0,0,0,0,0,0,1.742734266
0,0,0,0,0,0,1.742100149
0,0,0,0,0,0,1.741462565
0,0,0,0,0,0,1.740821515
0,0,0,0,0,0,1.740177004
0,0,0,0,0,0,1.739529035
0,0,0,0,0,0,1.73887761
0,0,0,0,0,0,1.738222732
0,0,0,0,0,0,1.737564406
0,0,0,0,0,0,1.736902633
0,0,0,0,0,0,1.736237418
0,0,0,0,0,0,1.735568762
0,0,0,0,0,0,1.734896671
0,0,0,0,0,0,1.734221146
0,0,0,0,0,0,1.733542191
0,0,0,0,0,0,1.73285981
0,0,0,0,0,0,1.732174005
0,0,0,0,0,0,1.731484781
0,0,0,0,0,0,1.730792139
0,0,0,0,0,0,1.730096084
0,0,0,0,0,0,1.729396619
0,0,0,0,0,0,1.728693748
0,0,0,0,0,0,1.727987473
0,0,0,0,0,0,1.727277798
0,0,0,0,0,0,1.726564726
0,0,0,0,0,0,1.725848262
0,0,0,0,0,0,1.725128408
0,0,0,0,0,0,1.724405168
0,0,0,0,0,0,1.723678545
0,0,0,0,0,0,1.722948543
0,0,0,0,0,0,1.722215166
0,0,0,0,0,0,1.721478416
0,0,0,0,0,0,1.720738298
0,0,0,0,0,0,1.719994815
0,0,0,0,0,0,1.71924797
0,0,0,0,0,0,1.718497767
0,0,0,0,0,0,1.717744211
0,0,0,0,0,0,1.716987303
0,0,0,0,0,0,1.716227049
0,0,0,0,0,0,1.715463451
0,0,0,0,0,0,1.714696514
0,0,0,0,0,0,1.713926241
0,0,0,0,0,0,1.713152635
0,0,0,0,0,0,1.712375701
0,0,0,0,0,0,1.711595442
0,0,0,0,0,0,1.710811863
0,0,0,0,0,0,1.710024965
0,0,0,0,0,0,1.709234755
0,0,0,0,0,0,1.708441234
0,0,0,0,0,0,1.707644408
0,0,0,0,0,0,1.70684428
0,0,0,0,0,0,1.706040853
0,0,0,0,0,0,1.705234132
0,0,0,0,0,0,1.704424121
0,0,0,0,0,0,1.703610823
0,0,0,0,0,0,1.702794242
0,0,0,0,0,0,1.701974383
0,0,0,0,0,0,1.701151248
0,0,0,0,0,0,1.700324843
0,0,0,0,0,0,1.699495171
0,0,0,0,0,0,1.698662236
0,0,0,0,0,0,1.697826042
0,0,0,0,0,0,1.696986593
0,0,0,0,0,0,1.696143893
0,0,0,0,0,0,1.695297947
0,0,0,0,0,0,1.694448757
0,0,0,0,0,0,1.693596329
0,0,0,0,0,0,1.692740666
0,0,0,0,0,0,1.691881773
0,0,0,0,0,0,1.691019653
0,0,0,0,0,0,1.690154311
0,0,0,0,0,0,1.68928575
0,0,0,0,0,0,1.688413976
0,0,0,0,0,0,1.687538992
0,0,0,0,0,0,1.686660802
0,0,0,0,0,0,1.685779411
0,0,0,0,0,0,1.684894823
0,0,0,0,0,0,1.684007042
0,0,0,0,0,0,1.683116072
0,0,0,0,0,0,1.682221918
0,0,0,0,0,0,1.681324584
0,0,0,0,0,0,1.680424073
0,0,0,0,0,0,1.679520392
0,0,0,0,0,0,1.678613543
0,0,0,0,0,0,1.677703531
0,0,0,0,0,0,1.676790361
0,0,0,0,0,0,1.675874036
0,0,0,0,0,0,1.674954562
0,0,0,0,0,0,1.674031943
0,0,0,0,0,0,1.673106182
0,0,0,0,0,0,1.672177285
0,0,0,0,0,0,1.671245256
0,0,0,0,0,0,1.6703101
0,0,0,0,0,0,1.66937182
0,0,0,0,0,0,1.668430422
0,0,0,0,0,0,1.667485909
0,0,0,0,0,0,1.666538287
0,0,0,0,0,0,1.66558756
0,0,0,0,0,0,1.664633732
0,0,0,0,0,0,1.663676809
0,0,0,0,0,0,1.662716793
0,0,0,0,0,0,1.661753692
0,0,0,0,0,0,1.660787507
0,0,0,0,0,0,1.659818245
0,0,0,0,0,0,1.658845911
0,0,0,0,0,0,1.657870508
0,0,0,0,0,0,1.656892041
0,0,0,0,0,0,1.655910515
0,0,0,0,0,0,1.654925935
0,0,0,0,0,0,1.653938305
0,0,0,0,0,0,1.65294763
0,0,0,0,0,0,1.651953915
0,0,0,0,0,0,1.650957165
0,0,0,0,0,0,1.649957384
0,0,0,0,0,0,1.648954577
0,0,0,0,0,0,1.647948749
0,0,0,0,0,0,1.646939905
0,0,0,0,0,0,1.645928049
0,0,0,0,0,0,1.644913186
0,0,0,0,0,0,1.643895321
0,0,0,0,0,0,1.64287446
0,0,0,0,0,0,1.641850606
0,0,0,0,0,0,1.640823765
0,0,0,0,0,0,1.639793942
0,0,0,0,0,0,1.638761141
0,0,0,0,0,0,1.637725368
0,0,0,0,0,0,1.636686627
0,0,0,0,0,0,1.635644924
0,0,0,0,0,0,1.634600262
0,0,0,0,0,0,1.633552648
0,0,0,0,0,0,1.632502086
0,0,0,0,0,0,1.631448582
0,0,0,0,0,0,1.63039214
0,0,0,0,0,0,1.629332765
0,0,0,0,0,0,1.628270462
0,0,0,0,0,0,1.627205237
0,0,0,0,0,0,1.626137094
0,0,0,0,0,0,1.625066039
0,0,0,0,0,0,1.623992076
0,0,0,0,0,0,1.622915212
0,0,0,0,0,0,1.62183545
0,0,0,0,0,0,1.620752796
0,0,0,0,0,0,1.619667255
0,0,0,0,0,0,1.618578832
0,0,0,0,0,0,1.617487533
0,0,0,0,0,0,1.616393363
0,0,0,0,0,0,1.615296326
0,0,0,0,0,0,1.614196429
0,0,0,0,0,0,1.613093676
0,0,0,0,0,0,1.611988072
0,0,0,0,0,0,1.610879623
0,0,0,0,0,0,1.609768334
0,0,0,0,0,0,1.608654211
0,0,0,0,0,0,1.607537258
0,0,0,0,0,0,1.606417481
0,0,0,0,0,0,1.605294885
0,0,0,0,0,0,1.604169475
0,0,0,0,0,0,1.603041258
0,0,0,0,0,0,1.601910238
0,0,0,0,0,0,1.60077642
0,0,0,0,0,0,1.59963981
0,0,0,0,0,0,1.598500414
0,0,0,0,0,0,1.597358236
0,0,0,0,0,0,1.596213283
0,0,0,0,0,0,1.595065559
0,0,0,0,0,0,1.59391507
0,0,0,0,0,0,1.592761822
0,0,0,0,0,0,1.591605819
0,0,0,0,0,0,1.590447068
0,0,0,0,0,0,1.589285574
0,0,0,0,0,0,1.588121342
0,0,0,0,0,0,1.586954378
0,0,0,0,0,0,1.585784688
0,0,0,0,0,0,1.584612276
0,0,0,0,0,0,1.583437149
0,0,0,0,0,0,1.582259312
0,0,0,0,0,0,1.581078771
0,0,0,0,0,0,1.579895531
0,0,0,0,0,0,1.578709598
0,0,0,0,0,0,1.577520977
0,0,0,0,0,0,1.576329674
0,0,0,0,0,0,1.575135694
0,0,0,0,0,0,1.573939045
0,0,0,0,0,0,1.57273973
0,0,0,0,0,0,1.571537755
0,0,0,0,0,0,1.570333127
0,0,0,0,0,0,1.569125851
0,0,0,0,0,0,1.567915932
0,0,0,0,0,0,1.566703377
0,0,0,0,0,0,1.565488191
0,0,0,0,0,0,1.56427038
0,0,0,0,0,0,1.56304995
0,0,0,0,0,0,1.561826906
0,0,0,0,0,0,1.560601254
0,0,0,0,0,0,1.559372999
0,0,0,0,0,0,1.558142149
0,0,0,0,0,0,1.556908708
0,0,0,0,0,0,1.555672682
0,0,0,0,0,0,1.554434077
0,0,0,0,0,0,1.5531929
0,0,0,0,0,0,1.551949155
0,0,0,0,0,0,1.550702849
0,0,0,0,0,0,1.549453987
0,0,0,0,0,0,1.548202576
0,0,0,0,0,0,1.546948621
0,0,0,0,0,0,1.545692128
0,0,0,0,0,0,1.544433103
0,0,0,0,0,0,1.543171553
0,0,0,0,0,0,1.541907482
0,0,0,0,0,0,1.540640897
0,0,0,0,0,0,1.539371804
0,0,0,0,0,0,1.538100209
0,0,0,0,0,0,1.536826118
0,0,0,0,0,0,1.535549537
0,0,0,0,0,0,1.534270471
0,0,0,0,0,0,1.532988927
0,0,0,0,0,0,1.531704911
0,0,0,0,0,0,1.530418429
0,0,0,0,0,0,1.529129487
0,0,0,0,0,0,1.52783809
0,0,0,0,0,0,1.526544246
0,0,0,0,0,0,1.52524796
0,0,0,0,0,0,1.523949237
0,0,0,0,0,0,1.522648086
0,0,0,0,0,0,1.52134451
0,0,0,0,0,0,1.520038517
0,0,0,0,0,0,1.518730113
0,0,0,0,0,0,1.517419303
0,0,0,0,0,0,1.516106094
0,0,0,0,0,0,1.514790492
0,0,0,0,0,0,1.513472503
0,0,0,0,0,0,1.512152134
0,0,0,0,0,0,1.51082939
0,0,0,0,0,0,1.509504278
0,0,0,0,0,0,1.508176804
0,0,0,0,0,0,1.506846974
0,0,0,0,0,0,1.505514795
0,0,0,0,0,0,1.504180271
0,0,0,0,0,0,1.502843411
0,0,0,0,0,0,1.50150422
0,0,0,0,0,0,1.500162704
0,0,0,0,0,0,1.49881887
0,0,0,0,0,0,1.497472724
0,0,0,0,0,0,1.496124272
0,0,0,0,0,0,1.494773521
0,0,0,0,0,0,1.493420476
0,0,0,0,0,0,1.492065144
0,0,0,0,0,0,1.490707532
0,0,0,0,0,0,1.489347646
0,0,0,0,0,0,1.487985492
0,0,0,0,0,0,1.486621076
0,0,0,0,0,0,1.485254405
0,0,0,0,0,0,1.483885485
0,0,0,0,0,0,1.482514323
0,0,0,0,0,0,1.481140925
0,0,0,0,0,0,1.479765298
0,0,0,0,0,0,1.478387447
0,0,0,0,0,0,1.477007379
0,0,0,0,0,0,1.475625101
0,0,0,0,0,0,1.474240619
0,0,0,0,0,0,1.47285394
0,0,0,0,0,0,1.47146507
0,0,0,0,0,0,1.470074015
0,0,0,0,0,0,1.468680782
0,0,0,0,0,0,1.467285378
0,0,0,0,0,0,1.465887808
0,0,0,0,0,0,1.46448808
0,0,0,0,0,0,1.4630862
0,0,0,0,0,0,1.461682174
0,0,0,0,0,0,1.46027601
0,0,0,0,0,0,1.458867712
0,0,0,0,0,0,1.457457289
0,0,0,0,0,0,1.456044746
0,0,0,0,0,0,1.454630091
0,0,0,0,0,0,1.453213329
0,0,0,0,0,0,1.451794468
0,0,0,0,0,0,1.450373513
0,0,0,0,0,0,1.448950472
0,0,0,0,0,0,1.447525351
0,0,0,0,0,0,1.446098156
0,0,0,0,0,0,1.444668895
0,0,0,0,0,0,1.443237574
0,0,0,0,0,0,1.441804199
0,0,0,0,0,0,1.440368778
0,0,0,0,0,0,1.438931316
0,0,0,0,0,0,1.437491821
0,0,0,0,0,0,1.436050299
0,0,0,0,0,0,1.434606757
0,0,0,0,0,0,1.433161201
0,0,0,0,0,0,1.431713639
0,0,0,0,0,0,1.430264076
0,0,0,0,0,0,1.42881252
0,0,0,0,0,0,1.427358977
0,0,0,0,0,0,1.425903454
0,0,0,0,0,0,1.424445958
0,0,0,0,0,0,1.422986496
0,0,0,0,0,0,1.421525074
0,0,0,0,0,0,1.420061698
0,0,0,0,0,0,1.418596377
0,0,0,0,0,0,1.417129116
0,0,0,0,0,0,1.415659922
0,0,0,0,0,0,1.414188802
0,0,0,0,0,0,1.412715763
0,0,0,0,0,0,1.411240812
0,0,0,0,0,0,1.409763955
0,0,0,0,0,0,1.408285199
0,0,0,0,0,0,1.406804551
0,0,0,0,0,0,1.405322018
0,0,0,0,0,0,1.403837607
0,0,0,0,0,0,1.402351324
0,0,0,0,0,0,1.400863177
0,0,0,0,0,0,1.399373172
0,0,0,0,0,0,1.397881316
0,0,0,0,0,0,1.396387616
0,0,0,0,0,0,1.394892078
0,0,0,0,0,0,1.39339471
0,0,0,0,0,0,1.391895519
0,0,0,0,0,0,1.390394511
0,0,0,0,0,0,1.388891694
0,0,0,0,0,0,1.387387074
0,0,0,0,0,0,1.385880657
0,0,0,0,0,0,1.384372452
0,0,0,0,0,0,1.382862465
0,0,0,0,0,0,1.381350703
0,0,0,0,0,0,1.379837173
0,0,0,0,0,0,1.378321881
0,0,0,0,0,0,1.376804835
0,0,0,0,0,0,1.375286042
0,0,0,0,0,0,1.373765508
0,0,0,0,0,0,1.372243241
0,0,0,0,0,0,1.370719247
0,0,0,0,0,0,1.369193534
0,0,0,0,0,0,1.367666109
0,0,0,0,0,0,1.366136978
0,0,0,0,0,0,1.364606148
0,0,0,0,0,0,1.363073627
0,0,0,0,0,0,1.361539422
0,0,0,0,0,0,1.360003539
0,0,0,0,0,0,1.358465985
0,0,0,0,0,0,1.356926769
0,0,0,0,0,0,1.355385895
0,0,0,0,0,0,1.353843372
0,0,0,0,0,0,1.352299207
0,0,0,0,0,0,1.350753407
0,0,0,0,0,0,1.349205978
0,0,0,0,0,0,1.347656929
0,0,0,0,0,0,1.346106265
0,0,0,0,0,0,1.344553994
0,0,0,0,0,0,1.343000123
0,0,0,0,0,0,1.341444659
0,0,0,0,0,0,1.339887609
0,0,0,0,0,0,1.338328981
0,0,0,0,0,0,1.336768781
0,0,0,0,0,0,1.335207016
0,0,0,0,0,0,1.333643694
0,0,0,0,0,0,1.332078821
0,0,0,0,0,0,1.330512406
0,0,0,0,0,0,1.328944454
0,0,0,0,0,0,1.327374973
0,0,0,0,0,0,1.32580397
0,0,0,0,0,0,1.324231453
0,0,0,0,0,0,1.322657428
0,0,0,0,0,0,1.321081903
0,0,0,0,0,0,1.319504884
0,0,0,0,0,0,1.317926379
0,0,0,0,0,0,1.316346396
0,0,0,0,0,0,1.31476494
0,0,0,0,0,0,1.31318202
0,0,0,0,0,0,1.311597642
0,0,0,0,0,0,1.310011814
0,0,0,0,0,0,1.308424543
0,0,0,0,0,0,1.306835836
0,0,0,0,0,0,1.3052457
0,0,0,0,0,0,1.303654142
0,0,0,0,0,0,1.30206117
0,0,0,0,0,0,1.300466791
0,0,0,0,0,0,1.298871012
0,0,0,0,0,0,1.29727384
0,0,0,0,0,0,1.295675283
0,0,0,0,0,0,1.294075347
0,0,0,0,0,0,1.292474041
0,0,0,0,0,0,1.29087137
0,0,0,0,0,0,1.289267342
0,0,0,0,0,0,1.287661966
0,0,0,0,0,0,1.286055247
0,0,0,0,0,0,1.284447193
0,0,0,0,0,0,1.282837811
0,0,0,0,0,0,1.281227109
0,0,0,0,0,0,1.279615094
0,0,0,0,0,0,1.278001772
0,0,0,0,0,0,1.276387152
0,0,0,0,0,0,1.274771241
0,0,0,0,0,0,1.273154045
0,0,0,0,0,0,1.271535573
0,0,0,0,0,0,1.26991583
0,0,0,0,0,0,1.268294826
0,0,0,0,0,0,1.266672566
0,0,0,0,0,0,1.265049059
0,0,0,0,0,0,1.263424311
0,0,0,0,0,0,1.261798329
0,0,0,0,0,0,1.260171122
0,0,0,0,0,0,1.258542696
0,0,0,0,0,0,1.256913059
0,0,0,0,0,0,1.255282218
0,0,0,0,0,0,1.25365018
0,0,0,0,0,0,1.252016952
0,0,0,0,0,0,1.250382543
0,0,0,0,0,0,1.248746958
0,0,0,0,0,0,1.247110206
0,0,0,0,0,0,1.245472294
0,0,0,0,0,0,1.243833229
0,0,0,0,0,0,1.242193018
0,0,0,0,0,0,1.240551669
0,0,0,0,0,0,1.238909189
0,0,0,0,0,0,1.237265586
0,0,0,0,0,0,1.235620866
0,0,0,0,0,0,1.233975038
0,0,0,0,0,0,1.232328107
0,0,0,0,0,0,1.230680083
0,0,0,0,0,0,1.229030972
0,0,0,0,0,0,1.227380781
0,0,0,0,0,0,1.225729518
0,0,0,0,0,0,1.22407719
0,0,0,0,0,0,1.222423804
0,0,0,0,0,0,1.220769368
0,0,0,0,0,0,1.21911389
0,0,0,0,0,0,1.217457376
0,0,0,0,0,0,1.215799834
0,0,0,0,0,0,1.214141271
0,0,0,0,0,0,1.212481695
0,0,0,0,0,0,1.210821112
0,0,0,0,0,0,1.209159531
0,0,0,0,0,0,1.207496959
0,0,0,0,0,0,1.205833403
0,0,0,0,0,0,1.20416887
0,0,0,0,0,0,1.202503368
0,0,0,0,0,0,1.200836905
0,0,0,0,0,0,1.199169487
0,0,0,0,0,0,1.197501121
0,0,0,0,0,0,1.195831816
0,0,0,0,0,0,1.194161579
0,0,0,0,0,0,1.192490417
0,0,0,0,0,0,1.190818337
0,0,0,0,0,0,1.189145347
0,0,0,0,0,0,1.187471454
0,0,0,0,0,0,1.185796666
0,0,0,0,0,0,1.18412099
0,0,0,0,0,0,1.182444433
0,0,0,0,0,0,1.180767003
0,0,0,0,0,0,1.179088707
0,0,0,0,0,0,1.177409553
0,0,0,0,0,0,1.175729548
0,0,0,0,0,0,1.174048698
0,0,0,0,0,0,1.172367013
0,0,0,0,0,0,1.170684499
0,0,0,0,0,0,1.169001163
0,0,0,0,0,0,1.167317013
0,0,0,0,0,0,1.165632056
0,0,0,0,0,0,1.1639463
0,0,0,0,0,0,1.162259752
0,0,0,0,0,0,1.160572419
0,0,0,0,0,0,1.158884309
0,0,0,0,0,0,1.15719543
0,0,0,0,0,0,1.155505788
0,0,0,0,0,0,1.153815391
0,0,0,0,0,0,1.152124247
0,0,0,0,0,0,1.150432362
0,0,0,0,0,0,1.148739745
0,0,0,0,0,0,1.147046402
0,0,0,0,0,0,1.145352342
0,0,0,0,0,0,1.14365757
0,0,0,0,0,0,1.141962096
0,0,0,0,0,0,1.140265926
0,0,0,0,0,0,1.138569067
0,0,0,0,0,0,1.136871527
0,0,0,0,0,0,1.135173314
0,0,0,0,0,0,1.133474435
0,0,0,0,0,0,1.131774897
0,0,0,0,0,0,1.130074707
0,0,0,0,0,0,1.128373873
0,0,0,0,0,0,1.126672403
0,0,0,0,0,0,1.124970304
0,0,0,0,0,0,1.123267582
0,0,0,0,0,0,1.121564246
0,0,0,0,0,0,1.119860304
0,0,0,0,0,0,1.118155761
0,0,0,0,0,0,1.116450627
0,0,0,0,0,0,1.114744907
0,0,0,0,0,0,1.11303861
0,0,0,0,0,0,1.111331743
0,0,0,0,0,0,1.109624313
0,0,0,0,0,0,1.107916328
0,0,0,0,0,0,1.106207795
0,0,0,0,0,0,1.104498721
0,0,0,0,0,0,1.102789115
0,0,0,0,0,0,1.101078982
0,0,0,0,0,0,1.099368331
0,0,0,0,0,0,1.097657169
0,0,0,0,0,0,1.095945504
0,0,0,0,0,0,1.094233342
0,0,0,0,0,0,1.092520691
0,0,0,0,0,0,1.090807559
0,0,0,0,0,0,1.089093953
0,0,0,0,0,0,1.08737988
0,0,0,0,0,0,1.085665347
0,0,0,0,0,0,1.083950363
0,0,0,0,0,0,1.082234934
0,0,0,0,0,0,1.080519068
0,0,0,0,0,0,1.078802772
0,0,0,0,0,0,1.077086053
0,0,0,0,0,0,1.075368919
0,0,0,0,0,0,1.073651377
0,0,0,0,0,0,1.071933435
0,0,0,0,0,0,1.0702151
0,0,0,0,0,0,1.068496379
0,0,0,0,0,0,1.066777279
0,0,0,0,0,0,1.065057809
0,0,0,0,0,0,1.063337975
0,0,0,0,0,0,1.061617784
0,0,0,0,0,0,1.059897244
0,0,0,0,0,0,1.058176363
0,0,0,0,0,0,1.056455148
0,0,0,0,0,0,1.054733605
0,0,0,0,0,0,1.053011743
0,0,0,0,0,0,1.051289569
0,0,0,0,0,0,1.049567089
0,0,0,0,0,0,1.047844312
0,0,0,0,0,0,1.046121245
0,0,0,0,0,0,1.044397894
0,0,0,0,0,0,1.042674268
0,0,0,0,0,0,1.040950374
0,0,0,0,0,0,1.039226218
0,0,0,0,0,0,1.037501809
0,0,0,0,0,0,1.035777153
0,0,0,0,0,0,1.034052258
0,0,0,0,0,0,1.032327131
0,0,0,0,0,0,1.03060178
0,0,0,0,0,0,1.028876212
0,0,0,0,0,0,1.027150434
0,0,0,0,0,0,1.025424453
0,0,0,0,0,0,1.023698276
0,0,0,0,0,0,1.021971912
0,0,0,0,0,0,1.020245367
0,0,0,0,0,0,1.018518648
0,0,0,0,0,0,1.016791764
0,0,0,0,0,0,1.01506472
0,0,0,0,0,0,1.013337524
0,0,0,0,0,0,1.011610185
0,0,0,0,0,0,1.009882708
0,0,0,0,0,0,1.008155101
0,0,0,0,0,0,1.006427371
0,0,0,0,0,0,1.004699527
0,0,0,0,0,0,1.002971574
0,0,0,0,0,0,1.00124352
0,0,0,0,0,0,0.9995153724
0,0,0,0,0,0,0.9977871386
0,0,0,0,0,0,0.9960588256
0,0,0,0,0,0,0.9943304407
0,0,0,0,0,0,0.9926019912
0,0,0,0,0,0,0.9908734841
0,0,0,0,0,0,0.9891449269
0,0,0,0,0,0,0.9874163265
0,0,0,0,0,0,0.9856876904
0,0,0,0,0,0,0.9839590257
0,0,0,0,0,0,0.9822303395
0,0,0,0,0,0,0.9805016391
0,0,0,0,0,0,0.9787729318
0,0,0,0,0,0,0.9770442246
0,0,0,0,0,0,0.9753155247
0,0,0,0,0,0,0.9735868395
0,0,0,0,0,0,0.9718581759
0,0,0,0,0,0,0.9701295413
0,0,0,0,0,0,0.9684009427
0,0,0,0,0,0,0.9666723873
0,0,0,0,0,0,0.9649438824
0,0,0,0,0,0,0.963215435
0,0,0,0,0,0,0.9614870523
0,0,0,0,0,0,0.9597587415
0,0,0,0,0,0,0.9580305097
0,0,0,0,0,0,0.956302364
0,0,0,0,0,0,0.9545743116
0,0,0,0,0,0,0.9528463596
0,0,0,0,0,0,0.9511185151
0,0,0,0,0,0,0.9493907852
0,0,0,0,0,0,0.9476631771
0,0,0,0,0,0,0.9459356978
0,0,0,0,0,0,0.9442083545
0,0,0,0,0,0,0.9424811543
0,0,0,0,0,0,0.9407541043
0,0,0,0,0,0,0.9390272115
0,0,0,0,0,0,0.937300483
0,0,0,0,0,0,0.9355739259
0,0,0,0,0,0,0.9338475473
0,0,0,0,0,0,0.9321213543
0,0,0,0,0,0,0.9303953539
0,0,0,0,0,0,0.9286695531
0,0,0,0,0,0,0.9269439591
0,0,0,0,0,0,0.9252185788
0,0,0,0,0,0,0.9234934194
0,0,0,0,0,0,0.9217684877
0,0,0,0,0,0,0.920043791
0,0,0,0,0,0,0.9183193362
0,0,0,0,0,0,0.9165951302
0,0,0,0,0,0,0.9148711802
0,0,0,0,0,0,0.9131474932
0,0,0,0,0,0,0.9114240761
0,0,0,0,0,0,0.9097009359
0,0,0,0,0,0,0.9079780796
0,0,0,0,0,0,0.9062555142
0,0,0,0,0,0,0.9045332467
0,0,0,0,0,0,0.9028112841
0,0,0,0,0,0,0.9010896333
0,0,0,0,0,0,0.8993683013
0,0,0,0,0,0,0.897647295
0,0,0,0,0,0,0.8959266214
0,0,0,0,0,0,0.8942062874
0,0,0,0,0,0,0.8924862999
0,0,0,0,0,0,0.890766666
0,0,0,0,0,0,0.8890473924
0,0,0,0,0,0,0.8873284862
0,0,0,0,0,0,0.8856099542
0,0,0,0,0,0,0.8838918034
0,0,0,0,0,0,0.8821740406
0,0,0,0,0,0,0.8804566727
0,0,0,0,0,0,0.8787397066
0,0,0,0,0,0,0.8770231492
0,0,0,0,0,0,0.8753070073
0,0,0,0,0,0,0.8735912879
0,0,0,0,0,0,0.8718759977
0,0,0,0,0,0,0.8701611437
0,0,0,0,0,0,0.8684467326
0,0,0,0,0,0,0.8667327714
0,0,0,0,0,0,0.8650192667
0,0,0,0,0,0,0.8633062256
0,0,0,0,0,0,0.8615936547
0,0,0,0,0,0,0.8598815609
0,0,0,0,0,0,0.8581699509
0,0,0,0,0,0,0.8564588317
0,0,0,0,0,0,0.8547482099
0,0,0,0,0,0,0.8530380924
0,0,0,0,0,0,0.8513284859
0,0,0,0,0,0,0.8496193972
0,0,0,0,0,0,0.847910833
0,0,0,0,0,0,0.8462028001
0,0,0,0,0,0,0.8444953053
0,0,0,0,0,0,0.8427883552
0,0,0,0,0,0,0.8410819566
0,0,0,0,0,0,0.8393761163
0,0,0,0,0,0,0.8376708409
0,0,0,0,0,0,0.8359661372
0,0,0,0,0,0,0.8342620118
0,0,0,0,0,0,0.8325584715
0,0,0,0,0,0,0.8308555229
0,0,0,0,0,0,0.8291531727
0,0,0,0,0,0,0.8274514275
0,0,0,0,0,0,0.8257502941
0,0,0,0,0,0,0.8240497791
0,0,0,0,0,0,0.8223498891
0,0,0,0,0,0,0.8206506308
0,0,0,0,0,0,0.8189520108
0,0,0,0,0,0,0.8172540356
0,0,0,0,0,0,0.8155567121
0,0,0,0,0,0,0.8138600466
0,0,0,0,0,0,0.8121640459
0,0,0,0,0,0,0.8104687165
0,0,0,0,0,0,0.808774065
0,0,0,0,0,0,0.807080098
0,0,0,0,0,0,0.805386822
0,0,0,0,0,0,0.8036942436
0,0,0,0,0,0,0.8020023694
0,0,0,0,0,0,0.8003112059
0,0,0,0,0,0,0.7986207595
0,0,0,0,0,0,0.7969310369
0,0,0,0,0,0,0.7952420446
0,0,0,0,0,0,0.793553789
0,0,0,0,0,0,0.7918662766
0,0,0,0,0,0,0.790179514
0,0,0,0,0,0,0.7884935076
0,0,0,0,0,0,0.786808264
0,0,0,0,0,0,0.7851237894
0,0,0,0,0,0,0.7834400905
0,0,0,0,0,0,0.7817571736
0,0,0,0,0,0,0.7800750453
0,0,0,0,0,0,0.7783937118
0,0,0,0,0,0,0.7767131797
0,0,0,0,0,0,0.7750334553
0,0,0,0,0,0,0.7733545451
0,0,0,0,0,0,0.7716764554
0,0,0,0,0,0,0.7699991926
0,0,0,0,0,0,0.7683227631
0,0,0,0,0,0,0.7666471733
0,0,0,0,0,0,0.7649724295
0,0,0,0,0,0,0.7632985381
0,0,0,0,0,0,0.7616255053
0,0,0,0,0,0,0.7599533376
0,0,0,0,0,0,0.7582820412
0,0,0,0,0,0,0.7566116225
0,0,0,0,0,0,0.7549420877
0,0,0,0,0,0,0.7532734432
0,0,0,0,0,0,0.7516056952
0,0,0,0,0,0,0.74993885
0,0,0,0,0,0,0.7482729138
0,0,0,0,0,0,0.7466078929
0,0,0,0,0,0,0.7449437936
0,0,0,0,0,0,0.7432806221
0,0,0,0,0,0,0.7416183846
0,0,0,0,0,0,0.7399570873
0,0,0,0,0,0,0.7382967365
0,0,0,0,0,0,0.7366373382
0,0,0,0,0,0,0.7349788988
0,0,0,0,0,0,0.7333214243
0,0,0,0,0,0,0.731664921
0,0,0,0,0,0,0.730009395
0,0,0,0,0,0,0.7283548524
0,0,0,0,0,0,0.7267012994
0,0,0,0,0,0,0.7250487421
0,0,0,0,0,0,0.7233971866
0,0,0,0,0,0,0.721746639
0,0,0,0,0,0,0.7200971055
0,0,0,0,0,0,0.718448592
0,0,0,0,0,0,0.7168011048
0,0,0,0,0,0,0.7151546498
0,0,0,0,0,0,0.713509233
0,0,0,0,0,0,0.7118648606
0,0,0,0,0,0,0.7102215386
0,0,0,0,0,0,0.708579273
0,0,0,0,0,0,0.7069380698
0,0,0,0,0,0,0.7052979349
0,0,0,0,0,0,0.7036588745
0,0,0,0,0,0,0.7020208945
0,0,0,0,0,0,0.7003840008
0,0,0,0,0,0,0.6987481995
0,0,0,0,0,0,0.6971134964
0,0,0,0,0,0,0.6954798975
0,0,0,0,0,0,0.6938474087
0,0,0,0,0,0,0.6922160359
0,0,0,0,0,0,0.6905857852
0,0,0,0,0,0,0.6889566622
0,0,0,0,0,0,0.687328673
0,0,0,0,0,0,0.6857018235
0,0,0,0,0,0,0.6840761193
0,0,0,0,0,0,0.6824515666
0,0,0,0,0,0,0.6808281709
0,0,0,0,0,0,0.6792059383
0,0,0,0,0,0,0.6775848745
0,0,0,0,0,0,0.6759649853
0,0,0,0,0,0,0.6743462765
0,0,0,0,0,0,0.672728754
0,0,0,0,0,0,0.6711124234
0,0,0,0,0,0,0.6694972906
0,0,0,0,0,0,0.6678833612
0,0,0,0,0,0,0.6662706411
0,0,0,0,0,0,0.664659136
0,0,0,0,0,0,0.6630488516
0,0,0,0,0,0,0.6614397936
0,0,0,0,0,0,0.6598319677
0,0,0,0,0,0,0.6582253795
0,0,0,0,0,0,0.6566200348
0,0,0,0,0,0,0.6550159392
0,0,0,0,0,0,0.6534130984
0,0,0,0,0,0,0.651811518
0,0,0,0,0,0,0.6502112037
0,0,0,0,0,0,0.6486121609
0,0,0,0,0,0,0.6470143955
0,0,0,0,0,0,0.6454179128
0,0,0,0,0,0,0.6438227187
0,0,0,0,0,0,0.6422288185
0,0,0,0,0,0,0.6406362178
0,0,0,0,0,0,0.6390449223
0,0,0,0,0,0,0.6374549373
0,0,0,0,0,0,0.6358662686
0,0,0,0,0,0,0.6342789215
0,0,0,0,0,0,0.6326929016
0,0,0,0,0,0,0.6311082143
0,0,0,0,0,0,0.6295248651
0,0,0,0,0,0,0.6279428595
0,0,0,0,0,0,0.626362203
0,0,0,0,0,0,0.624782901
0,0,0,0,0,0,0.6232049588
0,0,0,0,0,0,0.6216283819
0,0,0,0,0,0,0.6200531758
0,0,0,0,0,0,0.6184793458
0,0,0,0,0,0,0.6169068972
0,0,0,0,0,0,0.6153358356
0,0,0,0,0,0,0.6137661661
0,0,0,0,0,0,0.6121978941
0,0,0,0,0,0,0.610631025
0,0,0,0,0,0,0.6090655641
0,0,0,0,0,0,0.6075015167
0,0,0,0,0,0,0.6059388881
0,0,0,0,0,0,0.6043776835
0,0,0,0,0,0,0.6028179083
0,0,0,0,0,0,0.6012595676
0,0,0,0,0,0,0.5997026668
0,0,0,0,0,0,0.598147211
0,0,0,0,0,0,0.5965932055
0,0,0,0,0,0,0.5950406554
0,0,0,0,0,0,0.593489566
0,0,0,0,0,0,0.5919399424
0,0,0,0,0,0,0.5903917898
0,0,0,0,0,0,0.5888451134
0,0,0,0,0,0,0.5872999183
0,0,0,0,0,0,0.5857562096
0,0,0,0,0,0,0.5842139924
0,0,0,0,0,0,0.5826732718
0,0,0,0,0,0,0.581134053
0,0,0,0,0,0,0.579596341
0,0,0,0,0,0,0.5780601408
0,0,0,0,0,0,0.5765254575
0,0,0,0,0,0,0.5749922962
0,0,0,0,0,0,0.5734606618
0,0,0,0,0,0,0.5719305595
0,0,0,0,0,0,0.5704019941
0,0,0,0,0,0,0.5688749706
0,0,0,0,0,0,0.5673494941
0,0,0,0,0,0,0.5658255695
0,0,0,0,0,0,0.5643032017
0,0,0,0,0,0,0.5627823956
0,0,0,0,0,0,0.5612631563
0,0,0,0,0,0,0.5597454885
0,0,0,0,0,0,0.5582293972
0,0,0,0,0,0,0.5567148873
0,0,0,0,0,0,0.5552019635
0,0,0,0,0,0,0.5536906309
0,0,0,0,0,0,0.5521808941
0,0,0,0,0,0,0.5506727581
0,0,0,0,0,0,0.5491662276
0,0,0,0,0,0,0.5476613074
0,0,0,0,0,0,0.5461580024
0,0,0,0,0,0,0.5446563173
0,0,0,0,0,0,0.5431562568
0,0,0,0,0,0,0.5416578257
0,0,0,0,0,0,0.5401610287
0,0,0,0,0,0,0.5386658706
0,0,0,0,0,0,0.537172356
0,0,0,0,0,0,0.5356804896
0,0,0,0,0,0,0.5341902762
0,0,0,0,0,0,0.5327017202
0,0,0,0,0,0,0.5312148265
0,0,0,0,0,0,0.5297295997
0,0,0,0,0,0,0.5282460443
0,0,0,0,0,0,0.5267641649
0,0,0,0,0,0,0.5252839662
0,0,0,0,0,0,0.5238054528
0,0,0,0,0,0,0.5223286292
0,0,0,0,0,0,0.5208534998
0,0,0,0,0,0,0.5193800694
0,0,0,0,0,0,0.5179083424
0,0,0,0,0,0,0.5164383233
0,0,0,0,0,0,0.5149700166
0,0,0,0,0,0,0.5135034268
0,0,0,0,0,0,0.5120385583
0,0,0,0,0,0,0.5105754157
0,0,0,0,0,0,0.5091140032
0,0,0,0,0,0,0.5076543255
0,0,0,0,0,0,0.5061963868
0,0,0,0,0,0,0.5047401915
0,0,0,0,0,0,0.5032857441
0,0,0,0,0,0,0.5018330489
0,0,0,0,0,0,0.5003821103
0,0,0,0,0,0,0.4989329326
0,0,0,0,0,0,0.4974855201
0,0,0,0,0,0,0.4960398771
0,0,0,0,0,0,0.4945960079
0,0,0,0,0,0,0.4931539168
0,0,0,0,0,0,0.4917136081
0,0,0,0,0,0,0.490275086
0,0,0,0,0,0,0.4888383548
0,0,0,0,0,0,0.4874034186
0,0,0,0,0,0,0.4859702817
0,0,0,0,0,0,0.4845389483
0,0,0,0,0,0,0.4831094225
0,0,0,0,0,0,0.4816817086
0,0,0,0,0,0,0.4802558105
0,0,0,0,0,0,0.4788317326
0,0,0,0,0,0,0.4774094789
0,0,0,0,0,0,0.4759890535
0,0,0,0,0,0,0.4745704606
0,0,0,0,0,0,0.4731537041
0,0,0,0,0,0,0.4717387881
0,0,0,0,0,0,0.4703257167
0,0,0,0,0,0,0.468914494
0,0,0,0,0,0,0.4675051238
0,0,0,0,0,0,0.4660976103
0,0,0,0,0,0,0.4646919574
0,0,0,0,0,0,0.4632881692
0,0,0,0,0,0,0.4618862494
0,0,0,0,0,0,0.4604862021
0,0,0,0,0,0,0.4590880313
0,0,0,0,0,0,0.4576917407
0,0,0,0,0,0,0.4562973344
0,0,0,0,0,0,0.4549048162
0,0,0,0,0,0,0.4535141899
0,0,0,0,0,0,0.4521254595
0,0,0,0,0,0,0.4507386287
0,0,0,0,0,0,0.4493537014
0,0,0,0,0,0,0.4479706813
0,0,0,0,0,0,0.4465895723
0,0,0,0,0,0,0.4452103782
0,0,0,0,0,0,0.4438331026
0,0,0,0,0,0,0.4424577494
0,0,0,0,0,0,0.4410843223
0,0,0,0,0,0,0.439712825
0,0,0,0,0,0,0.4383432611
0,0,0,0,0,0,0.4369756344
0,0,0,0,0,0,0.4356099486
0,0,0,0,0,0,0.4342462072
0,0,0,0,0,0,0.432884414
0,0,0,0,0,0,0.4315245725
0,0,0,0,0,0,0.4301666864
0,0,0,0,0,0,0.4288107593
0,0,0,0,0,0,0.4274567946
0,0,0,0,0,0,0.4261047961
0,0,0,0,0,0,0.4247547671
0,0,0,0,0,0,0.4234067114
0,0,0,0,0,0,0.4220606323
0,0,0,0,0,0,0.4207165333
0,0,0,0,0,0,0.4193744181
0,0,0,0,0,0,0.4180342899
0,0,0,0,0,0,0.4166961523
0,0,0,0,0,0,0.4153600088
0,0,0,0,0,0,0.4140258626
0,0,0,0,0,0,0.4126937173
0,0,0,0,0,0,0.4113635762
0,0,0,0,0,0,0.4100354428
0,0,0,0,0,0,0.4087093202
0,0,0,0,0,0,0.407385212
0,0,0,0,0,0,0.4060631214
0,0,0,0,0,0,0.4047430517
0,0,0,0,0,0,0.4034250062
0,0,0,0,0,0,0.4021089883
0,0,0,0,0,0,0.4007950011
0,0,0,0,0,0,0.399483048
0,0,0,0,0,0,0.398173132
0,0,0,0,0,0,0.3968652566
0,0,0,0,0,0,0.3955594248
0,0,0,0,0,0,0.3942556399
0,0,0,0,0,0,0.3929539049
0,0,0,0,0,0,0.3916542232
0,0,0,0,0,0,0.3903565977
0,0,0,0,0,0,0.3890610317
0,0,0,0,0,0,0.3877675282
0,0,0,0,0,0,0.3864760903
0,0,0,0,0,0,0.3851867211
0,0,0,0,0,0,0.3838994237
0,0,0,0,0,0,0.382614201
0,0,0,0,0,0,0.3813310562
0,0,0,0,0,0,0.3800499922
0,0,0,0,0,0,0.3787710119
0,0,0,0,0,0,0.3774941185
0,0,0,0,0,0,0.3762193148
0,0,0,0,0,0,0.3749466038
0,0,0,0,0,0,0.3736759884
0,0,0,0,0,0,0.3724074716
0,0,0,0,0,0,0.3711410562
0,0,0,0,0,0,0.369876745
0,0,0,0,0,0,0.3686145411
0,0,0,0,0,0,0.3673544471
0,0,0,0,0,0,0.366096466
0,0,0,0,0,0,0.3648406006
0,0,0,0,0,0,0.3635868536
0,0,0,0,0,0,0.3623352279
0,0,0,0,0,0,0.3610857261
0,0,0,0,0,0,0.3598383511
0,0,0,0,0,0,0.3585931056
0,0,0,0,0,0,0.3573499923
0,0,0,0,0,0,0.3561090139
0,0,0,0,0,0,0.3548701731
0,0,0,0,0,0,0.3536334726
0,0,0,0,0,0,0.3523989149
0,0,0,0,0,0,0.3511665028
0,0,0,0,0,0,0.3499362388
0,0,0,0,0,0,0.3487081257
0,0,0,0,0,0,0.3474821658
0,0,0,0,0,0,0.3462583619
0,0,0,0,0,0,0.3450367164
0,0,0,0,0,0,0.343817232
0,0,0,0,0,0,0.342599911
0,0,0,0,0,0,0.3413847561
0,0,0,0,0,0,0.3401717697
0,0,0,0,0,0,0.3389609543
0,0,0,0,0,0,0.3377523124
0,0,0,0,0,0,0.3365458463
0,0,0,0,0,0,0.3353415585
0,0,0,0,0,0,0.3341394514
0,0,0,0,0,0,0.3329395274
0,0,0,0,0,0,0.3317417888
0,0,0,0,0,0,0.3305462381
0,0,0,0,0,0,0.3293528775
0,0,0,0,0,0,0.3281617094
0,0,0,0,0,0,0.3269727361
0,0,0,0,0,0,0.3257859598
0,0,0,0,0,0,0.3246013829
0,0,0,0,0,0,0.3234190076
0,0,0,0,0,0,0.3222388361
0,0,0,0,0,0,0.3210608706
0,0,0,0,0,0,0.3198851134
0,0,0,0,0,0,0.3187115667
0,0,0,0,0,0,0.3175402326
0,0,0,0,0,0,0.3163711132
0,0,0,0,0,0,0.3152042107
0,0,0,0,0,0,0.3140395273
0,0,0,0,0,0,0.312877065
0,0,0,0,0,0,0.3117168259
0,0,0,0,0,0,0.3105588121
0,0,0,0,0,0,0.3094030257
0,0,0,0,0,0,0.3082494686
0,0,0,0,0,0,0.307098143
0,0,0,0,0,0,0.3059490507
0,0,0,0,0,0,0.3048021939
0,0,0,0,0,0,0.3036575744
0,0,0,0,0,0,0.3025151942
0,0,0,0,0,0,0.3013750553
0,0,0,0,0,0,0.3002371595
0,0,0,0,0,0,0.2991015089
0,0,0,0,0,0,0.2979681051
0,0,0,0,0,0,0.2968369503
0,0,0,0,0,0,0.2957080461
0,0,0,0,0,0,0.2945813944
0,0,0,0,0,0,0.293456997
0,0,0,0,0,0,0.2923348558
0,0,0,0,0,0,0.2912149725
0,0,0,0,0,0,0.2900973489
0,0,0,0,0,0,0.2889819868
0,0,0,0,0,0,0.2878688878
0,0,0,0,0,0,0.2867580537
0,0,0,0,0,0,0.2856494862
0,0,0,0,0,0,0.284543187
0,0,0,0,0,0,0.2834391577
0,0,0,0,0,0,0.2823374
0,0,0,0,0,0,0.2812379155
0,0,0,0,0,0,0.2801407059
0,0,0,0,0,0,0.2790457726
0,0,0,0,0,0,0.2779531174
0,0,0,0,0,0,0.2768627418
0,0,0,0,0,0,0.2757746473
0,0,0,0,0,0,0.2746888355
0,0,0,0,0,0,0.2736053078
0,0,0,0,0,0,0.2725240658
0,0,0,0,0,0,0.271445111
0,0,0,0,0,0,0.2703684447
0,0,0,0,0,0,0.2692940685
0,0,0,0,0,0,0.2682219838
0,0,0,0,0,0,0.2671521919
0,0,0,0,0,0,0.2660846944
0,0,0,0,0,0,0.2650194925
0,0,0,0,0,0,0.2639565876
0,0,0,0,0,0,0.2628959811
0,0,0,0,0,0,0.2618376743
0,0,0,0,0,0,0.2607816685
0,0,0,0,0,0,0.2597279649
0,0,0,0,0,0,0.2586765649
0,0,0,0,0,0,0.2576274698
0,0,0,0,0,0,0.2565806807
0,0,0,0,0,0,0.2555361989
0,0,0,0,0,0,0.2544940255
0,0,0,0,0,0,0.2534541619
0,0,0,0,0,0,0.2524166091
0,0,0,0,0,0,0.2513813683
0,0,0,0,0,0,0.2503484406
0,0,0,0,0,0,0.2493178272
0,0,0,0,0,0,0.2482895292
0,0,0,0,0,0,0.2472635476
0,0,0,0,0,0,0.2462398835
0,0,0,0,0,0,0.245218538
0,0,0,0,0,0,0.2441995121
0,0,0,0,0,0,0.2431828068
0,0,0,0,0,0,0.2421684232
0,0,0,0,0,0,0.2411563622
0,0,0,0,0,0,0.2401466247
0,0,0,0,0,0,0.2391392117
0,0,0,0,0,0,0.2381341242
0,0,0,0,0,0,0.2371313631
0,0,0,0,0,0,0.2361309293
0,0,0,0,0,0,0.2351328235
0,0,0,0,0,0,0.2341370468
0,0,0,0,0,0,0.2331436
0,0,0,0,0,0,0.2321524838
0,0,0,0,0,0,0.2311636992
0,0,0,0,0,0,0.2301772468
0,0,0,0,0,0,0.2291931275
0,0,0,0,0,0,0.228211342
0,0,0,0,0,0,0.2272318911
0,0,0,0,0,0,0.2262547755
0,0,0,0,0,0,0.2252799958
0,0,0,0,0,0,0.2243075529
0,0,0,0,0,0,0.2233374474
0,0,0,0,0,0,0.2223696799
0,0,0,0,0,0,0.221404251
0,0,0,0,0,0,0.2204411615
0,0,0,0,0,0,0.2194804118
0,0,0,0,0,0,0.2185220026
0,0,0,0,0,0,0.2175659345
0,0,0,0,0,0,0.216612208
0,0,0,0,0,0,0.2156608237
0,0,0,0,0,0,0.214711782
0,0,0,0,0,0,0.2137650834
0,0,0,0,0,0,0.2128207286
0,0,0,0,0,0,0.2118787178
0,0,0,0,0,0,0.2109390517
0,0,0,0,0,0,0.2100017305
0,0,0,0,0,0,0.2090667548
0,0,0,0,0,0,0.2081341249
0,0,0,0,0,0,0.2072038412
0,0,0,0,0,0,0.206275904
0,0,0,0,0,0,0.2053503138
0,0,0,0,0,0,0.2044270709
0,0,0,0,0,0,0.2035061755
0,0,0,0,0,0,0.202587628
0,0,0,0,0,0,0.2016714286
0,0,0,0,0,0,0.2007575776
0,0,0,0,0,0,0.1998460753
0,0,0,0,0,0,0.1989369218
0,0,0,0,0,0,0.1980301175
0,0,0,0,0,0,0.1971256624
0,0,0,0,0,0,0.1962235568
0,0,0,0,0,0,0.1953238008
0,0,0,0,0,0,0.1944263946
0,0,0,0,0,0,0.1935313382
0,0,0,0,0,0,0.1926386318
0,0,0,0,0,0,0.1917482756
0,0,0,0,0,0,0.1908602695
0,0,0,0,0,0,0.1899746136
0,0,0,0,0,0,0.1890913079
0,0,0,0,0,0,0.1882103525
0,0,0,0,0,0,0.1873317475
0,0,0,0,0,0,0.1864554927
0,0,0,0,0,0,0.1855815881
0,0,0,0,0,0,0.1847100337
0,0,0,0,0,0,0.1838408295
0,0,0,0,0,0,0.1829739753
0,0,0,0,0,0,0.1821094711
0,0,0,0,0,0,0.1812473167
0,0,0,0,0,0,0.180387512
0,0,0,0,0,0,0.1795300569
0,0,0,0,0,0,0.1786749512
0,0,0,0,0,0,0.1778221947
0,0,0,0,0,0,0.1769717872
0,0,0,0,0,0,0.1761237285
0,0,0,0,0,0,0.1752780184
0,0,0,0,0,0,0.1744346566
0,0,0,0,0,0,0.1735936428
0,0,0,0,0,0,0.1727549768
0,0,0,0,0,0,0.1719186583
0,0,0,0,0,0,0.1710846869
0,0,0,0,0,0,0.1702530623
0,0,0,0,0,0,0.1694237842
0,0,0,0,0,0,0.1685968521
0,0,0,0,0,0,0.1677722657
0,0,0,0,0,0,0.1669500247
0,0,0,0,0,0,0.1661301285
0,0,0,0,0,0,0.1653125767
0,0,0,0,0,0,0.1644973689
0,0,0,0,0,0,0.1636845046
0,0,0,0,0,0,0.1628739833
0,0,0,0,0,0,0.1620658046
0,0,0,0,0,0,0.1612599678
0,0,0,0,0,0,0.1604564725
0,0,0,0,0,0,0.1596553181
0,0,0,0,0,0,0.158856504
0,0,0,0,0,0,0.1580600296
0,0,0,0,0,0,0.1572658944
0,0,0,0,0,0,0.1564740976
0,0,0,0,0,0,0.1556846387
0,0,0,0,0,0,0.154897517
0,0,0,0,0,0,0.1541127318
0,0,0,0,0,0,0.1533302825
0,0,0,0,0,0,0.1525501683
0,0,0,0,0,0,0.1517723885
0,0,0,0,0,0,0.1509969423
0,0,0,0,0,0,0.1502238291
0,0,0,0,0,0,0.1494530479
0,0,0,0,0,0,0.1486845981
0,0,0,0,0,0,0.1479184789
0,0,0,0,0,0,0.1471546893
0,0,0,0,0,0,0.1463932285
0,0,0,0,0,0,0.1456340958
0,0,0,0,0,0,0.1448772902
0,0,0,0,0,0,0.1441228108
0,0,0,0,0,0,0.1433706567
0,0,0,0,0,0,0.142620827
0,0,0,0,0,0,0.1418733207
0,0,0,0,0,0,0.1411281369
0,0,0,0,0,0,0.1403852746
0,0,0,0,0,0,0.1396447329
0,0,0,0,0,0,0.1389065106
0,0,0,0,0,0,0.1381706068
0,0,0,0,0,0,0.1374370204
0,0,0,0,0,0,0.1367057504
0,0,0,0,0,0,0.1359767957
0,0,0,0,0,0,0.1352501552
0,0,0,0,0,0,0.1345258278
0,0,0,0,0,0,0.1338038124
0,0,0,0,0,0,0.1330841077
0,0,0,0,0,0,0.1323667128
0,0,0,0,0,0,0.1316516263
0,0,0,0,0,0,0.1309388471
0,0,0,0,0,0,0.1302283739
0,0,0,0,0,0,0.1295202056
0,0,0,0,0,0,0.128814341
0,0,0,0,0,0,0.1281107787
0,0,0,0,0,0,0.1274095174
0,0,0,0,0,0,0.1267105559
0,0,0,0,0,0,0.126013893
0,0,0,0,0,0,0.1253195271
0,0,0,0,0,0,0.1246274571
0,0,0,0,0,0,0.1239376815
0,0,0,0,0,0,0.123250199
0,0,0,0,0,0,0.1225650081
0,0,0,0,0,0,0.1218821075
0,0,0,0,0,0,0.1212014958
0,0,0,0,0,0,0.1205231715
0,0,0,0,0,0,0.1198471332
0,0,0,0,0,0,0.1191733793
0,0,0,0,0,0,0.1185019084
0,0,0,0,0,0,0.117832719
0,0,0,0,0,0,0.1171658095
0,0,0,0,0,0,0.1165011785
0,0,0,0,0,0,0.1158388243
0,0,0,0,0,0,0.1151787455
0,0,0,0,0,0,0.1145209403
0,0,0,0,0,0,0.1138654073
0,0,0,0,0,0,0.1132121447
0,0,0,0,0,0,0.112561151
0,0,0,0,0,0,0.1119124245
0,0,0,0,0,0,0.1112659635
0,0,0,0,0,0,0.1106217663
0,0,0,0,0,0,0.1099798313
0,0,0,0,0,0,0.1093401568
0,0,0,0,0,0,0.1087027409
0,0,0,0,0,0,0.1080675819
0,0,0,0,0,0,0.1074346782
0,0,0,0,0,0,0.1068040278
0,0,0,0,0,0,0.106175629
0,0,0,0,0,0,0.1055494801
0,0,0,0,0,0,0.104925579
0,0,0,0,0,0,0.1043039241
0,0,0,0,0,0,0.1036845135
0,0,0,0,0,0,0.1030673452
0,0,0,0,0,0,0.1024524173
0,0,0,0,0,0,0.1018397281
0,0,0,0,0,0,0.1012292755
0,0,0,0,0,0,0.1006210575
0,0,0,0,0,0,0.1000150724
0,0,0,0,0,0,0.09941131795
0,0,0,0,0,0,0.09880979232
0,0,0,0,0,0,0.09821049346
0,0,0,0,0,0,0.09761341936
0,0,0,0,0,0,0.09701856797
0,0,0,0,0,0,0.09642593724
0,0,0,0,0,0,0.0958355251
0,0,0,0,0,0,0.09524732948
0,0,0,0,0,0,0.09466134826
0,0,0,0,0,0,0.09407757933
0,0,0,0,0,0,0.09349602057
0,0,0,0,0,0,0.09291666982
0,0,0,0,0,0,0.09233952492
0,0,0,0,0,0,0.09176458369
0,0,0,0,0,0,0.09119184394
0,0,0,0,0,0,0.09062130346
0,0,0,0,0,0,0.09005296002
0,0,0,0,0,0,0.08948681138
0,0,0,0,0,0,0.08892285528
0,0,0,0,0,0,0.08836108945
0,0,0,0,0,0,0.0878015116
0,0,0,0,0,0,0.08724411943
0,0,0,0,0,0,0.08668891062
0,0,0,0,0,0,0.08613588283
0,0,0,0,0,0,0.08558503372
0,0,0,0,0,0,0.08503636091
0,0,0,0,0,0,0.08448986204
0,0,0,0,0,0,0.08394553469
0,0,0,0,0,0,0.08340337646
0,0,0,0,0,0,0.08286338492
0,0,0,0,0,0,0.08232555763
0,0,0,0,0,0,0.08178989213
0,0,0,0,0,0,0.08125638594
0,0,0,0,0,0,0.08072503659
0,0,0,0,0,0,0.08019584155
0,0,0,0,0,0,0.07966879832
0,0,0,0,0,0,0.07914390436
0,0,0,0,0,0,0.07862115712
0,0,0,0,0,0,0.07810055403
0,0,0,0,0,0,0.07758209251
0,0,0,0,0,0,0.07706576998
0,0,0,0,0,0,0.07655158381
0,0,0,0,0,0,0.07603953138
0,0,0,0,0,0,0.07552961005
0,0,0,0,0,0,0.07502181717
0,0,0,0,0,0,0.07451615006
0,0,0,0,0,0,0.07401260604
0,0,0,0,0,0,0.0735111824
0,0,0,0,0,0,0.07301187643
0,0,0,0,0,0,0.07251468541
0,0,0,0,0,0,0.07201960657
0,0,0,0,0,0,0.07152663716
0,0,0,0,0,0,0.07103577441
0,0,0,0,0,0,0.07054701552
0,0,0,0,0,0,0.07006035769
0,0,0,0,0,0,0.0695757981
0,0,0,0,0,0,0.06909333391
0,0,0,0,0,0,0.06861296227
0,0,0,0,0,0,0.06813468031
0,0,0,0,0,0,0.06765848517
0,0,0,0,0,0,0.06718437393
0,0,0,0,0,0,0.06671234369
0,0,0,0,0,0,0.06624239153
0,0,0,0,0,0,0.06577451451
0,0,0,0,0,0,0.06530870967
0,0,0,0,0,0,0.06484497405
0,0,0,0,0,0,0.06438330466
0,0,0,0,0,0,0.0639236985
0,0,0,0,0,0,0.06346615257
0,0,0,0,0,0,0.06301066384
0,0,0,0,0,0,0.06255722926
0,0,0,0,0,0,0.06210584579
0,0,0,0,0,0,0.06165651034
0,0,0,0,0,0,0.06120921984
0,0,0,0,0,0,0.06076397118
0,0,0,0,0,0,0.06032076126
0,0,0,0,0,0,0.05987958694
0,0,0,0,0,0,0.05944044509
0,0,0,0,0,0,0.05900333254
0,0,0,0,0,0,0.05856824612
0,0,0,0,0,0,0.05813518266
0,0,0,0,0,0,0.05770413894
0,0,0,0,0,0,0.05727511177
0,0,0,0,0,0,0.0568480979
0,0,0,0,0,0,0.05642309409
0,0,0,0,0,0,0.0560000971
0,0,0,0,0,0,0.05557910365
0,0,0,0,0,0,0.05516011045
0,0,0,0,0,0,0.0547431142
0,0,0,0,0,0,0.05432811161
0,0,0,0,0,0,0.05391509932
0,0,0,0,0,0,0.05350407401
0,0,0,0,0,0,0.05309503233
0,0,0,0,0,0,0.05268797089
0,0,0,0,0,0,0.05228288632
0,0,0,0,0,0,0.05187977523
0,0,0,0,0,0,0.05147863419
0,0,0,0,0,0,0.0510794598
0,0,0,0,0,0,0.0506822486
0,0,0,0,0,0,0.05028699715
0,0,0,0,0,0,0.04989370197
0,0,0,0,0,0,0.0495023596
0,0,0,0,0,0,0.04911296653
0,0,0,0,0,0,0.04872551926
0,0,0,0,0,0,0.04834001427
0,0,0,0,0,0,0.04795644803
0,0,0,0,0,0,0.04757481698
0,0,0,0,0,0,0.04719511756
0,0,0,0,0,0,0.0468173462
0,0,0,0,0,0,0.04644149931
0,0,0,0,0,0,0.04606757328
0,0,0,0,0,0,0.0456955645
0,0,0,0,0,0,0.04532546934
0,0,0,0,0,0,0.04495728416
0,0,0,0,0,0,0.0445910053
0,0,0,0,0,0,0.04422662909
0,0,0,0,0,0,0.04386415185
0,0,0,0,0,0,0.04350356988
0,0,0,0,0,0,0.04314487947
0,0,0,0,0,0,0.04278807689
0,0,0,0,0,0,0.04243315841
0,0,0,0,0,0,0.04208012029
0,0,0,0,0,0,0.04172895875
0,0,0,0,0,0,0.04137967002
0,0,0,0,0,0,0.04103225031
0,0,0,0,0,0,0.04068669583
0,0,0,0,0,0,0.04034300274
0,0,0,0,0,0,0.04000116723
0,0,0,0,0,0,0.03966118546
0,0,0,0,0,0,0.03932305356
0,0,0,0,0,0,0.03898676767
0,0,0,0,0,0,0.03865232391
0,0,0,0,0,0,0.03831971839
0,0,0,0,0,0,0.03798894719
0,0,0,0,0,0,0.03766000641
0,0,0,0,0,0,0.0373328921
0,0,0,0,0,0,0.03700760032
0,0,0,0,0,0,0.03668412712
0,0,0,0,0,0,0.03636246852
0,0,0,0,0,0,0.03604262055
0,0,0,0,0,0,0.03572457919
0,0,0,0,0,0,0.03540834045
0,0,0,0,0,0,0.0350939003
0,0,0,0,0,0,0.03478125472
0,0,0,0,0,0,0.03447039964
0,0,0,0,0,0,0.03416133102
0,0,0,0,0,0,0.03385404478
0,0,0,0,0,0,0.03354853683
0,0,0,0,0,0,0.03324480309
0,0,0,0,0,0,0.03294283944
0,0,0,0,0,0,0.03264264175
0,0,0,0,0,0,0.0323442059
0,0,0,0,0,0,0.03204752775
0,0,0,0,0,0,0.03175260312
0,0,0,0,0,0,0.03145942785
0,0,0,0,0,0,0.03116799775
0,0,0,0,0,0,0.03087830864
0,0,0,0,0,0,0.0305903563
0,0,0,0,0,0,0.03030413651
0,0,0,0,0,0,0.03001964504
0,0,0,0,0,0,0.02973687765
0,0,0,0,0,0,0.02945583009
0,0,0,0,0,0,0.02917649807
0,0,0,0,0,0,0.02889887732
0,0,0,0,0,0,0.02862296356
0,0,0,0,0,0,0.02834875247
0,0,0,0,0,0,0.02807623974
0,0,0,0,0,0,0.02780542104
0,0,0,0,0,0,0.02753629203
0,0,0,0,0,0,0.02726884837
0,0,0,0,0,0,0.02700308568
0,0,0,0,0,0,0.02673899959
0,0,0,0,0,0,0.02647658571
0,0,0,0,0,0,0.02621583965
0,0,0,0,0,0,0.02595675699
0,0,0,0,0,0,0.02569933332
0,0,0,0,0,0,0.02544356419
0,0,0,0,0,0,0.02518944517
0,0,0,0,0,0,0.0249369718
0,0,0,0,0,0,0.02468613961
0,0,0,0,0,0,0.02443694411
0,0,0,0,0,0,0.02418938082
0,0,0,0,0,0,0.02394344524
0,0,0,0,0,0,0.02369913284
0,0,0,0,0,0,0.02345643912
0,0,0,0,0,0,0.02321535952
0,0,0,0,0,0,0.0229758895
0,0,0,0,0,0,0.0227380245
0,0,0,0,0,0,0.02250175996
0,0,0,0,0,0,0.02226709128
0,0,0,0,0,0,0.02203401388
0,0,0,0,0,0,0.02180252315
0,0,0,0,0,0,0.02157261448
0,0,0,0,0,0,0.02134428324
0,0,0,0,0,0,0.0211175248
0,0,0,0,0,0,0.0208923345
0,0,0,0,0,0,0.02066870769
0,0,0,0,0,0,0.02044663969
0,0,0,0,0,0,0.02022612583
0,0,0,0,0,0,0.02000716141
0,0,0,0,0,0,0.01978974174
0,0,0,0,0,0,0.01957386209
0,0,0,0,0,0,0.01935951775
0,0,0,0,0,0,0.01914670397
0,0,0,0,0,0,0.01893541602
0,0,0,0,0,0,0.01872564913
0,0,0,0,0,0,0.01851739855
0,0,0,0,0,0,0.01831065949
0,0,0,0,0,0,0.01810542716
0,0,0,0,0,0,0.01790169677
0,0,0,0,0,0,0.0176994635
0,0,0,0,0,0,0.01749872254
0,0,0,0,0,0,0.01729946906
0,0,0,0,0,0,0.01710169822
0,0,0,0,0,0,0.01690540516
0,0,0,0,0,0,0.01671058503
0,0,0,0,0,0,0.01651723295
0,0,0,0,0,0,0.01632534404
0,0,0,0,0,0,0.01613491342
0,0,0,0,0,0,0.01594593618
0,0,0,0,0,0,0.0157584074
0,0,0,0,0,0,0.01557232216
0,0,0,0,0,0,0.01538767554
0,0,0,0,0,0,0.01520446259
0,0,0,0,0,0,0.01502267836
0,0,0,0,0,0,0.01484231788
0,0,0,0,0,0,0.01466337619
0,0,0,0,0,0,0.0144858483
0,0,0,0,0,0,0.01430972922
0,0,0,0,0,0,0.01413501394
0,0,0,0,0,0,0.01396169747
0,0,0,0,0,0,0.01378977476
0,0,0,0,0,0,0.01361924081
0,0,0,0,0,0,0.01345009055
0,0,0,0,0,0,0.01328231895
0,0,0,0,0,0,0.01311592094
0,0,0,0,0,0,0.01295089145
0,0,0,0,0,0,0.01278722541
0,0,0,0,0,0,0.01262491772
0,0,0,0,0,0,0.01246396329
0,0,0,0,0,0,0.01230435701
0,0,0,0,0,0,0.01214609377
0,0,0,0,0,0,0.01198916843
0,0,0,0,0,0,0.01183357586
0,0,0,0,0,0,0.01167931092
0,0,0,0,0,0,0.01152636845
0,0,0,0,0,0,0.01137474329
0,0,0,0,0,0,0.01122443026
0,0,0,0,0,0,0.01107542419
0,0,0,0,0,0,0.01092771988
0,0,0,0,0,0,0.01078131214
0,0,0,0,0,0,0.01063619575
0,0,0,0,0,0,0.0104923655
0,0,0,0,0,0,0.01034981616
0,0,0,0,0,0,0.01020854249
0,0,0,0,0,0,0.01006853926
0,0,0,0,0,0,0.009929801196
0,0,0,0,0,0,0.009792323049
0,0,0,0,0,0,0.009656099545
0,0,0,0,0,0,0.009521125403
0,0,0,0,0,0,0.009387395336
0,0,0,0,0,0,0.009254904045
0,0,0,0,0,0,0.009123646226
0,0,0,0,0,0,0.008993616564
0,0,0,0,0,0,0.008864809735
0,0,0,0,0,0,0.008737220409
0,0,0,0,0,0,0.008610843245
0,0,0,0,0,0,0.008485672895
0,0,0,0,0,0,0.008361704002
0,0,0,0,0,0,0.0082389312
0,0,0,0,0,0,0.008117349118
0,0,0,0,0,0,0.007996952371
0,0,0,0,0,0,0.007877735571
0,0,0,0,0,0,0.007759693319
0,0,0,0,0,0,0.007642820209
0,0,0,0,0,0,0.007527110826
0,0,0,0,0,0,0.007412559748
0,0,0,0,0,0,0.007299161543
0,0,0,0,0,0,0.007186910773
0,0,0,0,0,0,0.007075801992
0,0,0,0,0,0,0.006965829744
0,0,0,0,0,0,0.006856988567
0,0,0,0,0,0,0.00674927299
0,0,0,0,0,0,0.006642677535
0,0,0,0,0,0,0.006537196717
0,0,0,0,0,0,0.00643282504
0,0,0,0,0,0,0.006329557004
0,0,0,0,0,0,0.0062273871
0,0,0,0,0,0,0.006126309809
0,0,0,0,0,0,0.006026319609
0,0,0,0,0,0,0.005927410967
0,0,0,0,0,0,0.005829578343
0,0,0,0,0,0,0.00573281619
0,0,0,0,0,0,0.005637118954
0,0,0,0,0,0,0.005542481073
0,0,0,0,0,0,0.005448896977
0,0,0,0,0,0,0.00535636109
0,0,0,0,0,0,0.005264867829
0,0,0,0,0,0,0.005174411601
0,0,0,0,0,0,0.005084986809
0,0,0,0,0,0,0.004996587846
0,0,0,0,0,0,0.004909209101
0,0,0,0,0,0,0.004822844954
0,0,0,0,0,0,0.004737489777
0,0,0,0,0,0,0.004653137938
0,0,0,0,0,0,0.004569783794
0,0,0,0,0,0,0.004487421699
0,0,0,0,0,0,0.004406045998
0,0,0,0,0,0,0.004325651029
0,0,0,0,0,0,0.004246231124
0,0,0,0,0,0,0.004167780608
0,0,0,0,0,0,0.004090293799
0,0,0,0,0,0,0.004013765009
0,0,0,0,0,0,0.003938188542
0,0,0,0,0,0,0.003863558696
0,0,0,0,0,0,0.003789869764
0,0,0,0,0,0,0.00371711603
0,0,0,0,0,0,0.003645291773
0,0,0,0,0,0,0.003574391265
0,0,0,0,0,0,0.003504408772
0,0,0,0,0,0,0.003435338553
0,0,0,0,0,0,0.003367174861
0,0,0,0,0,0,0.003299911943
0,0,0,0,0,0,0.003233544039
0,0,0,0,0,0,0.003168065383
0,0,0,0,0,0,0.003103470204
0,0,0,0,0,0,0.003039752724
0,0,0,0,0,0,0.002976907157
0,0,0,0,0,0,0.002914927714
0,0,0,0,0,0,0.0028538086
0,0,0,0,0,0,0.00279354401
0,0,0,0,0,0,0.002734128138
0,0,0,0,0,0,0.002675555169
0,0,0,0,0,0,0.002617819283
0,0,0,0,0,0,0.002560914655
0,0,0,0,0,0,0.002504835452
0,0,0,0,0,0,0.002449575839
0,0,0,0,0,0,0.002395129971
0,0,0,0,0,0,0.002341492
0,0,0,0,0,0,0.002288656073
0,0,0,0,0,0,0.002236616328
0,0,0,0,0,0,0.002185366902
0,0,0,0,0,0,0.002134901923
0,0,0,0,0,0,0.002085215515
0,0,0,0,0,0,0.002036301796
0,0,0,0,0,0,0.001988154879
0,0,0,0,0,0,0.001940768872
0,0,0,0,0,0,0.001894137878
0,0,0,0,0,0,0.001848255993
0,0,0,0,0,0,0.00180311731
0,0,0,0,0,0,0.001758715915
0,0,0,0,0,0,0.00171504589
0,0,0,0,0,0,0.001672101311
0,0,0,0,0,0,0.00162987625
0,0,0,0,0,0,0.001588364774
0,0,0,0,0,0,0.001547560944
0,0,0,0,0,0,0.001507458818
0,0,0,0,0,0,0.001468052445
0,0,0,0,0,0,0.001429335875
0,0,0,0,0,0,0.001391303149
0,0,0,0,0,0,0.001353948304
0,0,0,0,0,0,0.001317265373
0,0,0,0,0,0,0.001281248384
0,0,0,0,0,0,0.001245891361
0,0,0,0,0,0,0.001211188323
0,0,0,0,0,0,0.001177133284
0,0,0,0,0,0,0.001143720254
0,0,0,0,0,0,0.001110943238
0,0,0,0,0,0,0.001078796237
0,0,0,0,0,0,0.001047273248
0,0,0,0,0,0,0.001016368263
0,0,0,0,0,0,0.0009860752705
0,0,0,0,0,0,0.0009563882538
0,0,0,0,0,0,0.0009273011925
0,0,0,0,0,0,0.000898808062
0,0,0,0,0,0,0.0008709028336
0,0,0,0,0,0,0.0008435794746
0,0,0,0,0,0,0.0008168319479
0,0,0,0,0,0,0.0007906542129
0,0,0,0,0,0,0.0007650402246
0,0,0,0,0,0,0.0007399839344
0,0,0,0,0,0,0.0007154792897
0,0,0,0,0,0,0.0006915202341
0,0,0,0,0,0,0.0006681007075
0,0,0,0,0,0,0.0006452146457
0,0,0,0,0,0,0.0006228559813
0,0,0,0,0,0,0.000601018643
0,0,0,0,0,0,0.0005796965558
0,0,0,0,0,0,0.0005588836412
0,0,0,0,0,0,0.0005385738172
0,0,0,0,0,0,0.0005187609984
0,0,0,0,0,0,0.0004994390958
0,0,0,0,0,0,0.0004806020169
0,0,0,0,0,0,0.0004622436662
0,0,0,0,0,0,0.0004443579445
0,0,0,0,0,0,0.0004269387496
0,0,0,0,0,0,0.0004099799758
0,0,0,0,0,0,0.0003934755145
0,0,0,0,0,0,0.0003774192537
0,0,0,0,0,0,0.0003618050785
0,0,0,0,0,0,0.0003466268707
0,0,0,0,0,0,0.0003318785093
0,0,0,0,0,0,0.0003175538701
0,0,0,0,0,0,0.0003036468262
0,0,0,0,0,0,0.0002901512477
0,0,0,0,0,0,0.0002770610018
0,0,0,0,0,0,0.0002643699529
0,0,0,0,0,0,0.0002520719627
0,0,0,0,0,0,0.00024016089
0,0,0,0,0,0,0.0002286305913
0,0,0,0,0,0,0.00021747492
0,0,0,0,0,0,0.0002066877271
0,0,0,0,0,0,0.0001962628612
0,0,0,0,0,0,0.0001861941681
0,0,0,0,0,0,0.0001764754914
0,0,0,0,0,0,0.0001671006721
0,0,0,0,0,0,0.0001580635488
0,0,0,0,0,0,0.0001493579578
0,0,0,0,0,0,0.0001409777333
0,0,0,0,0,0,0.0001329167069
0,0,0,0,0,0,0.0001251687082
0,0,0,0,0,0,0.0001177275645
0,0,0,0,0,0,0.0001105871013
0,0,0,0,0,0,0.0001037411415
0,0,0,0,0,0,9.718350631e-05
0,0,0,0,0,0,9.090801492e-05
0,0,0,0,0,0,8.490848446e-05
0,0,0,0,0,0,7.917873019e-05
0,0,0,0,0,0,7.371256551e-05
0,0,0,0,0,0,6.850380196e-05
0,0,0,0,0,0,6.354624933e-05
0,0,0,0,0,0,5.883371566e-05
0,0,0,0,0,0,5.436000728e-05
0,0,0,0,0,0,5.011892887e-05
0,0,0,0,0,0,4.61042835e-05
0,0,0,0,0,0,4.230987266e-05
0,0,0,0,0,0,3.872949634e-05
0,0,0,0,0,0,3.535695302e-05
0,0,0,0,0,0,3.218603974e-05
0,0,0,0,0,0,2.921055216e-05
0,0,0,0,0,0,2.642428456e-05
0,0,0,0,0,0,2.382102994e-05
0,0,0,0,0,0,2.139458001e-05
0,0,0,0,0,0,1.913872525e-05
0,0,0,0,0,0,1.704725497e-05
0,0,0,0,0,0,1.511395734e-05
0,0,0,0,0,0,1.333261944e-05
0,0,0,0,0,0,1.169702726e-05
0,0,0,0,0,0,1.020096583e-05
0,0,0,0,0,0,8.838219181e-06
0,0,0,0,0,0,7.602570428e-06
0,0,0,0,0,0,6.487801804e-06
0,0,0,0,0,0,5.487694708e-06
0,0,0,0,0,0,4.596029741e-06
0,0,0,0,0,0,3.806586752e-06
0,0,0,0,0,0,3.113144882e-06
0,0,0,0,0,0,2.509482607e-06
0,0,0,0,0,0,1.989377781e-06
0,0,0,0,0,0,1.546607677e-06
0,0,0,0,0,0,1.174949035e-06
0,0,0,0,0,0,8.681780979e-07
0,0,0,0,0,0,6.20070663e-07
0,0,0,0,0,0,4.24402117e-07
0,0,0,0,0,0,2.749474874e-07
0,0,0,0,0,0,1.654814792e-07
0,0,0,0,0,0,8.977851881e-08
0,0,0,0,0,0,4.161280137e-08
0,0,0,0,0,0,1.475832854e-08
0,0,0,0,0,0,2.988956741e-09
0,0,0,0,0,0,7.843540346e-11
