0,0,0,0,-0,0,0
0,0,0,0,-1.660123065e-05,0,0
0,0,0,0,-6.640465689e-05,0,0
0,0,0,0,-0.0001494094815,0,0
0,0,0,0,-0.0002656143759,0,0
0,0,0,0,-0.0004150174801,0,0
0,0,0,0,-0.0005976164025,0,0
0,0,0,0,-0.0008134082204,0,0
0,0,0,0,-0.00106238948,0,0
0,0,0,0,-0.001344556195,0,0
0,0,0,0,-0.00165990385,0,0
0,0,0,0,-0.002008427396,0,0
0,0,0,0,-0.002390121255,0,0
0,0,0,0,-0.002804979318,0,0
0,0,0,0,-0.003252994942,0,0
0,0,0,0,-0.003734160958,0,0
0,0,0,0,-0.004248469662,0,0
0,0,0,0,-0.004795912823,0,0
0,0,0,0,-0.005376481675,0,0
0,0,0,0,-0.005990166927,0,0
0,0,0,0,-0.006636958755,0,0
0,0,0,0,-0.007316846803,0,0
0,0,0,0,-0.00802982019,0,0
0,0,0,0,-0.0087758675,0,0
0,0,0,0,-0.009554976792,0,0
0,0,0,0,-0.01036713559,0,0
0,0,0,0,-0.0112123309,0,0
0,0,0,0,-0.01209054918,0,0
0,0,0,0,-0.01300177638,0,0
0,0,0,0,-0.01394599791,0,0
0,0,0,0,-0.01492319865,0,0
0,0,0,0,-0.01593336296,0,0
0,0,0,0,-0.01697647466,0,0
0,0,0,0,-0.01805251705,0,0
0,0,0,0,-0.01916147291,0,0
0,0,0,0,-0.02030332448,0,0
0,0,0,0,-0.02147805347,0,0
0,0,0,0,-0.02268564109,0,0
0,0,0,0,-0.02392606798,0,0
0,0,0,0,-0.0251993143,0,0
0,0,0,0,-0.02650535965,0,0
0,0,0,0,-0.02784418313,0,0
0,0,0,0,-0.02921576328,0,0
0,0,0,0,-0.03062007816,0,0
0,0,0,0,-0.03205710526,0,0
0,0,0,0,-0.03352682158,0,0
0,0,0,0,-0.03502920359,0,0
0,0,0,0,-0.03656422722,0,0
0,0,0,0,-0.03813186788,0,0
0,0,0,0,-0.03973210048,0,0
0,0,0,0,-0.04136489939,0,0
0,0,0,0,-0.04303023844,0,0
0,0,0,0,-0.04472809098,0,0
0,0,0,0,-0.04645842981,0,0
0,0,0,0,-0.0482212272,0,0
0,0,0,0,-0.05001645493,0,0
0,0,0,0,-0.05184408424,0,0
0,0,0,0,-0.05370408585,0,0
0,0,0,0,-0.05559642998,0,0
0,0,0,0,-0.05752108629,0,0
0,0,0,0,-0.05947802397,0,0
0,0,0,0,-0.06146721166,0,0
0,0,0,0,-0.06348861749,0,0
0,0,0,0,-0.06554220909,0,0
0,0,0,0,-0.06762795353,0,0
0,0,0,0,-0.06974581742,0,0
0,0,0,0,-0.0718957668,0,0
0,0,0,0,-0.07407776725,0,0
0,0,0,0,-0.07629178378,0,0
0,0,0,0,-0.07853778093,0,0
0,0,0,0,-0.0808157227,0,0
0,0,0,0,-0.08312557258,0,0
0,0,0,0,-0.08546729357,0,0
0,0,0,0,-0.08784084813,0,0
0,0,0,0,-0.09024619821,0,0
0,0,0,0,-0.09268330528,0,0
0,0,0,0,-0.09515213026,0,0
0,0,0,0,-0.09765263359,0,0
0,0,0,0,-0.1001847752,0,0
0,0,0,0,-0.1027485144,0,0
0,0,0,0,-0.1053438103,0,0
0,0,0,0,-0.1079706211,0,0
0,0,0,0,-0.1106289047,0,0
0,0,0,0,-0.1133186186,0,0
0,0,0,0,-0.1160397196,0,0
0,0,0,0,-0.1187921641,0,0
0,0,0,0,-0.121575908,0,0
0,0,0,0,-0.1243909066,0,0
0,0,0,0,-0.1272371147,0,0
0,0,0,0,-0.1301144868,0,0
0,0,0,0,-0.1330229766,0,0
0,0,0,0,-0.1359625376,0,0
0,0,0,0,-0.1389331226,0,0
0,0,0,0,-0.1419346839,0,0
0,0,0,0,-0.1449671734,0,0
0,0,0,0,-0.1480305425,0,0
0,0,0,0,-0.151124742,0,0
0,0,0,0,-0.1542497223,0,0
0,0,0,0,-0.1574054333,0,0
0,0,0,0,-0.1605918242,0,0
0,0,0,0,-0.1638088441,0,0
0,0,0,0,-0.1670564412,0,0
0,0,0,0,-0.1703345635,0,0
0,0,0,0,-0.1736431583,0,0
0,0,0,0,-0.1769821727,0,0
0,0,0,0,-0.1803515529,0,0
0,0,0,0,-0.1837512448,0,0
0,0,0,0,-0.1871811941,0,0
0,0,0,0,-0.1906413455,0,0
0,0,0,0,-0.1941316435,0,0
0,0,0,0,-0.1976520322,0,0
0,0,0,0,-0.201202455,0,0
0,0,0,0,-0.2047828548,0,0
0,0,0,0,-0.2083931743,0,0
0,0,0,0,-0.2120333554,0,0
0,0,0,0,-0.2157033397,0,0
0,0,0,0,-0.2194030682,0,0
0,0,0,0,-0.2231324816,0,0
0,0,0,0,-0.22689152,0,0
0,0,0,0,-0.2306801229,0,0
0,0,0,0,-0.2344982295,0,0
0,0,0,0,-0.2383457786,0,0
0,0,0,0,-0.2422227082,0,0
0,0,0,0,-0.2461289561,0,0
0,0,0,0,-0.2500644596,0,0
0,0,0,0,-0.2540291553,0,0
0,0,0,0,-0.2580229797,0,0
0,0,0,0,-0.2620458686,0,0
0,0,0,0,-0.2660977572,0,0
0,0,0,0,-0.2701785804,0,0
0,0,0,0,-0.2742882728,0,0
0,0,0,0,-0.2784267682,0,0
0,0,0,0,-0.2825940001,0,0
0,0,0,0,-0.2867899015,0,0
0,0,0,0,-0.2910144049,0,0
0,0,0,0,-0.2952674425,0,0
0,0,0,0,-0.2995489459,0,0
0,0,0,0,-0.3038588461,0,0
0,0,0,0,-0.308197074,0,0
0,0,0,0,-0.3125635597,0,0
0,0,0,0,-0.316958233,0,0
0,0,0,0,-0.3213810233,0,0
0,0,0,0,-0.3258318593,0,0
0,0,0,0,-0.3303106696,0,0
0,0,0,0,-0.3348173819,0,0
0,0,0,0,-0.3393519239,0,0
0,0,0,0,-0.3439142226,0,0
0,0,0,0,-0.3485042045,0,0
0,0,0,0,-0.3531217958,0,0
0,0,0,0,-0.3577669222,0,0
0,0,0,0,-0.3624395089,0,0
0,0,0,0,-0.3671394807,0,0
0,0,0,0,-0.3718667619,0,0
0,0,0,0,-0.3766212765,0,0
0,0,0,0,-0.3814029479,0,0
0,0,0,0,-0.3862116991,0,0
0,0,0,0,-0.3910474526,0,0
0,0,0,0,-0.3959101307,0,0
0,0,0,0,-0.4007996549,0,0
0,0,0,0,-0.4057159465,0,0
0,0,0,0,-0.4106589264,0,0
0,0,0,0,-0.4156285149,0,0
0,0,0,0,-0.420624632,0,0
0,0,0,0,-0.4256471971,0,0
0,0,0,0,-0.4306961293,0,0
0,0,0,0,-0.4357713472,0,0
0,0,0,0,-0.4408727692,0,0
0,0,0,0,-0.4460003129,0,0
0,0,0,0,-0.4511538956,0,0
0,0,0,0,-0.4563334344,0,0
0,0,0,0,-0.4615388457,0,0
0,0,0,0,-0.4667700456,0,0
0,0,0,0,-0.4720269498,0,0
0,0,0,0,-0.4773094734,0,0
0,0,0,0,-0.4826175312,0,0
0,0,0,0,-0.4879510377,0,0
0,0,0,0,-0.4933099068,0,0
0,0,0,0,-0.4986940521,0,0
0,0,0,0,-0.5041033867,0,0
0,0,0,0,-0.5095378233,0,0
0,0,0,0,-0.5149972743,0,0
0,0,0,0,-0.5204816515,0,0
0,0,0,0,-0.5259908663,0,0
0,0,0,0,-0.53152483,0,0
0,0,0,0,-0.5370834531,0,0
0,0,0,0,-0.5426666459,0,0
0,0,0,0,-0.5482743182,0,0
0,0,0,0,-0.5539063796,0,0
0,0,0,0,-0.559562739,0,0
0,0,0,0,-0.5652433051,0,0
0,0,0,0,-0.5709479861,0,0
0,0,0,0,-0.57667669,0,0
0,0,0,0,-0.582429324,0,0
0,0,0,0,-0.5882057953,0,0
0,0,0,0,-0.5940060106,0,0
0,0,0,0,-0.599829876,0,0
0,0,0,0,-0.6056772975,0,0
0,0,0,0,-0.6115481805,0,0
0,0,0,0,-0.6174424302,0,0
0,0,0,0,-0.6233599512,0,0
0,0,0,0,-0.6293006479,0,0
0,0,0,0,-0.6352644241,0,0
0,0,0,0,-0.6412511834,0,0
0,0,0,0,-0.647260829,0,0
0,0,0,0,-0.6532932637,0,0
0,0,0,0,-0.6593483898,0,0
0,0,0,0,-0.6654261094,0,0
0,0,0,0,-0.6715263242,0,0
0,0,0,0,-0.6776489353,0,0
0,0,0,0,-0.6837938438,0,0
0,0,0,0,-0.6899609501,0,0
0,0,0,0,-0.6961501543,0,0
0,0,0,0,-0.7023613563,0,0
0,0,0,0,-0.7085944555,0,0
0,0,0,0,-0.7148493509,0,0
0,0,0,0,-0.7211259412,0,0
0,0,0,0,-0.7274241248,0,0
0,0,0,0,-0.7337437995,0,0
0,0,0,0,-0.740084863,0,0
0,0,0,0,-0.7464472125,0,0
0,0,0,0,-0.752830745,0,0
0,0,0,0,-0.7592353568,0,0
0,0,0,0,-0.7656609442,0,0
0,0,0,0,-0.7721074031,0,0
0,0,0,0,-0.7785746288,0,0
0,0,0,0,-0.7850625165,0,0
0,0,0,0,-0.791570961,0,0
0,0,0,0,-0.7980998566,0,0
0,0,0,0,-0.8046490974,0,0
0,0,0,0,-0.8112185772,0,0
0,0,0,0,-0.8178081894,0,0
0,0,0,0,-0.824417827,0,0
0,0,0,0,-0.8310473826,0,0
0,0,0,0,-0.8376967488,0,0
0,0,0,0,-0.8443658174,0,0
0,0,0,0,-0.8510544802,0,0
0,0,0,0,-0.8577626286,0,0
0,0,0,0,-0.8644901536,0,0
0,0,0,0,-0.8712369459,0,0
0,0,0,0,-0.8780028958,0,0
0,0,0,0,-0.8847878934,0,0
0,0,0,0,-0.8915918285,0,0
0,0,0,0,-0.8984145904,0,0
0,0,0,0,-0.9052560683,0,0
0,0,0,0,-0.9121161508,0,0
0,0,0,0,-0.9189947263,0,0
0,0,0,0,-0.9258916832,0,0
0,0,0,0,-0.932806909,0,0
0,0,0,0,-0.9397402913,0,0
0,0,0,0,-0.9466917174,0,0
0,0,0,0,-0.953661074,0,0
0,0,0,0,-0.9606482477,0,0
0,0,0,0,-0.9676531249,0,0
0,0,0,0,-0.9746755913,0,0
0,0,0,0,-0.9817155327,0,0
0,0,0,0,-0.9887728344,0,0
0,0,0,0,-0.9958473815,0,0
0,0,0,0,-1.002939059,0,0
0,0,0,0,-1.01004775,0,0
0,0,0,0,-1.017173341,0,0
0,0,0,0,-1.024315714,0,0
0,0,0,0,-1.031474753,0,0
0,0,0,0,-1.038650341,0,0
0,0,0,0,-1.045842362,0,0
0,0,0,0,-1.053050697,0,0
0,0,0,0,-1.060275231,0,0
0,0,0,0,-1.067515843,0,0
0,0,0,0,-1.074772418,0,0
0,0,0,0,-1.082044835,0,0
0,0,0,0,-1.089332977,0,0
0,0,0,0,-1.096636723,0,0
0,0,0,0,-1.103955956,0,0
0,0,0,0,-1.111290556,0,0
0,0,0,0,-1.118640402,0,0
0,0,0,0,-1.126005375,0,0
0,0,0,0,-1.133385353,0,0
0,0,0,0,-1.140780218,0,0
0,0,0,0,-1.148189848,0,0
0,0,0,0,-1.155614121,0,0
0,0,0,0,-1.163052916,0,0
0,0,0,0,-1.170506112,0,0
0,0,0,0,-1.177973586,0,0
0,0,0,0,-1.185455217,0,0
0,0,0,0,-1.192950883,0,0
0,0,0,0,-1.200460459,0,0
0,0,0,0,-1.207983824,0,0
0,0,0,0,-1.215520854,0,0
0,0,0,0,-1.223071426,0,0
0,0,0,0,-1.230635417,0,0
0,0,0,0,-1.238212701,0,0
0,0,0,0,-1.245803156,0,0
0,0,0,0,-1.253406657,0,0
0,0,0,0,-1.261023078,0,0
0,0,0,0,-1.268652296,0,0
0,0,0,0,-1.276294185,0,0
0,0,0,0,-1.28394862,0,0
0,0,0,0,-1.291615475,0,0
0,0,0,0,-1.299294624,0,0
0,0,0,0,-1.306985942,0,0
0,0,0,0,-1.314689303,0,0
0,0,0,0,-1.322404579,0,0
0,0,0,0,-1.330131644,0,0
0,0,0,0,-1.337870371,0,0
0,0,0,0,-1.345620633,0,0
0,0,0,0,-1.353382303,0,0
0,0,0,0,-1.361155253,0,0
0,0,0,0,-1.368939355,0,0
0,0,0,0,-1.376734482,0,0
0,0,0,0,-1.384540506,0,0
0,0,0,0,-1.392357297,0,0
0,0,0,0,-1.400184727,0,0
0,0,0,0,-1.408022668,0,0
0,0,0,0,-1.41587099,0,0
0,0,0,0,-1.423729564,0,0
0,0,0,0,-1.431598262,0,0
0,0,0,0,-1.439476952,0,0
0,0,0,0,-1.447365507,0,0
0,0,0,0,-1.455263795,0,0
0,0,0,0,-1.463171686,0,0
0,0,0,0,-1.47108905,0,0
0,0,0,0,-1.479015757,0,0
0,0,0,0,-1.486951676,0,0
0,0,0,0,-1.494896675,0,0
0,0,0,0,-1.502850625,0,0
0,0,0,0,-1.510813393,0,0
0,0,0,0,-1.518784848,0,0
0,0,0,0,-1.526764859,0,0
0,0,0,0,-1.534753294,0,0
0,0,0,0,-1.54275002,0,0
0,0,0,0,-1.550754907,0,0
0,0,0,0,-1.558767821,0,0
0,0,0,0,-1.566788629,0,0
0,0,0,0,-1.574817201,0,0
0,0,0,0,-1.582853402,0,0
0,0,0,0,-1.590897099,0,0
0,0,0,0,-1.598948161,0,0
0,0,0,0,-1.607006452,0,0
0,0,0,0,-1.615071841,0,0
0,0,0,0,-1.623144194,0,0
0,0,0,0,-1.631223376,0,0
0,0,0,0,-1.639309254,0,0
0,0,0,0,-1.647401694,0,0
0,0,0,0,-1.655500562,0,0
0,0,0,0,-1.663605724,0,0
0,0,0,0,-1.671717045,0,0
0,0,0,0,-1.67983439,0,0
0,0,0,0,-1.687957626,0,0
0,0,0,0,-1.696086617,0,0
0,0,0,0,-1.704221228,0,0
0,0,0,0,-1.712361324,0,0
0,0,0,0,-1.72050677,0,0
0,0,0,0,-1.728657431,0,0
0,0,0,0,-1.736813172,0,0
0,0,0,0,-1.744973856,0,0
0,0,0,0,-1.753139348,0,0
0,0,0,0,-1.761309512,0,0
0,0,0,0,-1.769484212,0,0
0,0,0,0,-1.777663313,0,0
0,0,0,0,-1.785846678,0,0
0,0,0,0,-1.794034171,0,0
0,0,0,0,-1.802225656,0,0
0,0,0,0,-1.810420995,0,0
0,0,0,0,-1.818620053,0,0
0,0,0,0,-1.826822693,0,0
0,0,0,0,-1.835028778,0,0
0,0,0,0,-1.843238171,0,0
0,0,0,0,-1.851450736,0,0
0,0,0,0,-1.859666334,0,0
0,0,0,0,-1.86788483,0,0
0,0,0,0,-1.876106086,0,0
0,0,0,0,-1.884329964,0,0
0,0,0,0,-1.892556327,0,0
0,0,0,0,-1.900785038,0,0
0,0,0,0,-1.909015959,0,0
0,0,0,0,-1.917248953,0,0
0,0,0,0,-1.925483881,0,0
0,0,0,0,-1.933720606,0,0
0,0,0,0,-1.94195899,0,0
0,0,0,0,-1.950198896,0,0
0,0,0,0,-1.958440184,0,0
0,0,0,0,-1.966682718,0,0
0,0,0,0,-1.974926358,0,0
0,0,0,0,-1.983170967,0,0
0,0,0,0,-1.991416406,0,0
0,0,0,0,-1.999662538,0,0
0,0,0,0,-2.007909223,0,0
0,0,0,0,-2.016156323,0,0
0,0,0,0,-2.0244037,0,0
0,0,0,0,-2.032651216,0,0
0,0,0,0,-2.040898731,0,0
0,0,0,0,-2.049146106,0,0
0,0,0,0,-2.057393205,0,0
0,0,0,0,-2.065639887,0,0
0,0,0,0,-2.073886013,0,0
0,0,0,0,-2.082131446,0,0
0,0,0,0,-2.090376046,0,0
0,0,0,0,-2.098619674,0,0
0,0,0,0,-2.106862191,0,0
0,0,0,0,-2.115103459,0,0
0,0,0,0,-2.123343338,0,0
0,0,0,0,-2.13158169,0,0
0,0,0,0,-2.139818375,0,0
0,0,0,0,-2.148053255,0,0
0,0,0,0,-2.15628619,0,0
0,0,0,0,-2.164517041,0,0
0,0,0,0,-2.17274567,0,0
0,0,0,0,-2.180971936,0,0
0,0,0,0,-2.189195701,0,0
0,0,0,0,-2.197416827,0,0
0,0,0,0,-2.205635172,0,0
0,0,0,0,-2.2138506,0,0
0,0,0,0,-2.222062969,0,0
0,0,0,0,-2.230272142,0,0
0,0,0,0,-2.238477979,0,0
0,0,0,0,-2.246680341,0,0
0,0,0,0,-2.254879089,0,0
0,0,0,0,-2.263074083,0,0
0,0,0,0,-2.271265184,0,0
0,0,0,0,-2.279452254,0,0
0,0,0,0,-2.287635153,0,0
0,0,0,0,-2.295813743,0,0
0,0,0,0,-2.303987883,0,0
0,0,0,0,-2.312157435,0,0
0,0,0,0,-2.32032226,0,0
0,0,0,0,-2.328482219,0,0
0,0,0,0,-2.336637173,0,0
0,0,0,0,-2.344786983,0,0
0,0,0,0,-2.35293151,0,0
0,0,0,0,-2.361070615,0,0
0,0,0,0,-2.36920416,0,0
0,0,0,0,-2.377332004,0,0
0,0,0,0,-2.38545401,0,0
0,0,0,0,-2.393570039,0,0
0,0,0,0,-2.401679952,0,0
0,0,0,0,-2.409783611,0,0
0,0,0,0,-2.417880876,0,0
0,0,0,0,-2.425971609,0,0
0,0,0,0,-2.434055672,0,0
0,0,0,0,-2.442132926,0,0
0,0,0,0,-2.450203232,0,0
0,0,0,0,-2.458266453,0,0
0,0,0,0,-2.46632245,0,0
0,0,0,0,-2.474371084,0,0
0,0,0,0,-2.482412218,0,0
0,0,0,0,-2.490445713,0,0
0,0,0,0,-2.498471432,0,0
0,0,0,0,-2.506489235,0,0
0,0,0,0,-2.514498986,0,0
0,0,0,0,-2.522500546,0,0
0,0,0,0,-2.530493778,0,0
0,0,0,0,-2.538478544,0,0
0,0,0,0,-2.546454706,0,0
0,0,0,0,-2.554422126,0,0
0,0,0,0,-2.562380668,0,0
0,0,0,0,-2.570330194,0,0
0,0,0,0,-2.578270565,0,0
0,0,0,0,-2.586201646,0,0
0,0,0,0,-2.5941233,0,0
0,0,0,0,-2.602035388,0,0
0,0,0,0,-2.609937774,0,0
0,0,0,0,-2.617830321,0,0
0,0,0,0,-2.625712893,0,0
0,0,0,0,-2.633585352,0,0
0,0,0,0,-2.641447563,0,0
0,0,0,0,-2.649299388,0,0
0,0,0,0,-2.657140692,0,0
0,0,0,0,-2.664971337,0,0
0,0,0,0,-2.672791189,0,0
0,0,0,0,-2.680600111,0,0
0,0,0,0,-2.688397966,0,0
0,0,0,0,-2.69618462,0,0
0,0,0,0,-2.703959936,0,0
0,0,0,0,-2.71172378,0,0
0,0,0,0,-2.719476014,0,0
0,0,0,0,-2.727216505,0,0
0,0,0,0,-2.734945117,0,0
0,0,0,0,-2.742661715,0,0
0,0,0,0,-2.750366164,0,0
0,0,0,0,-2.758058329,0,0
0,0,0,0,-2.765738076,0,0
0,0,0,0,-2.773405269,0,0
0,0,0,0,-2.781059776,0,0
0,0,0,0,-2.78870146,0,0
0,0,0,0,-2.796330189,0,0
0,0,0,0,-2.803945828,0,0
0,0,0,0,-2.811548243,0,0
0,0,0,0,-2.819137301,0,0
0,0,0,0,-2.826712868,0,0
0,0,0,0,-2.834274811,0,0
0,0,0,0,-2.841822996,0,0
0,0,0,0,-2.849357291,0,0
0,0,0,0,-2.856877562,0,0
0,0,0,0,-2.864383677,0,0
0,0,0,0,-2.871875504,0,0
0,0,0,0,-2.879352909,0,0
0,0,0,0,-2.88681576,0,0
0,0,0,0,-2.894263926,0,0
0,0,0,0,-2.901697274,0,0
0,0,0,0,-2.909115673,0,0
0,0,0,0,-2.916518991,0,0
0,0,0,0,-2.923907096,0,0
0,0,0,0,-2.931279858,0,0
0,0,0,0,-2.938637145,0,0
0,0,0,0,-2.945978827,0,0
0,0,0,0,-2.953304772,0,0
0,0,0,0,-2.960614851,0,0
0,0,0,0,-2.967908932,0,0
0,0,0,0,-2.975186886,0,0
0,0,0,0,-2.982448583,0,0
0,0,0,0,-2.989693893,0,0
0,0,0,0,-2.996922686,0,0
0,0,0,0,-3.004134833,0,0
0,0,0,0,-3.011330205,0,0
0,0,0,0,-3.018508673,0,0
0,0,0,0,-3.025670108,0,0
0,0,0,0,-3.032814381,0,0
0,0,0,0,-3.039941365,0,0
0,0,0,0,-3.04705093,0,0
0,0,0,0,-3.05414295,0,0
0,0,0,0,-3.061217296,0,0
0,0,0,0,-3.06827384,0,0
0,0,0,0,-3.075312456,0,0
0,0,0,0,-3.082333016,0,0
0,0,0,0,-3.089335394,0,0
0,0,0,0,-3.096319463,0,0
0,0,0,0,-3.103285095,0,0
0,0,0,0,-3.110232166,0,0
0,0,0,0,-3.117160549,0,0
0,0,0,0,-3.124070118,0,0
0,0,0,0,-3.130960748,0,0
0,0,0,0,-3.137832314,0,0
0,0,0,0,-3.144684689,0,0
0,0,0,0,-3.151517751,0,0
0,0,0,0,-3.158331373,0,0
0,0,0,0,-3.165125432,0,0
0,0,0,0,-3.171899804,0,0
0,0,0,0,-3.178654364,0,0
0,0,0,0,-3.185388989,0,0
0,0,0,0,-3.192103556,0,0
0,0,0,0,-3.198797941,0,0
0,0,0,0,-3.205472021,0,0
0,0,0,0,-3.212125675,0,0
0,0,0,0,-3.218758779,0,0
0,0,0,0,-3.225371211,0,0
0,0,0,0,-3.23196285,0,0
0,0,0,0,-3.238533574,0,0
0,0,0,0,-3.245083261,0,0
0,0,0,0,-3.251611791,0,0
0,0,0,0,-3.258119042,0,0
0,0,0,0,-3.264604894,0,0
0,0,0,0,-3.271069227,0,0
0,0,0,0,-3.27751192,0,0
0,0,0,0,-3.283932855,0,0
0,0,0,0,-3.290331911,0,0
0,0,0,0,-3.296708969,0,0
0,0,0,0,-3.30306391,0,0
0,0,0,0,-3.309396616,0,0
0,0,0,0,-3.315706968,0,0
0,0,0,0,-3.321994849,0,0
0,0,0,0,-3.32826014,0,0
0,0,0,0,-3.334502723,0,0
0,0,0,0,-3.340722482,0,0
0,0,0,0,-3.3469193,0,0
0,0,0,0,-3.353093059,0,0
0,0,0,0,-3.359243644,0,0
0,0,0,0,-3.365370939,0,0
0,0,0,0,-3.371474827,0,0
0,0,0,0,-3.377555194,0,0
0,0,0,0,-3.383611923,0,0
0,0,0,0,-3.389644901,0,0
0,0,0,0,-3.395654012,0,0
0,0,0,0,-3.401639142,0,0
0,0,0,0,-3.407600178,0,0
0,0,0,0,-3.413537005,0,0
0,0,0,0,-3.419449511,0,0
0,0,0,0,-3.425337582,0,0
0,0,0,0,-3.431201105,0,0
0,0,0,0,-3.437039968,0,0
0,0,0,0,-3.44285406,0,0
0,0,0,0,-3.448643267,0,0
0,0,0,0,-3.454407479,0,0
0,0,0,0,-3.460146585,0,0
0,0,0,0,-3.465860473,0,0
0,0,0,0,-3.471549034,0,0
0,0,0,0,-3.477212156,0,0
0,0,0,0,-3.482849731,0,0
0,0,0,0,-3.488461648,0,0
0,0,0,0,-3.494047799,0,0
0,0,0,0,-3.499608075,0,0
0,0,0,0,-3.505142366,0,0
0,0,0,0,-3.510650565,0,0
0,0,0,0,-3.516132565,0,0
0,0,0,0,-3.521588257,0,0
0,0,0,0,-3.527017534,0,0
0,0,0,0,-3.532420289,0,0
0,0,0,0,-3.537796417,0,0
0,0,0,0,-3.543145811,0,0
0,0,0,0,-3.548468364,0,0
0,0,0,0,-3.553763972,0,0
0,0,0,0,-3.55903253,0,0
0,0,0,0,-3.564273932,0,0
0,0,0,0,-3.569488075,0,0
0,0,0,0,-3.574674854,0,0
0,0,0,0,-3.579834166,0,0
0,0,0,0,-3.584965907,0,0
0,0,0,0,-3.590069974,0,0
0,0,0,0,-3.595146265,0,0
0,0,0,0,-3.600194677,0,0
0,0,0,0,-3.605215109,0,0
0,0,0,0,-3.610207459,0,0
0,0,0,0,-3.615171625,0,0
0,0,0,0,-3.620107508,0,0
0,0,0,0,-3.625015007,0,0
0,0,0,0,-3.629894021,0,0
0,0,0,0,-3.634744451,0,0
0,0,0,0,-3.639566197,0,0
0,0,0,0,-3.644359162,0,0
0,0,0,0,-3.649123245,0,0
0,0,0,0,-3.65385835,0,0
0,0,0,0,-3.658564377,0,0
0,0,0,0,-3.663241231,0,0
0,0,0,0,-3.667888813,0,0
0,0,0,0,-3.672507027,0,0
0,0,0,0,-3.677095777,0,0
0,0,0,0,-3.681654967,0,0
0,0,0,0,-3.686184501,0,0
0,0,0,0,-3.690684285,0,0
0,0,0,0,-3.695154224,0,0
0,0,0,0,-3.699594223,0,0
0,0,0,0,-3.704004188,0,0
0,0,0,0,-3.708384026,0,0
0,0,0,0,-3.712733644,0,0
0,0,0,0,-3.717052949,0,0
0,0,0,0,-3.721341849,0,0
0,0,0,0,-3.725600252,0,0
0,0,0,0,-3.729828066,0,0
0,0,0,0,-3.7340252,0,0
0,0,0,0,-3.738191564,0,0
0,0,0,0,-3.742327067,0,0
0,0,0,0,-3.746431619,0,0
0,0,0,0,-3.750505131,0,0
0,0,0,0,-3.754547514,0,0
0,0,0,0,-3.758558678,0,0
0,0,0,0,-3.762538537,0,0
0,0,0,0,-3.766487001,0,0
0,0,0,0,-3.770403984,0,0
0,0,0,0,-3.774289398,0,0
0,0,0,0,-3.778143157,0,0
0,0,0,0,-3.781965175,0,0
0,0,0,0,-3.785755366,0,0
0,0,0,0,-3.789513644,0,0
0,0,0,0,-3.793239926,0,0
0,0,0,0,-3.796934125,0,0
0,0,0,0,-3.800596159,0,0
0,0,0,0,-3.804225943,0,0
0,0,0,0,-3.807823395,0,0
0,0,0,0,-3.811388432,0,0
0,0,0,0,-3.81492097,0,0
0,0,0,0,-3.818420929,0,0
0,0,0,0,-3.821888227,0,0
0,0,0,0,-3.825322783,0,0
0,0,0,0,-3.828724516,0,0
0,0,0,0,-3.832093346,0,0
0,0,0,0,-3.835429194,0,0
0,0,0,0,-3.83873198,0,0
0,0,0,0,-3.842001625,0,0
0,0,0,0,-3.845238051,0,0
0,0,0,0,-3.848441179,0,0
0,0,0,0,-3.851610934,0,0
0,0,0,0,-3.854747236,0,0
0,0,0,0,-3.85785001,0,0
0,0,0,0,-3.86091918,0,0
0,0,0,0,-3.863954669,0,0
0,0,0,0,-3.866956403,0,0
0,0,0,0,-3.869924307,0,0
0,0,0,0,-3.872858306,0,0
0,0,0,0,-3.875758326,0,0
0,0,0,0,-3.878624295,0,0
0,0,0,0,-3.881456138,0,0
0,0,0,0,-3.884253784,0,0
0,0,0,0,-3.88701716,0,0
0,0,0,0,-3.889746194,0,0
0,0,0,0,-3.892440816,0,0
0,0,0,0,-3.895100955,0,0
0,0,0,0,-3.897726541,0,0
0,0,0,0,-3.900317503,0,0
0,0,0,0,-3.902873772,0,0
0,0,0,0,-3.90539528,0,0
0,0,0,0,-3.907881958,0,0
0,0,0,0,-3.910333739,0,0
0,0,0,0,-3.912750554,0,0
0,0,0,0,-3.915132337,0,0
0,0,0,0,-3.917479021,0,0
0,0,0,0,-3.919790541,0,0
0,0,0,0,-3.92206683,0,0
0,0,0,0,-3.924307823,0,0
0,0,0,0,-3.926513457,0,0
0,0,0,0,-3.928683666,0,0
0,0,0,0,-3.930818388,0,0
0,0,0,0,-3.932917558,0,0
0,0,0,0,-3.934981115,0,0
0,0,0,0,-3.937008995,0,0
0,0,0,0,-3.939001138,0,0
0,0,0,0,-3.940957482,0,0
0,0,0,0,-3.942877966,0,0
0,0,0,0,-3.944762529,0,0
0,0,0,0,-3.946611113,0,0
0,0,0,0,-3.948423657,0,0
0,0,0,0,-3.950200103,0,0
0,0,0,0,-3.951940393,0,0
0,0,0,0,-3.953644468,0,0
0,0,0,0,-3.955312271,0,0
0,0,0,0,-3.956943746,0,0
0,0,0,0,-3.958538835,0,0
0,0,0,0,-3.960097484,0,0
0,0,0,0,-3.961619636,0,0
0,0,0,0,-3.963105236,0,0
0,0,0,0,-3.96455423,0,0
0,0,0,0,-3.965966565,0,0
0,0,0,0,-3.967342187,0,0
0,0,0,0,-3.968681042,0,0
0,0,0,0,-3.969983078,0,0
0,0,0,0,-3.971248244,0,0
0,0,0,0,-3.972476488,0,0
0,0,0,0,-3.973667758,0,0
0,0,0,0,-3.974822005,0,0
0,0,0,0,-3.975939179,0,0
0,0,0,0,-3.97701923,0,0
0,0,0,0,-3.978062108,0,0
0,0,0,0,-3.979067767,0,0
0,0,0,0,-3.980036157,0,0
0,0,0,0,-3.980967231,0,0
0,0,0,0,-3.981860942,0,0
0,0,0,0,-3.982717245,0,0
0,0,0,0,-3.983536092,0,0
0,0,0,0,-3.984317438,0,0
0,0,0,0,-3.98506124,0,0
0,0,0,0,-3.985767451,0,0
0,0,0,0,-3.986436029,0,0
0,0,0,0,-3.98706693,0,0
0,0,0,0,-3.987660111,0,0
0,0,0,0,-3.988215529,0,0
0,0,0,0,-3.988733143,0,0
0,0,0,0,-3.989212912,0,0
0,0,0,0,-3.989654795,0,0
0,0,0,0,-3.99005875,0,0
0,0,0,0,-3.99042474,0,0
0,0,0,0,-3.990752724,0,0
0,0,0,0,-3.991042663,0,0
0,0,0,0,-3.99129452,0,0
0,0,0,0,-3.991508256,0,0
0,0,0,0,-3.991683835,0,0
0,0,0,0,-3.991821219,0,0
0,0,0,0,-3.991920373,0,0
0,0,0,0,-3.991981261,0,0
0,0,0,0,-3.992003847,0,0
0,0,0,0,-3.991988098,0,0
0,0,0,0,-3.991933979,0,0
0,0,0,0,-3.991841456,0,0
0,0,0,0,-3.991710497,0,0
0,0,0,0,-3.991541068,0,0
0,0,0,0,-3.991333139,0,0
0,0,0,0,-3.991086677,0,0
0,0,0,0,-3.990801652,0,0
0,0,0,0,-3.990478033,0,0
0,0,0,0,-3.99011579,0,0
0,0,0,0,-3.989714894,0,0
0,0,0,0,-3.989275316,0,0
0,0,0,0,-3.988797027,0,0
0,0,0,0,-3.988280001,0,0
0,0,0,0,-3.987724209,0,0
0,0,0,0,-3.987129626,0,0
0,0,0,0,-3.986496224,0,0
0,0,0,0,-3.985823978,0,0
0,0,0,0,-3.985112863,0,0
0,0,0,0,-3.984362854,0,0
0,0,0,0,-3.983573928,0,0
0,0,0,0,-3.982746061,0,0
0,0,0,0,-3.981879229,0,0
0,0,0,0,-3.98097341,0,0
0,0,0,0,-3.980028582,0,0
0,0,0,0,-3.979044725,0,0
0,0,0,0,-3.978021816,0,0
0,0,0,0,-3.976959836,0,0
0,0,0,0,-3.975858765,0,0
0,0,0,0,-3.974718583,0,0
0,0,0,0,-3.973539272,0,0
0,0,0,0,-3.972320813,0,0
0,0,0,0,-3.97106319,0,0
0,0,0,0,-3.969766384,0,0
0,0,0,0,-3.968430379,0,0
0,0,0,0,-3.967055159,0,0
0,0,0,0,-3.965640708,0,0
0,0,0,0,-3.964187012,0,0
0,0,0,0,-3.962694056,0,0
0,0,0,0,-3.961161826,0,0
0,0,0,0,-3.959590309,0,0
0,0,0,0,-3.957979491,0,0
0,0,0,0,-3.956329362,0,0
0,0,0,0,-3.954639907,0,0
0,0,0,0,-3.952911118,0,0
0,0,0,0,-3.951142982,0,0
0,0,0,0,-3.949335489,0,0
0,0,0,0,-3.947488631,0,0
0,0,0,0,-3.945602398,0,0
0,0,0,0,-3.943676781,0,0
0,0,0,0,-3.941711772,0,0
0,0,0,0,-3.939707364,0,0
0,0,0,0,-3.937663551,0,0
0,0,0,0,-3.935580324,0,0
0,0,0,0,-3.93345768,0,0
0,0,0,0,-3.931295612,0,0
0,0,0,0,-3.929094116,0,0
0,0,0,0,-3.926853187,0,0
0,0,0,0,-3.924572822,0,0
0,0,0,0,-3.922253017,0,0
0,0,0,0,-3.91989377,0,0
0,0,0,0,-3.91749508,0,0
0,0,0,0,-3.915056944,0,0
0,0,0,0,-3.912579361,0,0
0,0,0,0,-3.910062331,0,0
0,0,0,0,-3.907505855,0,0
0,0,0,0,-3.904909932,0,0
0,0,0,0,-3.902274564,0,0
0,0,0,0,-3.899599752,0,0
0,0,0,0,-3.8968855,0,0
0,0,0,0,-3.894131809,0,0
0,0,0,0,-3.891338684,0,0
0,0,0,0,-3.888506127,0,0
0,0,0,0,-3.885634144,0,0
0,0,0,0,-3.882722739,0,0
0,0,0,0,-3.879771918,0,0
0,0,0,0,-3.876781687,0,0
0,0,0,0,-3.873752052,0,0
0,0,0,0,-3.870683022,0,0
0,0,0,0,-3.867574602,0,0
0,0,0,0,-3.864426802,0,0
0,0,0,0,-3.861239631,0,0
0,0,0,0,-3.858013097,0,0
0,0,0,0,-3.854747211,0,0
0,0,0,0,-3.851441982,0,0
0,0,0,0,-3.848097422,0,0
0,0,0,0,-3.844713543,0,0
0,0,0,0,-3.841290356,0,0
0,0,0,0,-3.837827873,0,0
0,0,0,0,-3.834326109,0,0
0,0,0,0,-3.830785076,0,0
0,0,0,0,-3.827204789,0,0
0,0,0,0,-3.823585262,0,0
0,0,0,0,-3.819926511,0,0
0,0,0,0,-3.816228552,0,0
0,0,0,0,-3.8124914,0,0
0,0,0,0,-3.808715073,0,0
0,0,0,0,-3.804899588,0,0
0,0,0,0,-3.801044963,0,0
0,0,0,0,-3.797151216,0,0
0,0,0,0,-3.793218367,0,0
0,0,0,0,-3.789246436,0,0
0,0,0,0,-3.785235441,0,0
0,0,0,0,-3.781185404,0,0
0,0,0,0,-3.777096346,0,0
0,0,0,0,-3.772968289,0,0
0,0,0,0,-3.768801255,0,0
0,0,0,0,-3.764595266,0,0
0,0,0,0,-3.760350347,0,0
0,0,0,0,-3.75606652,0,0
0,0,0,0,-3.751743811,0,0
0,0,0,0,-3.747382244,0,0
0,0,0,0,-3.742981845,0,0
0,0,0,0,-3.738542639,0,0
0,0,0,0,-3.734064654,0,0
0,0,0,0,-3.729547916,0,0
0,0,0,0,-3.724992453,0,0
0,0,0,0,-3.720398293,0,0
0,0,0,0,-3.715765465,0,0
0,0,0,0,-3.711093998,0,0
0,0,0,0,-3.706383922,0,0
0,0,0,0,-3.701635266,0,0
0,0,0,0,-3.696848062,0,0
0,0,0,0,-3.692022342,0,0
0,0,0,0,-3.687158136,0,0
0,0,0,0,-3.682255478,0,0
0,0,0,0,-3.6773144,0,0
0,0,0,0,-3.672334936,0,0
0,0,0,0,-3.667317119,0,0
0,0,0,0,-3.662260985,0,0
0,0,0,0,-3.657166568,0,0
0,0,0,0,-3.652033904,0,0
0,0,0,0,-3.646863029,0,0
0,0,0,0,-3.641653979,0,0
0,0,0,0,-3.636406792,0,0
0,0,0,0,-3.631121506,0,0
0,0,0,0,-3.625798158,0,0
0,0,0,0,-3.620436788,0,0
0,0,0,0,-3.615037435,0,0
0,0,0,0,-3.609600137,0,0
0,0,0,0,-3.604124937,0,0
0,0,0,0,-3.598611874,0,0
0,0,0,0,-3.59306099,0,0
0,0,0,0,-3.587472327,0,0
0,0,0,0,-3.581845927,0,0
0,0,0,0,-3.576181833,0,0
0,0,0,0,-3.570480089,0,0
0,0,0,0,-3.564740738,0,0
0,0,0,0,-3.558963825,0,0
0,0,0,0,-3.553149396,0,0
0,0,0,0,-3.547297494,0,0
0,0,0,0,-3.541408168,0,0
0,0,0,0,-3.535481462,0,0
0,0,0,0,-3.529517424,0,0
0,0,0,0,-3.523516103,0,0
0,0,0,0,-3.517477545,0,0
0,0,0,0,-3.511401799,0,0
0,0,0,0,-3.505288916,0,0
0,0,0,0,-3.499138943,0,0
0,0,0,0,-3.492951932,0,0
0,0,0,0,-3.486727933,0,0
0,0,0,0,-3.480466997,0,0
0,0,0,0,-3.474169176,0,0
0,0,0,0,-3.467834522,0,0
0,0,0,0,-3.461463088,0,0
0,0,0,0,-3.455054927,0,0
0,0,0,0,-3.448610093,0,0
0,0,0,0,-3.44212864,0,0
0,0,0,0,-3.435610623,0,0
0,0,0,0,-3.429056097,0,0
0,0,0,0,-3.422465117,0,0
0,0,0,0,-3.415837741,0,0
0,0,0,0,-3.409174024,0,0
0,0,0,0,-3.402474024,0,0
0,0,0,0,-3.395737799,0,0
0,0,0,0,-3.388965408,0,0
0,0,0,0,-3.382156908,0,0
0,0,0,0,-3.375312359,0,0
0,0,0,0,-3.368431821,0,0
0,0,0,0,-3.361515354,0,0
0,0,0,0,-3.354563019,0,0
0,0,0,0,-3.347574877,0,0
0,0,0,0,-3.34055099,0,0
0,0,0,0,-3.333491421,0,0
0,0,0,0,-3.326396231,0,0
0,0,0,0,-3.319265484,0,0
0,0,0,0,-3.312099244,0,0
0,0,0,0,-3.304897576,0,0
0,0,0,0,-3.297660543,0,0
0,0,0,0,-3.290388211,0,0
0,0,0,0,-3.283080646,0,0
0,0,0,0,-3.275737913,0,0
0,0,0,0,-3.26836008,0,0
0,0,0,0,-3.260947214,0,0
0,0,0,0,-3.253499382,0,0
0,0,0,0,-3.246016653,0,0
0,0,0,0,-3.238499095,0,0
0,0,0,0,-3.230946776,0,0
0,0,0,0,-3.223359768,0,0
0,0,0,0,-3.215738139,0,0
0,0,0,0,-3.208081961,0,0
0,0,0,0,-3.200391303,0,0
0,0,0,0,-3.192666239,0,0
0,0,0,0,-3.184906839,0,0
0,0,0,0,-3.177113177,0,0
0,0,0,0,-3.169285324,0,0
0,0,0,0,-3.161423355,0,0
0,0,0,0,-3.153527344,0,0
0,0,0,0,-3.145597364,0,0
0,0,0,0,-3.13763349,0,0
0,0,0,0,-3.129635799,0,0
0,0,0,0,-3.121604365,0,0
0,0,0,0,-3.113539264,0,0
0,0,0,0,-3.105440574,0,0
0,0,0,0,-3.097308372,0,0
0,0,0,0,-3.089142734,0,0
0,0,0,0,-3.08094374,0,0
0,0,0,0,-3.072711468,0,0
0,0,0,0,-3.064445996,0,0
0,0,0,0,-3.056147404,0,0
0,0,0,0,-3.047815773,0,0
0,0,0,0,-3.039451182,0,0
0,0,0,0,-3.031053713,0,0
0,0,0,0,-3.022623446,0,0
0,0,0,0,-3.014160463,0,0
0,0,0,0,-3.005664847,0,0
0,0,0,0,-2.99713668,0,0
0,0,0,0,-2.988576046,0,0
0,0,0,0,-2.979983027,0,0
0,0,0,0,-2.971357708,0,0
0,0,0,0,-2.962700174,0,0
0,0,0,0,-2.954010509,0,0
0,0,0,0,-2.945288798,0,0
0,0,0,0,-2.936535128,0,0
0,0,0,0,-2.927749584,0,0
0,0,0,0,-2.918932254,0,0
0,0,0,0,-2.910083224,0,0
0,0,0,0,-2.901202582,0,0
0,0,0,0,-2.892290415,0,0
0,0,0,0,-2.883346813,0,0
0,0,0,0,-2.874371865,0,0
0,0,0,0,-2.865365659,0,0
0,0,0,0,-2.856328285,0,0
0,0,0,0,-2.847259834,0,0
0,0,0,0,-2.838160395,0,0
0,0,0,0,-2.829030061,0,0
0,0,0,0,-2.819868922,0,0
0,0,0,0,-2.810677071,0,0
0,0,0,0,-2.801454599,0,0
0,0,0,0,-2.7922016,0,0
0,0,0,0,-2.782918167,0,0
0,0,0,0,-2.773604393,0,0
0,0,0,0,-2.764260372,0,0
0,0,0,0,-2.754886199,0,0
0,0,0,0,-2.745481968,0,0
0,0,0,0,-2.736047775,0,0
0,0,0,0,-2.726583716,0,0
0,0,0,0,-2.717089886,0,0
0,0,0,0,-2.707566382,0,0
0,0,0,0,-2.698013301,0,0
0,0,0,0,-2.688430741,0,0
0,0,0,0,-2.678818799,0,0
0,0,0,0,-2.669177573,0,0
0,0,0,0,-2.659507162,0,0
0,0,0,0,-2.649807664,0,0
0,0,0,0,-2.64007918,0,0
0,0,0,0,-2.630321809,0,0
0,0,0,0,-2.620535651,0,0
0,0,0,0,-2.610720806,0,0
0,0,0,0,-2.600877376,0,0
0,0,0,0,-2.591005462,0,0
0,0,0,0,-2.581105166,0,0
0,0,0,0,-2.57117659,0,0
0,0,0,0,-2.561219836,0,0
0,0,0,0,-2.551235008,0,0
0,0,0,0,-2.541222209,0,0
0,0,0,0,-2.531181542,0,0
0,0,0,0,-2.521113112,0,0
0,0,0,0,-2.511017023,0,0
0,0,0,0,-2.500893379,0,0
0,0,0,0,-2.490742287,0,0
0,0,0,0,-2.480563852,0,0
0,0,0,0,-2.47035818,0,0
0,0,0,0,-2.460125378,0,0
0,0,0,0,-2.449865551,0,0
0,0,0,0,-2.439578808,0,0
0,0,0,0,-2.429265256,0,0
0,0,0,0,-2.418925002,0,0
0,0,0,0,-2.408558155,0,0
0,0,0,0,-2.398164824,0,0
0,0,0,0,-2.387745118,0,0
0,0,0,0,-2.377299146,0,0
0,0,0,0,-2.366827017,0,0
0,0,0,0,-2.356328843,0,0
0,0,0,0,-2.345804733,0,0
0,0,0,0,-2.335254798,0,0
0,0,0,0,-2.32467915,0,0
0,0,0,0,-2.314077899,0,0
0,0,0,0,-2.303451159,0,0
0,0,0,0,-2.292799041,0,0
0,0,0,0,-2.282121657,0,0
0,0,0,0,-2.271419121,0,0
0,0,0,0,-2.260691547,0,0
0,0,0,0,-2.249939047,0,0
0,0,0,0,-2.239161735,0,0
0,0,0,0,-2.228359727,0,0
0,0,0,0,-2.217533137,0,0
0,0,0,0,-2.20668208,0,0
0,0,0,0,-2.195806671,0,0
0,0,0,0,-2.184907025,0,0
0,0,0,0,-2.17398326,0,0
0,0,0,0,-2.163035492,0,0
0,0,0,0,-2.152063836,0,0
0,0,0,0,-2.141068411,0,0
0,0,0,0,-2.130049333,0,0
0,0,0,0,-2.119006721,0,0
0,0,0,0,-2.107940692,0,0
0,0,0,0,-2.096851365,0,0
0,0,0,0,-2.085738858,0,0
0,0,0,0,-2.074603291,0,0
0,0,0,0,-2.063444783,0,0
0,0,0,0,-2.052263453,0,0
0,0,0,0,-2.041059421,0,0
0,0,0,0,-2.029832809,0,0
0,0,0,0,-2.018583736,0,0
0,0,0,0,-2.007312323,0,0
0,0,0,0,-1.996018692,0,0
0,0,0,0,-1.984702964,0,0
0,0,0,0,-1.973365261,0,0
0,0,0,0,-1.962005705,0,0
0,0,0,0,-1.950624419,0,0
0,0,0,0,-1.939221525,0,0
0,0,0,0,-1.927797146,0,0
0,0,0,0,-1.916351406,0,0
0,0,0,0,-1.904884429,0,0
0,0,0,0,-1.893396338,0,0
0,0,0,0,-1.881887258,0,0
0,0,0,0,-1.870357313,0,0
0,0,0,0,-1.858806628,0,0
0,0,0,0,-1.847235329,0,0
0,0,0,0,-1.83564354,0,0
0,0,0,0,-1.824031387,0,0
0,0,0,0,-1.812398996,0,0
0,0,0,0,-1.800746494,0,0
0,0,0,0,-1.789074007,0,0
0,0,0,0,-1.777381663,0,0
0,0,0,0,-1.765669587,0,0
0,0,0,0,-1.753937907,0,0
0,0,0,0,-1.742186752,0,0
0,0,0,0,-1.730416248,0,0
0,0,0,0,-1.718626525,0,0
0,0,0,0,-1.70681771,0,0
0,0,0,0,-1.694989932,0,0
0,0,0,0,-1.683143321,0,0
0,0,0,0,-1.671278006,0,0
0,0,0,0,-1.659394115,0,0
0,0,0,0,-1.647491779,0,0
0,0,0,0,-1.635571128,0,0
0,0,0,0,-1.623632293,0,0
0,0,0,0,-1.611675403,0,0
0,0,0,0,-1.599700589,0,0
0,0,0,0,-1.587707983,0,0
0,0,0,0,-1.575697715,0,0
0,0,0,0,-1.563669918,0,0
0,0,0,0,-1.551624723,0,0
0,0,0,0,-1.539562262,0,0
0,0,0,0,-1.527482668,0,0
0,0,0,0,-1.515386072,0,0
0,0,0,0,-1.503272608,0,0
0,0,0,0,-1.491142408,0,0
0,0,0,0,-1.478995606,0,0
0,0,0,0,-1.466832335,0,0
0,0,0,0,-1.454652729,0,0
0,0,0,0,-1.442456922,0,0
0,0,0,0,-1.430245048,0,0
0,0,0,0,-1.41801724,0,0
0,0,0,0,-1.405773635,0,0
0,0,0,0,-1.393514366,0,0
0,0,0,0,-1.381239568,0,0
0,0,0,0,-1.368949377,0,0
0,0,0,0,-1.356643929,0,0
0,0,0,0,-1.344323358,0,0
0,0,0,0,-1.3319878,0,0
0,0,0,0,-1.319637393,0,0
0,0,0,0,-1.307272271,0,0
0,0,0,0,-1.294892572,0,0
0,0,0,0,-1.282498432,0,0
0,0,0,0,-1.270089988,0,0
0,0,0,0,-1.257667377,0,0
0,0,0,0,-1.245230736,0,0
0,0,0,0,-1.232780203,0,0
0,0,0,0,-1.220315916,0,0
0,0,0,0,-1.207838012,0,0
0,0,0,0,-1.195346629,0,0
0,0,0,0,-1.182841906,0,0
0,0,0,0,-1.170323981,0,0
0,0,0,0,-1.157792993,0,0
0,0,0,0,-1.14524908,0,0
0,0,0,0,-1.132692381,0,0
0,0,0,0,-1.120123036,0,0
0,0,0,0,-1.107541184,0,0
0,0,0,0,-1.094946964,0,0
0,0,0,0,-1.082340516,0,0
0,0,0,0,-1.06972198,0,0
0,0,0,0,-1.057091496,0,0
0,0,0,0,-1.044449204,0,0
0,0,0,0,-1.031795245,0,0
0,0,0,0,-1.019129758,0,0
0,0,0,0,-1.006452884,0,0
0,0,0,0,-0.9937647655,0,0
0,0,0,0,-0.9810655419,0,0
0,0,0,0,-0.9683553547,0,0
0,0,0,0,-0.9556343453,0,0
0,0,0,0,-0.9429026551,0,0
0,0,0,0,-0.9301604256,0,0
0,0,0,0,-0.9174077986,0,0
0,0,0,0,-0.904644916,0,0
0,0,0,0,-0.8918719198,0,0
0,0,0,0,-0.8790889521,0,0
0,0,0,0,-0.8662961552,0,0
0,0,0,0,-0.8534936717,0,0
0,0,0,0,-0.840681644,0,0
0,0,0,0,-0.8278602148,0,0
0,0,0,0,-0.815029527,0,0
0,0,0,0,-0.8021897236,0,0
0,0,0,0,-0.7893409477,0,0
0,0,0,0,-0.7764833424,0,0
0,0,0,0,-0.7636170511,0,0
0,0,0,0,-0.7507422173,0,0
0,0,0,0,-0.7378589845,0,0
0,0,0,0,-0.7249674964,0,0
0,0,0,0,-0.7120678969,0,0
0,0,0,0,-0.6991603299,0,0
0,0,0,0,-0.6862449394,0,0
0,0,0,0,-0.6733218696,0,0
0,0,0,0,-0.6603912647,0,0
0,0,0,0,-0.647453269,0,0
0,0,0,0,-0.6345080271,0,0
0,0,0,0,-0.6215556835,0,0
0,0,0,0,-0.6085963828,0,0
0,0,0,0,-0.5956302699,0,0
0,0,0,0,-0.5826574895,0,0
0,0,0,0,-0.5696781866,0,0
0,0,0,0,-0.5566925063,0,0
0,0,0,0,-0.5437005936,0,0
0,0,0,0,-0.5307025939,0,0
0,0,0,0,-0.5176986523,0,0
0,0,0,0,-0.5046889142,0,0
0,0,0,0,-0.4916735253,0,0
0,0,0,0,-0.4786526308,0,0
0,0,0,0,-0.4656263766,0,0
0,0,0,0,-0.4525949082,0,0
0,0,0,0,-0.4395583715,0,0
0,0,0,0,-0.4265169122,0,0
0,0,0,0,-0.4134706764,0,0
0,0,0,0,-0.4004198098,0,0
0,0,0,0,-0.3873644587,0,0
0,0,0,0,-0.374304769,0,0
0,0,0,0,-0.361240887,0,0
0,0,0,0,-0.3481729588,0,0
0,0,0,0,-0.3351011308,0,0
0,0,0,0,-0.3220255492,0,0
0,0,0,0,-0.3089463605,0,0
0,0,0,0,-0.295863711,0,0
0,0,0,0,-0.2827777473,0,0
0,0,0,0,-0.2696886158,0,0
0,0,0,0,-0.2565964632,0,0
0,0,0,0,-0.243501436,0,0
0,0,0,0,-0.2304036809,0,0
0,0,0,0,-0.2173033446,0,0
0,0,0,0,-0.2042005738,0,0
0,0,0,0,-0.1910955153,0,0
0,0,0,0,-0.1779883159,0,0
0,0,0,0,-0.1648791223,0,0
0,0,0,0,-0.1517680815,0,0
0,0,0,0,-0.1386553403,0,0
0,0,0,0,-0.1255410456,0,0
0,0,0,0,-0.1124253443,0,0
0,0,0,0,-0.09930838333,0,0
0,0,0,0,-0.08619030973,0,0
0,0,0,0,-0.07307127041,0,0
0,0,0,0,-0.05995141237,0,0
0,0,0,0,-0.04683088261,0,0
0,0,0,0,-0.03370982814,0,0
0,0,0,0,-0.02058839596,0,0
0,0,0,0,-0.007466733092,0,0
0,0,0,0,0.005655013434,0,0
0,0,0,0,0.0187766966,0,0
0,0,0,0,0.03189816938,0,0
0,0,0,0,0.04501928475,0,0
0,0,0,0,0.05813989571,0,0
0,0,0,0,0.07125985524,0,0
0,0,0,0,0.08437901634,0,0
0,0,0,0,0.09749723203,0,0
0,0,0,0,0.1106143553,0,0
0,0,0,0,0.1237302393,0,0
0,0,0,0,0.1368447369,0,0
0,0,0,0,0.1499577014,0,0
0,0,0,0,0.1630689857,0,0
0,0,0,0,0.1761784431,0,0
0,0,0,0,0.1892859266,0,0
0,0,0,0,0.2023912894,0,0
0,0,0,0,0.2154943848,0,0
0,0,0,0,0.228595066,0,0
0,0,0,0,0.2416931862,0,0
0,0,0,0,0.2547885987,0,0
0,0,0,0,0.267881157,0,0
0,0,0,0,0.2809707143,0,0
0,0,0,0,0.2940571241,0,0
0,0,0,0,0.3071402399,0,0
0,0,0,0,0.3202199152,0,0
0,0,0,0,0.3332960035,0,0
0,0,0,0,0.3463683585,0,0
0,0,0,0,0.3594368338,0,0
0,0,0,0,0.3725012832,0,0
0,0,0,0,0.3855615604,0,0
0,0,0,0,0.3986175193,0,0
0,0,0,0,0.4116690137,0,0
0,0,0,0,0.4247158976,0,0
0,0,0,0,0.4377580251,0,0
0,0,0,0,0.4507952501,0,0
0,0,0,0,0.4638274269,0,0
0,0,0,0,0.4768544098,0,0
0,0,0,0,0.4898760529,0,0
0,0,0,0,0.5028922107,0,0
0,0,0,0,0.5159027376,0,0
0,0,0,0,0.5289074882,0,0
0,0,0,0,0.541906317,0,0
0,0,0,0,0.5548990787,0,0
0,0,0,0,0.5678856282,0,0
0,0,0,0,0.5808658202,0,0
0,0,0,0,0.5938395098,0,0
0,0,0,0,0.6068065519,0,0
0,0,0,0,0.6197668018,0,0
0,0,0,0,0.6327201146,0,0
0,0,0,0,0.6456663457,0,0
0,0,0,0,0.6586053504,0,0
0,0,0,0,0.6715369843,0,0
0,0,0,0,0.6844611031,0,0
0,0,0,0,0.6973775625,0,0
0,0,0,0,0.7102862183,0,0
0,0,0,0,0.7231869264,0,0
0,0,0,0,0.7360795429,0,0
0,0,0,0,0.7489639241,0,0
0,0,0,0,0.7618399261,0,0
0,0,0,0,0.7747074054,0,0
0,0,0,0,0.7875662185,0,0
0,0,0,0,0.8004162221,0,0
0,0,0,0,0.8132572728,0,0
0,0,0,0,0.8260892277,0,0
0,0,0,0,0.8389119437,0,0
0,0,0,0,0.851725278,0,0
0,0,0,0,0.8645290878,0,0
0,0,0,0,0.8773232305,0,0
0,0,0,0,0.8901075638,0,0
0,0,0,0,0.9028819453,0,0
0,0,0,0,0.9156462327,0,0
0,0,0,0,0.9284002842,0,0
0,0,0,0,0.9411439577,0,0
0,0,0,0,0.9538771115,0,0
0,0,0,0,0.966599604,0,0
0,0,0,0,0.9793112938,0,0
0,0,0,0,0.9920120396,0,0
0,0,0,0,1.0047017,0,0
0,0,0,0,1.017380135,0,0
0,0,0,0,1.030047202,0,0
0,0,0,0,1.042702761,0,0
0,0,0,0,1.055346673,0,0
0,0,0,0,1.067978796,0,0
0,0,0,0,1.08059899,0,0
0,0,0,0,1.093207115,0,0
0,0,0,0,1.105803031,0,0
0,0,0,0,1.118386599,0,0
0,0,0,0,1.130957679,0,0
0,0,0,0,1.143516132,0,0
0,0,0,0,1.156061819,0,0
0,0,0,0,1.1685946,0,0
0,0,0,0,1.181114337,0,0
0,0,0,0,1.193620891,0,0
0,0,0,0,1.206114124,0,0
0,0,0,0,1.218593897,0,0
0,0,0,0,1.231060073,0,0
0,0,0,0,1.243512513,0,0
0,0,0,0,1.25595108,0,0
0,0,0,0,1.268375636,0,0
0,0,0,0,1.280786044,0,0
0,0,0,0,1.293182168,0,0
0,0,0,0,1.305563869,0,0
0,0,0,0,1.317931011,0,0
0,0,0,0,1.330283459,0,0
0,0,0,0,1.342621074,0,0
0,0,0,0,1.354943723,0,0
0,0,0,0,1.367251267,0,0
0,0,0,0,1.379543573,0,0
0,0,0,0,1.391820504,0,0
0,0,0,0,1.404081925,0,0
0,0,0,0,1.416327701,0,0
0,0,0,0,1.428557698,0,0
0,0,0,0,1.44077178,0,0
0,0,0,0,1.452969814,0,0
0,0,0,0,1.465151665,0,0
0,0,0,0,1.477317199,0,0
0,0,0,0,1.489466282,0,0
0,0,0,0,1.501598782,0,0
0,0,0,0,1.513714565,0,0
0,0,0,0,1.525813498,0,0
0,0,0,0,1.537895448,0,0
0,0,0,0,1.549960282,0,0
0,0,0,0,1.562007869,0,0
0,0,0,0,1.574038076,0,0
0,0,0,0,1.586050772,0,0
0,0,0,0,1.598045824,0,0
0,0,0,0,1.610023102,0,0
0,0,0,0,1.621982475,0,0
0,0,0,0,1.633923811,0,0
0,0,0,0,1.64584698,0,0
0,0,0,0,1.657751853,0,0
0,0,0,0,1.669638298,0,0
0,0,0,0,1.681506186,0,0
0,0,0,0,1.693355387,0,0
0,0,0,0,1.705185772,0,0
0,0,0,0,1.716997213,0,0
0,0,0,0,1.72878958,0,0
0,0,0,0,1.740562745,0,0
0,0,0,0,1.752316579,0,0
0,0,0,0,1.764050956,0,0
0,0,0,0,1.775765746,0,0
0,0,0,0,1.787460823,0,0
0,0,0,0,1.799136059,0,0
0,0,0,0,1.810791328,0,0
0,0,0,0,1.822426502,0,0
0,0,0,0,1.834041457,0,0
0,0,0,0,1.845636065,0,0
0,0,0,0,1.857210201,0,0
0,0,0,0,1.86876374,0,0
0,0,0,0,1.880296556,0,0
0,0,0,0,1.891808524,0,0
0,0,0,0,1.90329952,0,0
0,0,0,0,1.91476942,0,0
0,0,0,0,1.9262181,0,0
0,0,0,0,1.937645435,0,0
0,0,0,0,1.949051302,0,0
0,0,0,0,1.960435579,0,0
0,0,0,0,1.971798143,0,0
0,0,0,0,1.983138871,0,0
0,0,0,0,1.99445764,0,0
0,0,0,0,2.005754329,0,0
0,0,0,0,2.017028817,0,0
0,0,0,0,2.028280982,0,0
0,0,0,0,2.039510703,0,0
0,0,0,0,2.050717859,0,0
0,0,0,0,2.06190233,0,0
0,0,0,0,2.073063997,0,0
0,0,0,0,2.084202738,0,0
0,0,0,0,2.095318436,0,0
0,0,0,0,2.106410971,0,0
0,0,0,0,2.117480223,0,0
0,0,0,0,2.128526076,0,0
0,0,0,0,2.13954841,0,0
0,0,0,0,2.150547108,0,0
0,0,0,0,2.161522052,0,0
0,0,0,0,2.172473126,0,0
0,0,0,0,2.183400212,0,0
0,0,0,0,2.194303195,0,0
0,0,0,0,2.205181957,0,0
0,0,0,0,2.216036383,0,0
0,0,0,0,2.226866359,0,0
0,0,0,0,2.237671768,0,0
0,0,0,0,2.248452496,0,0
0,0,0,0,2.259208428,0,0
0,0,0,0,2.269939451,0,0
0,0,0,0,2.280645451,0,0
0,0,0,0,2.291326314,0,0
0,0,0,0,2.301981927,0,0
0,0,0,0,2.312612178,0,0
0,0,0,0,2.323216955,0,0
0,0,0,0,2.333796144,0,0
0,0,0,0,2.344349636,0,0
0,0,0,0,2.354877318,0,0
0,0,0,0,2.36537908,0,0
0,0,0,0,2.375854812,0,0
0,0,0,0,2.386304402,0,0
0,0,0,0,2.396727741,0,0
0,0,0,0,2.40712472,0,0
0,0,0,0,2.41749523,0,0
0,0,0,0,2.427839162,0,0
0,0,0,0,2.438156407,0,0
0,0,0,0,2.448446858,0,0
0,0,0,0,2.458710408,0,0
0,0,0,0,2.468946948,0,0
0,0,0,0,2.479156372,0,0
0,0,0,0,2.489338574,0,0
0,0,0,0,2.499493448,0,0
0,0,0,0,2.509620887,0,0
0,0,0,0,2.519720787,0,0
0,0,0,0,2.529793042,0,0
0,0,0,0,2.539837548,0,0
0,0,0,0,2.549854202,0,0
0,0,0,0,2.559842898,0,0
0,0,0,0,2.569803534,0,0
0,0,0,0,2.579736007,0,0
0,0,0,0,2.589640214,0,0
0,0,0,0,2.599516052,0,0
0,0,0,0,2.609363421,0,0
0,0,0,0,2.619182218,0,0
0,0,0,0,2.628972343,0,0
0,0,0,0,2.638733695,0,0
0,0,0,0,2.648466174,0,0
0,0,0,0,2.658169679,0,0
0,0,0,0,2.667844112,0,0
0,0,0,0,2.677489374,0,0
0,0,0,0,2.687105365,0,0
0,0,0,0,2.696691988,0,0
0,0,0,0,2.706249145,0,0
0,0,0,0,2.715776738,0,0
0,0,0,0,2.725274671,0,0
0,0,0,0,2.734742846,0,0
0,0,0,0,2.744181168,0,0
0,0,0,0,2.753589542,0,0
0,0,0,0,2.76296787,0,0
0,0,0,0,2.77231606,0,0
0,0,0,0,2.781634016,0,0
0,0,0,0,2.790921644,0,0
0,0,0,0,2.800178851,0,0
0,0,0,0,2.809405543,0,0
0,0,0,0,2.818601627,0,0
0,0,0,0,2.827767012,0,0
0,0,0,0,2.836901605,0,0
0,0,0,0,2.846005315,0,0
0,0,0,0,2.85507805,0,0
0,0,0,0,2.86411972,0,0
0,0,0,0,2.873130235,0,0
0,0,0,0,2.882109504,0,0
0,0,0,0,2.89105744,0,0
0,0,0,0,2.899973951,0,0
0,0,0,0,2.908858951,0,0
0,0,0,0,2.917712351,0,0
0,0,0,0,2.926534064,0,0
0,0,0,0,2.935324001,0,0
0,0,0,0,2.944082078,0,0
0,0,0,0,2.952808206,0,0
0,0,0,0,2.961502301,0,0
0,0,0,0,2.970164277,0,0
0,0,0,0,2.978794048,0,0
0,0,0,0,2.987391532,0,0
0,0,0,0,2.995956642,0,0
0,0,0,0,3.004489297,0,0
0,0,0,0,3.012989412,0,0
0,0,0,0,3.021456905,0,0
0,0,0,0,3.029891694,0,0
0,0,0,0,3.038293697,0,0
0,0,0,0,3.046662832,0,0
0,0,0,0,3.054999019,0,0
0,0,0,0,3.063302177,0,0
0,0,0,0,3.071572226,0,0
0,0,0,0,3.079809087,0,0
0,0,0,0,3.088012681,0,0
0,0,0,0,3.096182929,0,0
0,0,0,0,3.104319752,0,0
0,0,0,0,3.112423074,0,0
0,0,0,0,3.120492817,0,0
0,0,0,0,3.128528904,0,0
0,0,0,0,3.136531259,0,0
0,0,0,0,3.144499806,0,0
0,0,0,0,3.15243447,0,0
0,0,0,0,3.160335176,0,0
0,0,0,0,3.16820185,0,0
0,0,0,0,3.176034417,0,0
0,0,0,0,3.183832804,0,0
0,0,0,0,3.191596939,0,0
0,0,0,0,3.199326748,0,0
0,0,0,0,3.20702216,0,0
0,0,0,0,3.214683104,0,0
0,0,0,0,3.222309507,0,0
0,0,0,0,3.2299013,0,0
0,0,0,0,3.237458412,0,0
0,0,0,0,3.244980774,0,0
0,0,0,0,3.252468316,0,0
0,0,0,0,3.25992097,0,0
0,0,0,0,3.267338668,0,0
0,0,0,0,3.274721342,0,0
0,0,0,0,3.282068925,0,0
0,0,0,0,3.289381349,0,0
0,0,0,0,3.29665855,0,0
0,0,0,0,3.30390046,0,0
0,0,0,0,3.311107016,0,0
0,0,0,0,3.318278151,0,0
0,0,0,0,3.325413802,0,0
0,0,0,0,3.332513905,0,0
0,0,0,0,3.339578397,0,0
0,0,0,0,3.346607214,0,0
0,0,0,0,3.353600295,0,0
0,0,0,0,3.360557577,0,0
0,0,0,0,3.367479,0,0
0,0,0,0,3.374364502,0,0
0,0,0,0,3.381214024,0,0
0,0,0,0,3.388027504,0,0
0,0,0,0,3.394804885,0,0
0,0,0,0,3.401546107,0,0
0,0,0,0,3.408251112,0,0
0,0,0,0,3.414919842,0,0
0,0,0,0,3.421552239,0,0
0,0,0,0,3.428148247,0,0
0,0,0,0,3.43470781,0,0
0,0,0,0,3.441230871,0,0
0,0,0,0,3.447717376,0,0
0,0,0,0,3.454167269,0,0
0,0,0,0,3.460580497,0,0
0,0,0,0,3.466957005,0,0
0,0,0,0,3.47329674,0,0
0,0,0,0,3.47959965,0,0
0,0,0,0,3.485865681,0,0
0,0,0,0,3.492094783,0,0
0,0,0,0,3.498286904,0,0
0,0,0,0,3.504441994,0,0
0,0,0,0,3.510560002,0,0
0,0,0,0,3.516640878,0,0
0,0,0,0,3.522684573,0,0
0,0,0,0,3.528691039,0,0
0,0,0,0,3.534660227,0,0
0,0,0,0,3.54059209,0,0
0,0,0,0,3.54648658,0,0
0,0,0,0,3.552343651,0,0
0,0,0,0,3.558163258,0,0
0,0,0,0,3.563945353,0,0
0,0,0,0,3.569689893,0,0
0,0,0,0,3.575396832,0,0
0,0,0,0,3.581066127,0,0
0,0,0,0,3.586697734,0,0
0,0,0,0,3.59229161,0,0
0,0,0,0,3.597847712,0,0
0,0,0,0,3.603366,0,0
0,0,0,0,3.60884643,0,0
0,0,0,0,3.614288963,0,0
0,0,0,0,3.619693558,0,0
0,0,0,0,3.625060175,0,0
0,0,0,0,3.630388775,0,0
0,0,0,0,3.635679318,0,0
0,0,0,0,3.640931768,0,0
0,0,0,0,3.646146085,0,0
0,0,0,0,3.651322233,0,0
0,0,0,0,3.656460175,0,0
0,0,0,0,3.661559875,0,0
0,0,0,0,3.666621297,0,0
0,0,0,0,3.671644406,0,0
0,0,0,0,3.676629168,0,0
0,0,0,0,3.681575548,0,0
0,0,0,0,3.686483513,0,0
0,0,0,0,3.691353029,0,0
0,0,0,0,3.696184066,0,0
0,0,0,0,3.700976589,0,0
0,0,0,0,3.705730569,0,0
0,0,0,0,3.710445974,0,0
0,0,0,0,3.715122774,0,0
0,0,0,0,3.719760938,0,0
0,0,0,0,3.724360439,0,0
0,0,0,0,3.728921246,0,0
0,0,0,0,3.733443333,0,0
0,0,0,0,3.73792667,0,0
0,0,0,0,3.742371232,0,0
0,0,0,0,3.74677699,0,0
0,0,0,0,3.75114392,0,0
0,0,0,0,3.755471996,0,0
0,0,0,0,3.759761193,0,0
0,0,0,0,3.764011485,0,0
0,0,0,0,3.768222851,0,0
0,0,0,0,3.772395265,0,0
0,0,0,0,3.776528705,0,0
0,0,0,0,3.780623149,0,0
0,0,0,0,3.784678574,0,0
0,0,0,0,3.788694961,0,0
0,0,0,0,3.792672287,0,0
0,0,0,0,3.796610534,0,0
0,0,0,0,3.80050968,0,0
0,0,0,0,3.804369708,0,0
0,0,0,0,3.808190598,0,0
0,0,0,0,3.811972333,0,0
0,0,0,0,3.815714894,0,0
0,0,0,0,3.819418266,0,0
0,0,0,0,3.823082432,0,0
0,0,0,0,3.826707375,0,0
0,0,0,0,3.830293081,0,0
0,0,0,0,3.833839534,0,0
0,0,0,0,3.837346721,0,0
0,0,0,0,3.840814628,0,0
0,0,0,0,3.844243242,0,0
0,0,0,0,3.847632549,0,0
0,0,0,0,3.850982538,0,0
0,0,0,0,3.854293198,0,0
0,0,0,0,3.857564517,0,0
0,0,0,0,3.860796485,0,0
0,0,0,0,3.863989092,0,0
0,0,0,0,3.867142328,0,0
0,0,0,0,3.870256185,0,0
0,0,0,0,3.873330655,0,0
0,0,0,0,3.876365729,0,0
0,0,0,0,3.879361401,0,0
0,0,0,0,3.882317664,0,0
0,0,0,0,3.885234511,0,0
0,0,0,0,3.888111938,0,0
0,0,0,0,3.890949938,0,0
0,0,0,0,3.893748508,0,0
0,0,0,0,3.896507644,0,0
0,0,0,0,3.899227342,0,0
0,0,0,0,3.901907599,0,0
0,0,0,0,3.904548413,0,0
0,0,0,0,3.907149782,0,0
0,0,0,0,3.909711705,0,0
0,0,0,0,3.912234182,0,0
0,0,0,0,3.914717211,0,0
0,0,0,0,3.917160793,0,0
0,0,0,0,3.91956493,0,0
0,0,0,0,3.921929622,0,0
0,0,0,0,3.924254873,0,0
0,0,0,0,3.926540683,0,0
0,0,0,0,3.928787057,0,0
0,0,0,0,3.930993997,0,0
0,0,0,0,3.933161509,0,0
0,0,0,0,3.935289596,0,0
0,0,0,0,3.937378265,0,0
0,0,0,0,3.93942752,0,0
0,0,0,0,3.941437368,0,0
0,0,0,0,3.943407816,0,0
0,0,0,0,3.945338871,0,0
0,0,0,0,3.947230542,0,0
0,0,0,0,3.949082836,0,0
0,0,0,0,3.950895763,0,0
0,0,0,0,3.952669332,0,0
0,0,0,0,3.954403554,0,0
0,0,0,0,3.956098439,0,0
0,0,0,0,3.957753997,0,0
0,0,0,0,3.959370242,0,0
0,0,0,0,3.960947185,0,0
0,0,0,0,3.962484838,0,0
0,0,0,0,3.963983216,0,0
0,0,0,0,3.965442332,0,0
0,0,0,0,3.9668622,0,0
0,0,0,0,3.968242836,0,0
0,0,0,0,3.969584254,0,0
0,0,0,0,3.970886471,0,0
0,0,0,0,3.972149504,0,0
0,0,0,0,3.973373369,0,0
0,0,0,0,3.974558084,0,0
0,0,0,0,3.975703667,0,0
0,0,0,0,3.976810137,0,0
0,0,0,0,3.977877514,0,0
0,0,0,0,3.978905816,0,0
0,0,0,0,3.979895064,0,0
0,0,0,0,3.980845279,0,0
0,0,0,0,3.981756482,0,0
0,0,0,0,3.982628696,0,0
0,0,0,0,3.983461942,0,0
0,0,0,0,3.984256244,0,0
0,0,0,0,3.985011624,0,0
0,0,0,0,3.985728108,0,0
0,0,0,0,3.986405719,0,0
0,0,0,0,3.987044482,0,0
0,0,0,0,3.987644424,0,0
0,0,0,0,3.98820557,0,0
0,0,0,0,3.988727947,0,0
0,0,0,0,3.989211582,0,0
0,0,0,0,3.989656503,0,0
0,0,0,0,3.990062739,0,0
0,0,0,0,3.990430317,0,0
0,0,0,0,3.990759267,0,0
0,0,0,0,3.991049619,0,0
0,0,0,0,3.991301403,0,0
0,0,0,0,3.991514651,0,0
0,0,0,0,3.991689393,0,0
0,0,0,0,3.991825662,0,0
0,0,0,0,3.99192349,0,0
0,0,0,0,3.991982909,0,0
0,0,0,0,3.992003954,0,0
0,0,0,0,3.991986659,0,0
0,0,0,0,3.991931057,0,0
0,0,0,0,3.991837185,0,0
0,0,0,0,3.991705077,0,0
0,0,0,0,3.991534769,0,0
0,0,0,0,3.991326299,0,0
0,0,0,0,3.991079704,0,0
0,0,0,0,3.99079502,0,0
0,0,0,0,3.990472287,0,0
0,0,0,0,3.990111543,0,0
0,0,0,0,3.989712827,0,0
0,0,0,0,3.989276178,0,0
0,0,0,0,3.988801638,0,0
0,0,0,0,3.988289247,0,0
0,0,0,0,3.987739045,0,0
0,0,0,0,3.987151076,0,0
0,0,0,0,3.986525381,0,0
0,0,0,0,3.985862002,0,0
0,0,0,0,3.985160984,0,0
0,0,0,0,3.98442237,0,0
0,0,0,0,3.983646205,0,0
0,0,0,0,3.982832533,0,0
0,0,0,0,3.981981399,0,0
0,0,0,0,3.98109285,0,0
0,0,0,0,3.980166932,0,0
0,0,0,0,3.979203691,0,0
0,0,0,0,3.978203176,0,0
0,0,0,0,3.977165433,0,0
0,0,0,0,3.976090512,0,0
0,0,0,0,3.974978461,0,0
0,0,0,0,3.97382933,0,0
0,0,0,0,3.972643168,0,0
0,0,0,0,3.971420026,0,0
0,0,0,0,3.970159955,0,0
0,0,0,0,3.968863006,0,0
0,0,0,0,3.967529231,0,0
0,0,0,0,3.966158683,0,0
0,0,0,0,3.964751414,0,0
0,0,0,0,3.963307478,0,0
0,0,0,0,3.961826929,0,0
0,0,0,0,3.96030982,0,0
0,0,0,0,3.958756208,0,0
0,0,0,0,3.957166147,0,0
0,0,0,0,3.955539692,0,0
0,0,0,0,3.953876902,0,0
0,0,0,0,3.952177831,0,0
0,0,0,0,3.950442538,0,0
0,0,0,0,3.948671081,0,0
0,0,0,0,3.946863517,0,0
0,0,0,0,3.945019906,0,0
0,0,0,0,3.943140306,0,0
0,0,0,0,3.941224778,0,0
0,0,0,0,3.939273382,0,0
0,0,0,0,3.937286179,0,0
0,0,0,0,3.935263229,0,0
0,0,0,0,3.933204594,0,0
0,0,0,0,3.931110337,0,0
0,0,0,0,3.928980521,0,0
0,0,0,0,3.926815207,0,0
0,0,0,0,3.924614461,0,0
0,0,0,0,3.922378346,0,0
0,0,0,0,3.920106926,0,0
0,0,0,0,3.917800267,0,0
0,0,0,0,3.915458434,0,0
0,0,0,0,3.913081493,0,0
0,0,0,0,3.910669511,0,0
0,0,0,0,3.908222554,0,0
0,0,0,0,3.90574069,0,0
0,0,0,0,3.903223987,0,0
0,0,0,0,3.900672513,0,0
0,0,0,0,3.898086337,0,0
0,0,0,0,3.895465528,0,0
0,0,0,0,3.892810156,0,0
0,0,0,0,3.89012029,0,0
0,0,0,0,3.887396003,0,0
0,0,0,0,3.884637364,0,0
0,0,0,0,3.881844446,0,0
0,0,0,0,3.87901732,0,0
0,0,0,0,3.876156059,0,0
0,0,0,0,3.873260736,0,0
0,0,0,0,3.870331424,0,0
0,0,0,0,3.867368197,0,0
0,0,0,0,3.864371129,0,0
0,0,0,0,3.861340296,0,0
0,0,0,0,3.858275772,0,0
0,0,0,0,3.855177633,0,0
0,0,0,0,3.852045955,0,0
0,0,0,0,3.848880815,0,0
0,0,0,0,3.84568229,0,0
0,0,0,0,3.842450457,0,0
0,0,0,0,3.839185394,0,0
0,0,0,0,3.835887179,0,0
0,0,0,0,3.832555892,0,0
0,0,0,0,3.829191611,0,0
0,0,0,0,3.825794416,0,0
0,0,0,0,3.822364387,0,0
0,0,0,0,3.818901605,0,0
0,0,0,0,3.81540615,0,0
0,0,0,0,3.811878105,0,0
0,0,0,0,3.808317551,0,0
0,0,0,0,3.80472457,0,0
0,0,0,0,3.801099245,0,0
0,0,0,0,3.797441659,0,0
0,0,0,0,3.793751895,0,0
0,0,0,0,3.790030038,0,0
0,0,0,0,3.786276173,0,0
0,0,0,0,3.782490383,0,0
0,0,0,0,3.778672754,0,0
0,0,0,0,3.774823373,0,0
0,0,0,0,3.770942324,0,0
0,0,0,0,3.767029694,0,0
0,0,0,0,3.763085572,0,0
0,0,0,0,3.759110043,0,0
0,0,0,0,3.755103195,0,0
0,0,0,0,3.751065118,0,0
0,0,0,0,3.746995898,0,0
0,0,0,0,3.742895627,0,0
0,0,0,0,3.738764392,0,0
0,0,0,0,3.734602284,0,0
0,0,0,0,3.730409393,0,0
0,0,0,0,3.726185809,0,0
0,0,0,0,3.721931624,0,0
0,0,0,0,3.71764693,0,0
0,0,0,0,3.713331817,0,0
0,0,0,0,3.708986379,0,0
0,0,0,0,3.704610708,0,0
0,0,0,0,3.700204896,0,0
0,0,0,0,3.695769039,0,0
0,0,0,0,3.691303228,0,0
0,0,0,0,3.686807559,0,0
0,0,0,0,3.682282127,0,0
0,0,0,0,3.677727026,0,0
0,0,0,0,3.673142352,0,0
0,0,0,0,3.6685282,0,0
0,0,0,0,3.663884667,0,0
0,0,0,0,3.659211849,0,0
0,0,0,0,3.654509844,0,0
0,0,0,0,3.649778748,0,0
0,0,0,0,3.64501866,0,0
0,0,0,0,3.640229677,0,0
0,0,0,0,3.635411899,0,0
0,0,0,0,3.630565423,0,0
0,0,0,0,3.62569035,0,0
0,0,0,0,3.620786778,0,0
0,0,0,0,3.615854809,0,0
0,0,0,0,3.610894541,0,0
0,0,0,0,3.605906077,0,0
0,0,0,0,3.600889516,0,0
0,0,0,0,3.595844961,0,0
0,0,0,0,3.590772513,0,0
0,0,0,0,3.585672275,0,0
0,0,0,0,3.580544349,0,0
0,0,0,0,3.575388838,0,0
0,0,0,0,3.570205845,0,0
0,0,0,0,3.564995474,0,0
0,0,0,0,3.559757829,0,0
0,0,0,0,3.554493015,0,0
0,0,0,0,3.549201135,0,0
0,0,0,0,3.543882296,0,0
0,0,0,0,3.538536602,0,0
0,0,0,0,3.533164159,0,0
0,0,0,0,3.527765074,0,0
0,0,0,0,3.522339452,0,0
0,0,0,0,3.516887401,0,0
0,0,0,0,3.511409027,0,0
0,0,0,0,3.505904439,0,0
0,0,0,0,3.500373744,0,0
0,0,0,0,3.494817049,0,0
0,0,0,0,3.489234465,0,0
0,0,0,0,3.483626098,0,0
0,0,0,0,3.47799206,0,0
0,0,0,0,3.472332458,0,0
0,0,0,0,3.466647403,0,0
0,0,0,0,3.460937005,0,0
0,0,0,0,3.455201375,0,0
0,0,0,0,3.449440622,0,0
0,0,0,0,3.44365486,0,0
0,0,0,0,3.437844197,0,0
0,0,0,0,3.432008748,0,0
0,0,0,0,3.426148622,0,0
0,0,0,0,3.420263934,0,0
0,0,0,0,3.414354796,0,0
0,0,0,0,3.40842132,0,0
0,0,0,0,3.40246362,0,0
0,0,0,0,3.396481809,0,0
0,0,0,0,3.390476002,0,0
0,0,0,0,3.384446313,0,0
0,0,0,0,3.378392856,0,0
0,0,0,0,3.372315746,0,0
0,0,0,0,3.366215099,0,0
0,0,0,0,3.360091029,0,0
0,0,0,0,3.353943653,0,0
0,0,0,0,3.347773086,0,0
0,0,0,0,3.341579445,0,0
0,0,0,0,3.335362847,0,0
0,0,0,0,3.329123408,0,0
0,0,0,0,3.322861245,0,0
0,0,0,0,3.316576477,0,0
0,0,0,0,3.31026922,0,0
0,0,0,0,3.303939594,0,0
0,0,0,0,3.297587715,0,0
0,0,0,0,3.291213704,0,0
0,0,0,0,3.284817678,0,0
0,0,0,0,3.278399757,0,0
0,0,0,0,3.271960061,0,0
0,0,0,0,3.265498708,0,0
0,0,0,0,3.25901582,0,0
0,0,0,0,3.252511516,0,0
0,0,0,0,3.245985918,0,0
0,0,0,0,3.239439144,0,0
0,0,0,0,3.232871318,0,0
0,0,0,0,3.22628256,0,0
0,0,0,0,3.219672991,0,0
0,0,0,0,3.213042734,0,0
0,0,0,0,3.20639191,0,0
0,0,0,0,3.199720643,0,0
0,0,0,0,3.193029054,0,0
0,0,0,0,3.186317267,0,0
0,0,0,0,3.179585404,0,0
0,0,0,0,3.172833589,0,0
0,0,0,0,3.166061945,0,0
0,0,0,0,3.159270597,0,0
0,0,0,0,3.152459668,0,0
0,0,0,0,3.145629283,0,0
0,0,0,0,3.138779567,0,0
0,0,0,0,3.131910643,0,0
0,0,0,0,3.125022638,0,0
0,0,0,0,3.118115676,0,0
0,0,0,0,3.111189884,0,0
0,0,0,0,3.104245386,0,0
0,0,0,0,3.097282308,0,0
0,0,0,0,3.090300778,0,0
0,0,0,0,3.08330092,0,0
0,0,0,0,3.076282863,0,0
0,0,0,0,3.069246733,0,0
0,0,0,0,3.062192656,0,0
0,0,0,0,3.05512076,0,0
0,0,0,0,3.048031173,0,0
0,0,0,0,3.040924023,0,0
0,0,0,0,3.033799437,0,0
0,0,0,0,3.026657543,0,0
0,0,0,0,3.01949847,0,0
0,0,0,0,3.012322346,0,0
0,0,0,0,3.0051293,0,0
0,0,0,0,2.997919461,0,0
0,0,0,0,2.990692959,0,0
0,0,0,0,2.983449922,0,0
0,0,0,0,2.97619048,0,0
0,0,0,0,2.968914763,0,0
0,0,0,0,2.9616229,0,0
0,0,0,0,2.954315023,0,0
0,0,0,0,2.946991261,0,0
0,0,0,0,2.939651744,0,0
0,0,0,0,2.932296604,0,0
0,0,0,0,2.924925971,0,0
0,0,0,0,2.917539976,0,0
0,0,0,0,2.91013875,0,0
0,0,0,0,2.902722426,0,0
0,0,0,0,2.895291134,0,0
0,0,0,0,2.887845006,0,0
0,0,0,0,2.880384174,0,0
0,0,0,0,2.872908771,0,0
0,0,0,0,2.865418928,0,0
0,0,0,0,2.857914778,0,0
0,0,0,0,2.850396453,0,0
0,0,0,0,2.842864087,0,0
0,0,0,0,2.835317811,0,0
0,0,0,0,2.82775776,0,0
0,0,0,0,2.820184066,0,0
0,0,0,0,2.812596863,0,0
0,0,0,0,2.804996284,0,0
0,0,0,0,2.797382463,0,0
0,0,0,0,2.789755534,0,0
0,0,0,0,2.78211563,0,0
0,0,0,0,2.774462886,0,0
0,0,0,0,2.766797436,0,0
0,0,0,0,2.759119415,0,0
0,0,0,0,2.751428956,0,0
0,0,0,0,2.743726195,0,0
0,0,0,0,2.736011267,0,0
0,0,0,0,2.728284306,0,0
0,0,0,0,2.720545447,0,0
0,0,0,0,2.712794825,0,0
0,0,0,0,2.705032577,0,0
0,0,0,0,2.697258837,0,0
0,0,0,0,2.68947374,0,0
0,0,0,0,2.681677423,0,0
0,0,0,0,2.673870021,0,0
0,0,0,0,2.666051671,0,0
0,0,0,0,2.658222507,0,0
0,0,0,0,2.650382667,0,0
0,0,0,0,2.642532286,0,0
0,0,0,0,2.634671502,0,0
0,0,0,0,2.626800449,0,0
0,0,0,0,2.618919265,0,0
0,0,0,0,2.611028087,0,0
0,0,0,0,2.603127052,0,0
0,0,0,0,2.595216295,0,0
0,0,0,0,2.587295954,0,0
0,0,0,0,2.579366167,0,0
0,0,0,0,2.57142707,0,0
0,0,0,0,2.5634788,0,0
0,0,0,0,2.555521495,0,0
0,0,0,0,2.547555292,0,0
0,0,0,0,2.539580329,0,0
0,0,0,0,2.531596743,0,0
0,0,0,0,2.523604672,0,0
0,0,0,0,2.515604253,0,0
0,0,0,0,2.507595625,0,0
0,0,0,0,2.499578925,0,0
0,0,0,0,2.491554291,0,0
0,0,0,0,2.483521862,0,0
0,0,0,0,2.475481774,0,0
0,0,0,0,2.467434167,0,0
0,0,0,0,2.459379179,0,0
0,0,0,0,2.451316947,0,0
0,0,0,0,2.44324761,0,0
0,0,0,0,2.435171308,0,0
0,0,0,0,2.427088177,0,0
0,0,0,0,2.418998356,0,0
0,0,0,0,2.410901985,0,0
0,0,0,0,2.402799201,0,0
0,0,0,0,2.394690143,0,0
0,0,0,0,2.38657495,0,0
0,0,0,0,2.378453761,0,0
0,0,0,0,2.370326714,0,0
0,0,0,0,2.362193949,0,0
0,0,0,0,2.354055603,0,0
0,0,0,0,2.345911817,0,0
0,0,0,0,2.337762728,0,0
0,0,0,0,2.329608476,0,0
0,0,0,0,2.3214492,0,0
0,0,0,0,2.313285038,0,0
0,0,0,0,2.30511613,0,0
0,0,0,0,2.296942615,0,0
0,0,0,0,2.288764632,0,0
0,0,0,0,2.280582319,0,0
0,0,0,0,2.272395817,0,0
0,0,0,0,2.264205264,0,0
0,0,0,0,2.256010799,0,0
0,0,0,0,2.247812561,0,0
0,0,0,0,2.23961069,0,0
0,0,0,0,2.231405325,0,0
0,0,0,0,2.223196604,0,0
0,0,0,0,2.214984668,0,0
0,0,0,0,2.206769654,0,0
0,0,0,0,2.198551703,0,0
0,0,0,0,2.190330954,0,0
0,0,0,0,2.182107544,0,0
0,0,0,0,2.173881615,0,0
0,0,0,0,2.165653304,0,0
0,0,0,0,2.157422752,0,0
0,0,0,0,2.149190096,0,0
0,0,0,0,2.140955477,0,0
0,0,0,0,2.132719033,0,0
0,0,0,0,2.124480903,0,0
0,0,0,0,2.116241226,0,0
0,0,0,0,2.108000141,0,0
0,0,0,0,2.099757788,0,0
0,0,0,0,2.091514305,0,0
0,0,0,0,2.083269831,0,0
0,0,0,0,2.075024506,0,0
0,0,0,0,2.066778467,0,0
0,0,0,0,2.058531853,0,0
0,0,0,0,2.050284804,0,0
0,0,0,0,2.042037458,0,0
0,0,0,0,2.033789954,0,0
0,0,0,0,2.025542431,0,0
0,0,0,0,2.017295026,0,0
0,0,0,0,2.009047879,0,0
0,0,0,0,2.000801129,0,0
0,0,0,0,1.992554913,0,0
0,0,0,0,1.984309369,0,0
0,0,0,0,1.976064638,0,0
0,0,0,0,1.967820855,0,0
0,0,0,0,1.959578161,0,0
0,0,0,0,1.951336692,0,0
0,0,0,0,1.943096588,0,0
0,0,0,0,1.934857985,0,0
0,0,0,0,1.926621023,0,0
0,0,0,0,1.918385838,0,0
0,0,0,0,1.91015257,0,0
0,0,0,0,1.901921354,0,0
0,0,0,0,1.89369233,0,0
0,0,0,0,1.885465634,0,0
0,0,0,0,1.877241405,0,0
0,0,0,0,1.869019779,0,0
0,0,0,0,1.860800894,0,0
0,0,0,0,1.852584887,0,0
0,0,0,0,1.844371895,0,0
0,0,0,0,1.836162056,0,0
0,0,0,0,1.827955506,0,0
0,0,0,0,1.819752383,0,0
0,0,0,0,1.811552822,0,0
0,0,0,0,1.803356961,0,0
0,0,0,0,1.795164936,0,0
0,0,0,0,1.786976884,0,0
0,0,0,0,1.778792941,0,0
0,0,0,0,1.770613243,0,0
0,0,0,0,1.762437927,0,0
0,0,0,0,1.754267128,0,0
0,0,0,0,1.746100983,0,0
0,0,0,0,1.737939627,0,0
0,0,0,0,1.729783196,0,0
0,0,0,0,1.721631826,0,0
0,0,0,0,1.713485652,0,0
0,0,0,0,1.705344809,0,0
0,0,0,0,1.697209432,0,0
0,0,0,0,1.689079657,0,0
0,0,0,0,1.680955619,0,0
0,0,0,0,1.672837452,0,0
0,0,0,0,1.664725291,0,0
0,0,0,0,1.656619271,0,0
0,0,0,0,1.648519526,0,0
0,0,0,0,1.640426191,0,0
0,0,0,0,1.632339399,0,0
0,0,0,0,1.624259284,0,0
0,0,0,0,1.616185981,0,0
0,0,0,0,1.608119622,0,0
0,0,0,0,1.600060343,0,0
0,0,0,0,1.592008275,0,0
0,0,0,0,1.583963553,0,0
0,0,0,0,1.575926309,0,0
0,0,0,0,1.567896676,0,0
0,0,0,0,1.559874788,0,0
0,0,0,0,1.551860776,0,0
0,0,0,0,1.543854774,0,0
0,0,0,0,1.535856913,0,0
0,0,0,0,1.527867325,0,0
0,0,0,0,1.519886143,0,0
0,0,0,0,1.511913499,0,0
0,0,0,0,1.503949524,0,0
0,0,0,0,1.495994349,0,0
0,0,0,0,1.488048106,0,0
0,0,0,0,1.480110925,0,0
0,0,0,0,1.472182939,0,0
0,0,0,0,1.464264277,0,0
0,0,0,0,1.45635507,0,0
0,0,0,0,1.448455448,0,0
0,0,0,0,1.440565542,0,0
0,0,0,0,1.432685482,0,0
0,0,0,0,1.424815397,0,0
0,0,0,0,1.416955417,0,0
0,0,0,0,1.409105672,0,0
0,0,0,0,1.40126629,0,0
0,0,0,0,1.393437401,0,0
0,0,0,0,1.385619133,0,0
0,0,0,0,1.377811616,0,0
0,0,0,0,1.370014977,0,0
0,0,0,0,1.362229344,0,0
0,0,0,0,1.354454847,0,0
0,0,0,0,1.346691612,0,0
0,0,0,0,1.338939767,0,0
0,0,0,0,1.33119944,0,0
0,0,0,0,1.323470757,0,0
0,0,0,0,1.315753846,0,0
0,0,0,0,1.308048833,0,0
0,0,0,0,1.300355844,0,0
0,0,0,0,1.292675007,0,0
0,0,0,0,1.285006447,0,0
0,0,0,0,1.27735029,0,0
0,0,0,0,1.269706661,0,0
0,0,0,0,1.262075687,0,0
0,0,0,0,1.254457491,0,0
0,0,0,0,1.246852199,0,0
0,0,0,0,1.239259936,0,0
0,0,0,0,1.231680825,0,0
0,0,0,0,1.224114992,0,0
0,0,0,0,1.21656256,0,0
0,0,0,0,1.209023652,0,0
0,0,0,0,1.201498393,0,0
0,0,0,0,1.193986906,0,0
0,0,0,0,1.186489313,0,0
0,0,0,0,1.179005737,0,0
0,0,0,0,1.1715363,0,0
0,0,0,0,1.164081126,0,0
0,0,0,0,1.156640335,0,0
0,0,0,0,1.149214049,0,0
0,0,0,0,1.141802391,0,0
0,0,0,0,1.13440548,0,0
0,0,0,0,1.127023439,0,0
0,0,0,0,1.119656387,0,0
0,0,0,0,1.112304445,0,0
0,0,0,0,1.104967734,0,0
0,0,0,0,1.097646372,0,0
0,0,0,0,1.09034048,0,0
0,0,0,0,1.083050177,0,0
0,0,0,0,1.075775581,0,0
0,0,0,0,1.068516813,0,0
0,0,0,0,1.061273989,0,0
0,0,0,0,1.054047229,0,0
0,0,0,0,1.046836649,0,0
0,0,0,0,1.039642369,0,0
0,0,0,0,1.032464505,0,0
0,0,0,0,1.025303174,0,0
0,0,0,0,1.018158493,0,0
0,0,0,0,1.011030579,0,0
0,0,0,0,1.003919547,0,0
0,0,0,0,0.9968255136,0,0
0,0,0,0,0.9897485945,0,0
0,0,0,0,0.9826889049,0,0
0,0,0,0,0.9756465597,0,0
0,0,0,0,0.9686216737,0,0
0,0,0,0,0.9616143612,0,0
0,0,0,0,0.9546247364,0,0
0,0,0,0,0.947652913,0,0
0,0,0,0,0.9406990046,0,0
0,0,0,0,0.9337631242,0,0
0,0,0,0,0.9268453848,0,0
0,0,0,0,0.9199458989,0,0
0,0,0,0,0.9130647787,0,0
0,0,0,0,0.9062021363,0,0
0,0,0,0,0.8993580831,0,0
0,0,0,0,0.8925327304,0,0
0,0,0,0,0.8857261893,0,0
0,0,0,0,0.8789385704,0,0
0,0,0,0,0.872169984,0,0
0,0,0,0,0.8654205401,0,0
0,0,0,0,0.8586903484,0,0
0,0,0,0,0.8519795182,0,0
0,0,0,0,0.8452881585,0,0
0,0,0,0,0.838616378,0,0
0,0,0,0,0.8319642852,0,0
0,0,0,0,0.8253319878,0,0
0,0,0,0,0.8187195938,0,0
0,0,0,0,0.8121272103,0,0
0,0,0,0,0.8055549445,0,0
0,0,0,0,0.7990029029,0,0
0,0,0,0,0.7924711919,0,0
0,0,0,0,0.7859599175,0,0
0,0,0,0,0.7794691853,0,0
0,0,0,0,0.7729991005,0,0
0,0,0,0,0.7665497681,0,0
0,0,0,0,0.7601212928,0,0
0,0,0,0,0.7537137786,0,0
0,0,0,0,0.7473273296,0,0
0,0,0,0,0.7409620492,0,0
0,0,0,0,0.7346180406,0,0
0,0,0,0,0.7282954066,0,0
0,0,0,0,0.7219942497,0,0
0,0,0,0,0.715714672,0,0
0,0,0,0,0.7094567751,0,0
0,0,0,0,0.7032206605,0,0
0,0,0,0,0.6970064291,0,0
0,0,0,0,0.6908141817,0,0
0,0,0,0,0.6846440184,0,0
0,0,0,0,0.6784960392,0,0
0,0,0,0,0.6723703435,0,0
0,0,0,0,0.6662670306,0,0
0,0,0,0,0.6601861992,0,0
0,0,0,0,0.6541279478,0,0
0,0,0,0,0.6480923743,0,0
0,0,0,0,0.6420795764,0,0
0,0,0,0,0.6360896514,0,0
0,0,0,0,0.6301226961,0,0
0,0,0,0,0.6241788071,0,0
0,0,0,0,0.6182580806,0,0
0,0,0,0,0.6123606122,0,0
0,0,0,0,0.6064864972,0,0
0,0,0,0,0.6006358307,0,0
0,0,0,0,0.5948087073,0,0
0,0,0,0,0.5890052211,0,0
0,0,0,0,0.5832254659,0,0
0,0,0,0,0.5774695351,0,0
0,0,0,0,0.5717375217,0,0
0,0,0,0,0.5660295183,0,0
0,0,0,0,0.5603456172,0,0
0,0,0,0,0.5546859101,0,0
0,0,0,0,0.5490504885,0,0
0,0,0,0,0.5434394434,0,0
0,0,0,0,0.5378528653,0,0
0,0,0,0,0.5322908445,0,0
0,0,0,0,0.5267534708,0,0
0,0,0,0,0.5212408336,0,0
0,0,0,0,0.5157530218,0,0
0,0,0,0,0.510290124,0,0
0,0,0,0,0.5048522284,0,0
0,0,0,0,0.4994394228,0,0
0,0,0,0,0.4940517944,0,0
0,0,0,0,0.4886894303,0,0
0,0,0,0,0.4833524168,0,0
0,0,0,0,0.4780408402,0,0
0,0,0,0,0.472754786,0,0
0,0,0,0,0.4674943395,0,0
0,0,0,0,0.4622595856,0,0
0,0,0,0,0.4570506087,0,0
0,0,0,0,0.4518674927,0,0
0,0,0,0,0.4467103212,0,0
0,0,0,0,0.4415791774,0,0
0,0,0,0,0.4364741439,0,0
0,0,0,0,0.4313953031,0,0
0,0,0,0,0.4263427367,0,0
0,0,0,0,0.4213165263,0,0
0,0,0,0,0.4163167527,0,0
0,0,0,0,0.4113434967,0,0
0,0,0,0,0.4063968382,0,0
0,0,0,0,0.401476857,0,0
0,0,0,0,0.3965836323,0,0
0,0,0,0,0.3917172429,0,0
0,0,0,0,0.3868777672,0,0
0,0,0,0,0.3820652832,0,0
0,0,0,0,0.3772798683,0,0
0,0,0,0,0.3725215997,0,0
0,0,0,0,0.3677905538,0,0
0,0,0,0,0.3630868068,0,0
0,0,0,0,0.3584104346,0,0
0,0,0,0,0.3537615123,0,0
0,0,0,0,0.3491401148,0,0
0,0,0,0,0.3445463164,0,0
0,0,0,0,0.3399801912,0,0
0,0,0,0,0.3354418125,0,0
0,0,0,0,0.3309312533,0,0
0,0,0,0,0.3264485863,0,0
0,0,0,0,0.3219938836,0,0
0,0,0,0,0.3175672168,0,0
0,0,0,0,0.3131686572,0,0
0,0,0,0,0.3087982754,0,0
0,0,0,0,0.3044561418,0,0
0,0,0,0,0.3001423262,0,0
0,0,0,0,0.295856898,0,0
0,0,0,0,0.291599926,0,0
0,0,0,0,0.2873714788,0,0
0,0,0,0,0.2831716243,0,0
0,0,0,0,0.27900043,0,0
0,0,0,0,0.274857963,0,0
0,0,0,0,0.2707442899,0,0
0,0,0,0,0.2666594767,0,0
0,0,0,0,0.2626035892,0,0
0,0,0,0,0.2585766926,0,0
0,0,0,0,0.2545788514,0,0
0,0,0,0,0.25061013,0,0
0,0,0,0,0.2466705922,0,0
0,0,0,0,0.2427603012,0,0
0,0,0,0,0.2388793199,0,0
0,0,0,0,0.2350277106,0,0
0,0,0,0,0.2312055352,0,0
0,0,0,0,0.2274128551,0,0
0,0,0,0,0.2236497311,0,0
0,0,0,0,0.2199162239,0,0
0,0,0,0,0.2162123932,0,0
0,0,0,0,0.2125382986,0,0
0,0,0,0,0.208893999,0,0
0,0,0,0,0.2052795531,0,0
0,0,0,0,0.2016950188,0,0
0,0,0,0,0.1981404537,0,0
0,0,0,0,0.1946159149,0,0
0,0,0,0,0.1911214589,0,0
0,0,0,0,0.1876571418,0,0
0,0,0,0,0.1842230192,0,0
0,0,0,0,0.1808191464,0,0
0,0,0,0,0.1774455778,0,0
0,0,0,0,0.1741023676,0,0
0,0,0,0,0.1707895696,0,0
0,0,0,0,0.1675072368,0,0
0,0,0,0,0.164255422,0,0
0,0,0,0,0.1610341772,0,0
0,0,0,0,0.1578435543,0,0
0,0,0,0,0.1546836043,0,0
0,0,0,0,0.1515543781,0,0
0,0,0,0,0.1484559257,0,0
0,0,0,0,0.1453882969,0,0
0,0,0,0,0.1423515409,0,0
0,0,0,0,0.1393457064,0,0
0,0,0,0,0.1363708417,0,0
0,0,0,0,0.1334269944,0,0
0,0,0,0,0.1305142118,0,0
0,0,0,0,0.1276325405,0,0
0,0,0,0,0.1247820268,0,0
0,0,0,0,0.1219627165,0,0
0,0,0,0,0.1191746546,0,0
0,0,0,0,0.116417886,0,0
0,0,0,0,0.1136924548,0,0
0,0,0,0,0.1109984047,0,0
0,0,0,0,0.1083357789,0,0
0,0,0,0,0.1057046201,0,0
0,0,0,0,0.1031049705,0,0
0,0,0,0,0.1005368718,0,0
0,0,0,0,0.09800036504,0,0
0,0,0,0,0.09549549102,0,0
0,0,0,0,0.09302228984,0,0
0,0,0,0,0.09058080115,0,0
0,0,0,0,0.08817106406,0,0
0,0,0,0,0.08579311722,0,0
0,0,0,0,0.08344699872,0,0
0,0,0,0,0.08113274617,0,0
0,0,0,0,0.07885039666,0,0
0,0,0,0,0.07659998676,0,0
0,0,0,0,0.07438155254,0,0
0,0,0,0,0.07219512954,0,0
0,0,0,0,0.07004075279,0,0
0,0,0,0,0.06791845683,0,0
0,0,0,0,0.06582827565,0,0
0,0,0,0,0.06377024274,0,0
0,0,0,0,0.06174439108,0,0
0,0,0,0,0.05975075311,0,0
0,0,0,0,0.0577893608,0,0
0,0,0,0,0.05586024554,0,0
0,0,0,0,0.05396343825,0,0
0,0,0,0,0.05209896932,0,0
0,0,0,0,0.05026686861,0,0
0,0,0,0,0.04846716547,0,0
0,0,0,0,0.04669988872,0,0
0,0,0,0,0.04496506667,0,0
0,0,0,0,0.04326272712,0,0
0,0,0,0,0.04159289732,0,0
0,0,0,0,0.03995560403,0,0
0,0,0,0,0.03835087346,0,0
0,0,0,0,0.03677873131,0,0
0,0,0,0,0.03523920277,0,0
0,0,0,0,0.03373231249,0,0
0,0,0,0,0.0322580846,0,0
0,0,0,0,0.03081654271,0,0
0,0,0,0,0.0294077099,0,0
0,0,0,0,0.02803160874,0,0
0,0,0,0,0.02668826126,0,0
0,0,0,0,0.02537768897,0,0
0,0,0,0,0.02409991286,0,0
0,0,0,0,0.02285495339,0,0
0,0,0,0,0.02164283049,0,0
0,0,0,0,0.02046356357,0,0
0,0,0,0,0.01931717151,0,0
0,0,0,0,0.01820367267,0,0
0,0,0,0,0.01712308487,0,0
0,0,0,0,0.01607542542,0,0
0,0,0,0,0.01506071109,0,0
0,0,0,0,0.01407895812,0,0
0,0,0,0,0.01313018224,0,0
0,0,0,0,0.01221439863,0,0
0,0,0,0,0.01133162195,0,0
0,0,0,0,0.01048186634,0,0
0,0,0,0,0.009665145398,0,0
0,0,0,0,0.008881472202,0,0
0,0,0,0,0.008130859296,0,0
0,0,0,0,0.007413318698,0,0
0,0,0,0,0.006728861892,0,0
0,0,0,0,0.006077499837,0,0
0,0,0,0,0.005459242959,0,0
0,0,0,0,0.004874101156,0,0
0,0,0,0,0.004322083793,0,0
0,0,0,0,0.003803199708,0,0
0,0,0,0,0.003317457207,0,0
0,0,0,0,0.002864864065,0,0
0,0,0,0,0.002445427526,0,0
0,0,0,0,0.002059154305,0,0
0,0,0,0,0.001706050585,0,0
0,0,0,0,0.001386122019,0,0
0,0,0,0,0.001099373726,0,0
0,0,0,0,0.0008458102968,0,0
0,0,0,0,0.0006254357907,0,0
0,0,0,0,0.0004382537348,0,0
0,0,0,0,0.0002842671252,0,0
0,0,0,0,0.0001634784268,0,0
0,0,0,0,7.588957302e-05,0,0
0,0,0,0,2.150196579e-05,0,0
0,0,0,0,3.164756879e-07,0,0
