0,-0,0,0,0,0,0
0,-8.394318831e-10,0,0,0,0,0
0,-6.71544712e-09,0,0,0,0,0
0,-2.266458935e-08,0,0,0,0,0
0,-5.372332278e-08,0,0,0,0,0
0,-1.049279925e-07,0,0,0,0,0
0,-1.813147846e-07,0,0,0,0,0
0,-2.879196869e-07,0,0,0,0,0
0,-4.297784486e-07,0,0,0,0,0
0,-6.119265411e-07,0,0,0,0,0
0,-8.39399118e-07,0,0,0,0,0
0,-1.117230976e-06,0,0,0,0,0
0,-1.450456513e-06,0,0,0,0,0
0,-1.844109693e-06,0,0,0,0,0
0,-2.303224e-06,0,0,0,0,0
0,-2.832832405e-06,0,0,0,0,0
0,-3.437967322e-06,0,0,0,0,0
0,-4.123660568e-06,0,0,0,0,0
0,-4.894943326e-06,0,0,0,0,0
0,-5.756846105e-06,0,0,0,0,0
0,-6.714398697e-06,0,0,0,0,0
0,-7.772630142e-06,0,0,0,0,0
0,-8.936568685e-06,0,0,0,0,0
0,-1.021124174e-05,0,0,0,0,0
0,-1.160167584e-05,0,0,0,0,0
0,-1.311289661e-05,0,0,0,0,0
0,-1.474992873e-05,0,0,0,0,0
0,-1.651779588e-05,0,0,0,0,0
0,-1.84215207e-05,0,0,0,0,0
0,-2.046612478e-05,0,0,0,0,0
0,-2.265662857e-05,0,0,0,0,0
0,-2.49980514e-05,0,0,0,0,0
0,-2.74954114e-05,0,0,0,0,0
0,-3.015372545e-05,0,0,0,0,0
0,-3.297800919e-05,0,0,0,0,0
0,-3.597327693e-05,0,0,0,0,0
0,-3.914454164e-05,0,0,0,0,0
0,-4.24968149e-05,0,0,0,0,0
0,-4.603510687e-05,0,0,0,0,0
0,-4.976442624e-05,0,0,0,0,0
0,-5.368978018e-05,0,0,0,0,0
0,-5.781617432e-05,0,0,0,0,0
0,-6.214861272e-05,0,0,0,0,0
0,-6.669209781e-05,0,0,0,0,0
0,-7.145163033e-05,0,0,0,0,0
0,-7.643220934e-05,0,0,0,0,0
0,-8.163883215e-05,0,0,0,0,0
0,-8.70764943e-05,0,0,0,0,0
0,-9.275018949e-05,0,0,0,0,0
0,-9.866490956e-05,0,0,0,0,0
0,-0.0001048256445,0,0,0,0,0
0,-0.0001112373822,0,0,0,0,0
0,-0.0001179051088,0,0,0,0,0
0,-0.0001248338082,0,0,0,0,0
0,-0.0001320284624,0,0,0,0,0
0,-0.0001394940513,0,0,0,0,0
0,-0.0001472355526,0,0,0,0,0
0,-0.0001552579417,0,0,0,0,0
0,-0.0001635661921,0,0,0,0,0
0,-0.0001721652747,0,0,0,0,0
0,-0.0001810601584,0,0,0,0,0
0,-0.0001902558095,0,0,0,0,0
0,-0.0001997571922,0,0,0,0,0
0,-0.0002095692681,0,0,0,0,0
0,-0.0002196969963,0,0,0,0,0
0,-0.0002301453337,0,0,0,0,0
0,-0.0002409192343,0,0,0,0,0
0,-0.0002520236499,0,0,0,0,0
0,-0.0002634635293,0,0,0,0,0
0,-0.000275243819,0,0,0,0,0
0,-0.0002873694626,0,0,0,0,0
0,-0.0002998454011,0,0,0,0,0
0,-0.0003126765726,0,0,0,0,0
0,-0.0003258679126,0,0,0,0,0
0,-0.0003394243535,0,0,0,0,0
0,-0.0003533508251,0,0,0,0,0
0,-0.000367652254,0,0,0,0,0
0,-0.0003823335641,0,0,0,0,0
0,-0.0003973996761,0,0,0,0,0
0,-0.0004128555078,0,0,0,0,0
0,-0.0004287059738,0,0,0,0,0
0,-0.0004449559857,0,0,0,0,0
0,-0.0004616104519,0,0,0,0,0
0,-0.0004786742776,0,0,0,0,0
0,-0.0004961523648,0,0,0,0,0
0,-0.0005140496122,0,0,0,0,0
0,-0.0005323709152,0,0,0,0,0
0,-0.0005511211659,0,0,0,0,0
0,-0.0005703052529,0,0,0,0,0
0,-0.0005899280614,0,0,0,0,0
0,-0.0006099944734,0,0,0,0,0
0,-0.0006305093669,0,0,0,0,0
0,-0.0006514776169,0,0,0,0,0
0,-0.0006729040944,0,0,0,0,0
0,-0.000694793667,0,0,0,0,0
0,-0.0007171511986,0,0,0,0,0
0,-0.0007399815493,0,0,0,0,0
0,-0.0007632895757,0,0,0,0,0
0,-0.0007870801305,0,0,0,0,0
0,-0.0008113580625,0,0,0,0,0
0,-0.0008361282167,0,0,0,0,0
0,-0.0008613954344,0,0,0,0,0
0,-0.0008871645527,0,0,0,0,0
0,-0.0009134404049,0,0,0,0,0
0,-0.0009402278203,0,0,0,0,0
0,-0.0009675316241,0,0,0,0,0
0,-0.0009953566375,0,0,0,0,0
0,-0.001023707677,0,0,0,0,0
0,-0.001052589557,0,0,0,0,0
0,-0.001082007084,0,0,0,0,0
0,-0.001111965064,0,0,0,0,0
0,-0.001142468297,0,0,0,0,0
0,-0.001173521579,0,0,0,0,0
0,-0.001205129701,0,0,0,0,0
0,-0.00123729745,0,0,0,0,0
0,-0.001270029609,0,0,0,0,0
0,-0.001303330957,0,0,0,0,0
0,-0.001337206267,0,0,0,0,0
0,-0.001371660308,0,0,0,0,0
0,-0.001406697846,0,0,0,0,0
0,-0.001442323639,0,0,0,0,0
0,-0.001478542445,0,0,0,0,0
0,-0.001515359012,0,0,0,0,0
0,-0.001552778088,0,0,0,0,0
0,-0.001590804414,0,0,0,0,0
0,-0.001629442726,0,0,0,0,0
0,-0.001668697755,0,0,0,0,0
0,-0.001708574229,0,0,0,0,0
0,-0.00174907687,0,0,0,0,0
0,-0.001790210393,0,0,0,0,0
0,-0.001831979512,0,0,0,0,0
0,-0.001874388933,0,0,0,0,0
0,-0.001917443357,0,0,0,0,0
0,-0.001961147483,0,0,0,0,0
0,-0.002005506,0,0,0,0,0
0,-0.002050523596,0,0,0,0,0
0,-0.002096204952,0,0,0,0,0
0,-0.002142554744,0,0,0,0,0
0,-0.002189577642,0,0,0,0,0
0,-0.002237278313,0,0,0,0,0
0,-0.002285661415,0,0,0,0,0
0,-0.002334731604,0,0,0,0,0
0,-0.002384493529,0,0,0,0,0
0,-0.002434951833,0,0,0,0,0
0,-0.002486111155,0,0,0,0,0
0,-0.002537976127,0,0,0,0,0
0,-0.002590551377,0,0,0,0,0
0,-0.002643841526,0,0,0,0,0
0,-0.002697851189,0,0,0,0,0
0,-0.002752584978,0,0,0,0,0
0,-0.002808047496,0,0,0,0,0
0,-0.002864243342,0,0,0,0,0
0,-0.002921177109,0,0,0,0,0
0,-0.002978853384,0,0,0,0,0
0,-0.003037276748,0,0,0,0,0
0,-0.003096451776,0,0,0,0,0
0,-0.003156383038,0,0,0,0,0
0,-0.003217075097,0,0,0,0,0
0,-0.00327853251,0,0,0,0,0
0,-0.003340759829,0,0,0,0,0
0,-0.003403761599,0,0,0,0,0
0,-0.003467542358,0,0,0,0,0
0,-0.00353210664,0,0,0,0,0
0,-0.003597458971,0,0,0,0,0
0,-0.003663603872,0,0,0,0,0
0,-0.003730545857,0,0,0,0,0
0,-0.003798289433,0,0,0,0,0
0,-0.003866839103,0,0,0,0,0
0,-0.003936199362,0,0,0,0,0
0,-0.004006374697,0,0,0,0,0
0,-0.004077369592,0,0,0,0,0
0,-0.004149188523,0,0,0,0,0
0,-0.004221835958,0,0,0,0,0
0,-0.00429531636,0,0,0,0,0
0,-0.004369634186,0,0,0,0,0
0,-0.004444793884,0,0,0,0,0
0,-0.004520799899,0,0,0,0,0
0,-0.004597656665,0,0,0,0,0
0,-0.004675368613,0,0,0,0,0
0,-0.004753940164,0,0,0,0,0
0,-0.004833375736,0,0,0,0,0
0,-0.004913679736,0,0,0,0,0
0,-0.004994856567,0,0,0,0,0
0,-0.005076910625,0,0,0,0,0
0,-0.005159846297,0,0,0,0,0
0,-0.005243667964,0,0,0,0,0
0,-0.005328380001,0,0,0,0,0
0,-0.005413986776,0,0,0,0,0
0,-0.005500492648,0,0,0,0,0
0,-0.00558790197,0,0,0,0,0
0,-0.005676219089,0,0,0,0,0
0,-0.005765448342,0,0,0,0,0
0,-0.005855594062,0,0,0,0,0
0,-0.005946660572,0,0,0,0,0
0,-0.00603865219,0,0,0,0,0
0,-0.006131573224,0,0,0,0,0
0,-0.006225427978,0,0,0,0,0
0,-0.006320220746,0,0,0,0,0
0,-0.006415955815,0,0,0,0,0
0,-0.006512637465,0,0,0,0,0
0,-0.006610269969,0,0,0,0,0
0,-0.006708857591,0,0,0,0,0
0,-0.00680840459,0,0,0,0,0
0,-0.006908915213,0,0,0,0,0
0,-0.007010393705,0,0,0,0,0
0,-0.007112844298,0,0,0,0,0
0,-0.007216271221,0,0,0,0,0
0,-0.007320678691,0,0,0,0,0
0,-0.007426070919,0,0,0,0,0
0,-0.00753245211,0,0,0,0,0
0,-0.007639826459,0,0,0,0,0
0,-0.007748198153,0,0,0,0,0
0,-0.007857571372,0,0,0,0,0
0,-0.007967950288,0,0,0,0,0
0,-0.008079339065,0,0,0,0,0
0,-0.008191741859,0,0,0,0,0
0,-0.008305162817,0,0,0,0,0
0,-0.008419606079,0,0,0,0,0
0,-0.008535075777,0,0,0,0,0
0,-0.008651576034,0,0,0,0,0
0,-0.008769110965,0,0,0,0,0
0,-0.008887684679,0,0,0,0,0
0,-0.009007301272,0,0,0,0,0
0,-0.009127964837,0,0,0,0,0
0,-0.009249679455,0,0,0,0,0
0,-0.0093724492,0,0,0,0,0
0,-0.009496278137,0,0,0,0,0
0,-0.009621170325,0,0,0,0,0
0,-0.009747129811,0,0,0,0,0
0,-0.009874160636,0,0,0,0,0
0,-0.01000226683,0,0,0,0,0
0,-0.01013145242,0,0,0,0,0
0,-0.01026172142,0,0,0,0,0
0,-0.01039307783,0,0,0,0,0
0,-0.01052552566,0,0,0,0,0
0,-0.01065906888,0,0,0,0,0
0,-0.01079371149,0,0,0,0,0
0,-0.01092945744,0,0,0,0,0
0,-0.01106631072,0,0,0,0,0
0,-0.01120427526,0,0,0,0,0
0,-0.01134335501,0,0,0,0,0
0,-0.01148355391,0,0,0,0,0
0,-0.01162487589,0,0,0,0,0
0,-0.01176732486,0,0,0,0,0
0,-0.01191090474,0,0,0,0,0
0,-0.01205561942,0,0,0,0,0
0,-0.0122014728,0,0,0,0,0
0,-0.01234846876,0,0,0,0,0
0,-0.01249661117,0,0,0,0,0
0,-0.01264590389,0,0,0,0,0
0,-0.01279635078,0,0,0,0,0
0,-0.01294795569,0,0,0,0,0
0,-0.01310072245,0,0,0,0,0
0,-0.01325465489,0,0,0,0,0
0,-0.01340975683,0,0,0,0,0
0,-0.01356603208,0,0,0,0,0
0,-0.01372348443,0,0,0,0,0
0,-0.01388211768,0,0,0,0,0
0,-0.0140419356,0,0,0,0,0
0,-0.01420294198,0,0,0,0,0
0,-0.01436514056,0,0,0,0,0
0,-0.01452853511,0,0,0,0,0
0,-0.01469312936,0,0,0,0,0
0,-0.01485892705,0,0,0,0,0
0,-0.0150259319,0,0,0,0,0
0,-0.01519414763,0,0,0,0,0
0,-0.01536357794,0,0,0,0,0
0,-0.01553422653,0,0,0,0,0
0,-0.01570609707,0,0,0,0,0
0,-0.01587919326,0,0,0,0,0
0,-0.01605351874,0,0,0,0,0
0,-0.01622907718,0,0,0,0,0
0,-0.01640587223,0,0,0,0,0
0,-0.01658390752,0,0,0,0,0
0,-0.01676318667,0,0,0,0,0
0,-0.01694371331,0,0,0,0,0
0,-0.01712549103,0,0,0,0,0
0,-0.01730852344,0,0,0,0,0
0,-0.01749281413,0,0,0,0,0
0,-0.01767836666,0,0,0,0,0
0,-0.01786518461,0,0,0,0,0
0,-0.01805327153,0,0,0,0,0
0,-0.01824263097,0,0,0,0,0
0,-0.01843326646,0,0,0,0,0
0,-0.01862518154,0,0,0,0,0
0,-0.01881837971,0,0,0,0,0
0,-0.01901286448,0,0,0,0,0
0,-0.01920863936,0,0,0,0,0
0,-0.01940570781,0,0,0,0,0
0,-0.01960407332,0,0,0,0,0
0,-0.01980373935,0,0,0,0,0
0,-0.02000470936,0,0,0,0,0
0,-0.02020698679,0,0,0,0,0
0,-0.02041057507,0,0,0,0,0
0,-0.02061547762,0,0,0,0,0
0,-0.02082169787,0,0,0,0,0
0,-0.0210292392,0,0,0,0,0
0,-0.02123810501,0,0,0,0,0
0,-0.02144829869,0,0,0,0,0
0,-0.0216598236,0,0,0,0,0
0,-0.0218726831,0,0,0,0,0
0,-0.02208688053,0,0,0,0,0
0,-0.02230241925,0,0,0,0,0
0,-0.02251930257,0,0,0,0,0
0,-0.02273753382,0,0,0,0,0
0,-0.02295711629,0,0,0,0,0
0,-0.02317805329,0,0,0,0,0
0,-0.0234003481,0,0,0,0,0
0,-0.02362400399,0,0,0,0,0
0,-0.02384902422,0,0,0,0,0
0,-0.02407541205,0,0,0,0,0
0,-0.02430317072,0,0,0,0,0
0,-0.02453230345,0,0,0,0,0
0,-0.02476281347,0,0,0,0,0
0,-0.02499470399,0,0,0,0,0
0,-0.02522797819,0,0,0,0,0
0,-0.02546263928,0,0,0,0,0
0,-0.02569869041,0,0,0,0,0
0,-0.02593613476,0,0,0,0,0
0,-0.02617497548,0,0,0,0,0
0,-0.02641521571,0,0,0,0,0
0,-0.02665685858,0,0,0,0,0
0,-0.02689990721,0,0,0,0,0
0,-0.02714436471,0,0,0,0,0
0,-0.02739023417,0,0,0,0,0
0,-0.02763751868,0,0,0,0,0
0,-0.02788622131,0,0,0,0,0
0,-0.02813634513,0,0,0,0,0
0,-0.02838789318,0,0,0,0,0
0,-0.02864086851,0,0,0,0,0
0,-0.02889527415,0,0,0,0,0
0,-0.0291511131,0,0,0,0,0
0,-0.02940838839,0,0,0,0,0
0,-0.029667103,0,0,0,0,0
0,-0.02992725991,0,0,0,0,0
0,-0.0301888621,0,0,0,0,0
0,-0.03045191252,0,0,0,0,0
0,-0.03071641413,0,0,0,0,0
0,-0.03098236985,0,0,0,0,0
0,-0.03124978262,0,0,0,0,0
0,-0.03151865535,0,0,0,0,0
0,-0.03178899093,0,0,0,0,0
0,-0.03206079226,0,0,0,0,0
0,-0.03233406222,0,0,0,0,0
0,-0.03260880367,0,0,0,0,0
0,-0.03288501946,0,0,0,0,0
0,-0.03316271244,0,0,0,0,0
0,-0.03344188544,0,0,0,0,0
0,-0.03372254128,0,0,0,0,0
0,-0.03400468276,0,0,0,0,0
0,-0.03428831268,0,0,0,0,0
0,-0.03457343383,0,0,0,0,0
0,-0.03486004897,0,0,0,0,0
0,-0.03514816086,0,0,0,0,0
0,-0.03543777225,0,0,0,0,0
0,-0.03572888588,0,0,0,0,0
0,-0.03602150446,0,0,0,0,0
0,-0.03631563072,0,0,0,0,0
0,-0.03661126734,0,0,0,0,0
0,-0.03690841702,0,0,0,0,0
0,-0.03720708242,0,0,0,0,0
0,-0.03750726622,0,0,0,0,0
0,-0.03780897106,0,0,0,0,0
0,-0.03811219959,0,0,0,0,0
0,-0.03841695441,0,0,0,0,0
0,-0.03872323816,0,0,0,0,0
0,-0.03903105344,0,0,0,0,0
0,-0.03934040282,0,0,0,0,0
0,-0.03965128889,0,0,0,0,0
0,-0.03996371421,0,0,0,0,0
0,-0.04027768133,0,0,0,0,0
0,-0.0405931928,0,0,0,0,0
0,-0.04091025114,0,0,0,0,0
0,-0.04122885887,0,0,0,0,0
0,-0.04154901848,0,0,0,0,0
0,-0.04187073248,0,0,0,0,0
0,-0.04219400332,0,0,0,0,0
0,-0.04251883349,0,0,0,0,0
0,-0.04284522544,0,0,0,0,0
0,-0.04317318159,0,0,0,0,0
0,-0.04350270439,0,0,0,0,0
0,-0.04383379624,0,0,0,0,0
0,-0.04416645955,0,0,0,0,0
0,-0.0445006967,0,0,0,0,0
0,-0.04483651008,0,0,0,0,0
0,-0.04517390205,0,0,0,0,0
0,-0.04551287495,0,0,0,0,0
0,-0.04585343113,0,0,0,0,0
0,-0.04619557292,0,0,0,0,0
0,-0.04653930262,0,0,0,0,0
0,-0.04688462254,0,0,0,0,0
0,-0.04723153497,0,0,0,0,0
0,-0.04758004217,0,0,0,0,0
0,-0.04793014642,0,0,0,0,0
0,-0.04828184996,0,0,0,0,0
0,-0.04863515502,0,0,0,0,0
0,-0.04899006383,0,0,0,0,0
0,-0.04934657861,0,0,0,0,0
0,-0.04970470154,0,0,0,0,0
0,-0.05006443482,0,0,0,0,0
0,-0.05042578061,0,0,0,0,0
0,-0.05078874107,0,0,0,0,0
0,-0.05115331835,0,0,0,0,0
0,-0.05151951458,0,0,0,0,0
0,-0.05188733188,0,0,0,0,0
0,-0.05225677236,0,0,0,0,0
0,-0.05262783811,0,0,0,0,0
0,-0.0530005312,0,0,0,0,0
0,-0.05337485372,0,0,0,0,0
0,-0.0537508077,0,0,0,0,0
0,-0.0541283952,0,0,0,0,0
0,-0.05450761824,0,0,0,0,0
0,-0.05488847883,0,0,0,0,0
0,-0.05527097897,0,0,0,0,0
0,-0.05565512066,0,0,0,0,0
0,-0.05604090586,0,0,0,0,0
0,-0.05642833654,0,0,0,0,0
0,-0.05681741465,0,0,0,0,0
0,-0.05720814212,0,0,0,0,0
0,-0.05760052087,0,0,0,0,0
0,-0.05799455282,0,0,0,0,0
0,-0.05839023985,0,0,0,0,0
0,-0.05878758385,0,0,0,0,0
0,-0.05918658668,0,0,0,0,0
0,-0.0595872502,0,0,0,0,0
0,-0.05998957625,0,0,0,0,0
0,-0.06039356666,0,0,0,0,0
0,-0.06079922324,0,0,0,0,0
0,-0.0612065478,0,0,0,0,0
0,-0.06161554212,0,0,0,0,0
0,-0.06202620797,0,0,0,0,0
0,-0.06243854712,0,0,0,0,0
0,-0.06285256131,0,0,0,0,0
0,-0.06326825227,0,0,0,0,0
0,-0.06368562173,0,0,0,0,0
0,-0.06410467138,0,0,0,0,0
0,-0.06452540293,0,0,0,0,0
0,-0.06494781806,0,0,0,0,0
0,-0.06537191841,0,0,0,0,0
0,-0.06579770566,0,0,0,0,0
0,-0.06622518143,0,0,0,0,0
0,-0.06665434735,0,0,0,0,0
0,-0.06708520503,0,0,0,0,0
0,-0.06751775607,0,0,0,0,0
0,-0.06795200205,0,0,0,0,0
0,-0.06838794453,0,0,0,0,0
0,-0.06882558508,0,0,0,0,0
0,-0.06926492524,0,0,0,0,0
0,-0.06970596653,0,0,0,0,0
0,-0.07014871047,0,0,0,0,0
0,-0.07059315856,0,0,0,0,0
0,-0.07103931228,0,0,0,0,0
0,-0.07148717311,0,0,0,0,0
0,-0.07193674251,0,0,0,0,0
0,-0.07238802192,0,0,0,0,0
0,-0.07284101277,0,0,0,0,0
0,-0.07329571648,0,0,0,0,0
0,-0.07375213445,0,0,0,0,0
0,-0.07421026807,0,0,0,0,0
0,-0.07467011873,0,0,0,0,0
0,-0.07513168776,0,0,0,0,0
0,-0.07559497654,0,0,0,0,0
0,-0.07605998638,0,0,0,0,0
0,-0.07652671862,0,0,0,0,0
0,-0.07699517454,0,0,0,0,0
0,-0.07746535546,0,0,0,0,0
0,-0.07793726263,0,0,0,0,0
0,-0.07841089733,0,0,0,0,0
0,-0.07888626081,0,0,0,0,0
0,-0.0793633543,0,0,0,0,0
0,-0.07984217902,0,0,0,0,0
0,-0.08032273618,0,0,0,0,0
0,-0.08080502696,0,0,0,0,0
0,-0.08128905256,0,0,0,0,0
0,-0.08177481414,0,0,0,0,0
0,-0.08226231284,0,0,0,0,0
0,-0.0827515498,0,0,0,0,0
0,-0.08324252615,0,0,0,0,0
0,-0.08373524298,0,0,0,0,0
0,-0.08422970141,0,0,0,0,0
0,-0.08472590249,0,0,0,0,0
0,-0.08522384731,0,0,0,0,0
0,-0.08572353691,0,0,0,0,0
0,-0.08622497233,0,0,0,0,0
0,-0.0867281546,0,0,0,0,0
0,-0.08723308471,0,0,0,0,0
0,-0.08773976366,0,0,0,0,0
0,-0.08824819244,0,0,0,0,0
0,-0.08875837201,0,0,0,0,0
0,-0.08927030332,0,0,0,0,0
0,-0.08978398731,0,0,0,0,0
0,-0.09029942489,0,0,0,0,0
0,-0.09081661699,0,0,0,0,0
0,-0.09133556449,0,0,0,0,0
0,-0.09185626827,0,0,0,0,0
0,-0.0923787292,0,0,0,0,0
0,-0.09290294813,0,0,0,0,0
0,-0.09342892589,0,0,0,0,0
0,-0.09395666331,0,0,0,0,0
0,-0.0944861612,0,0,0,0,0
0,-0.09501742034,0,0,0,0,0
0,-0.09555044153,0,0,0,0,0
0,-0.09608522551,0,0,0,0,0
0,-0.09662177304,0,0,0,0,0
0,-0.09716008487,0,0,0,0,0
0,-0.0977001617,0,0,0,0,0
0,-0.09824200424,0,0,0,0,0
0,-0.0987856132,0,0,0,0,0
0,-0.09933098924,0,0,0,0,0
0,-0.09987813302,0,0,0,0,0
0,-0.1004270452,0,0,0,0,0
0,-0.1009777264,0,0,0,0,0
0,-0.1015301773,0,0,0,0,0
0,-0.1020843984,0,0,0,0,0
0,-0.1026403904,0,0,0,0,0
0,-0.1031981538,0,0,0,0,0
0,-0.1037576892,0,0,0,0,0
0,-0.1043189971,0,0,0,0,0
0,-0.1048820781,0,0,0,0,0
0,-0.1054469326,0,0,0,0,0
0,-0.1060135613,0,0,0,0,0
0,-0.1065819645,0,0,0,0,0
0,-0.1071521427,0,0,0,0,0
0,-0.1077240965,0,0,0,0,0
0,-0.1082978263,0,0,0,0,0
0,-0.1088733324,0,0,0,0,0
0,-0.1094506153,0,0,0,0,0
0,-0.1100296754,0,0,0,0,0
0,-0.1106105131,0,0,0,0,0
0,-0.1111931288,0,0,0,0,0
0,-0.1117775227,0,0,0,0,0
0,-0.1123636954,0,0,0,0,0
0,-0.112951647,0,0,0,0,0
0,-0.1135413779,0,0,0,0,0
0,-0.1141328885,0,0,0,0,0
0,-0.1147261789,0,0,0,0,0
0,-0.1153212494,0,0,0,0,0
0,-0.1159181004,0,0,0,0,0
0,-0.116516732,0,0,0,0,0
0,-0.1171171445,0,0,0,0,0
0,-0.1177193381,0,0,0,0,0
0,-0.1183233129,0,0,0,0,0
0,-0.1189290693,0,0,0,0,0
0,-0.1195366072,0,0,0,0,0
0,-0.1201459269,0,0,0,0,0
0,-0.1207570285,0,0,0,0,0
0,-0.1213699122,0,0,0,0,0
0,-0.121984578,0,0,0,0,0
0,-0.1226010261,0,0,0,0,0
0,-0.1232192565,0,0,0,0,0
0,-0.1238392692,0,0,0,0,0
0,-0.1244610644,0,0,0,0,0
0,-0.125084642,0,0,0,0,0
0,-0.1257100021,0,0,0,0,0
0,-0.1263371448,0,0,0,0,0
0,-0.1269660698,0,0,0,0,0
0,-0.1275967774,0,0,0,0,0
0,-0.1282292673,0,0,0,0,0
0,-0.1288635396,0,0,0,0,0
0,-0.1294995942,0,0,0,0,0
0,-0.130137431,0,0,0,0,0
0,-0.1307770499,0,0,0,0,0
0,-0.1314184507,0,0,0,0,0
0,-0.1320616335,0,0,0,0,0
0,-0.1327065979,0,0,0,0,0
0,-0.1333533439,0,0,0,0,0
0,-0.1340018713,0,0,0,0,0
0,-0.1346521799,0,0,0,0,0
0,-0.1353042695,0,0,0,0,0
0,-0.1359581399,0,0,0,0,0
0,-0.1366137908,0,0,0,0,0
0,-0.137271222,0,0,0,0,0
0,-0.1379304333,0,0,0,0,0
0,-0.1385914243,0,0,0,0,0
0,-0.1392541948,0,0,0,0,0
0,-0.1399187444,0,0,0,0,0
0,-0.1405850729,0,0,0,0,0
0,-0.1412531799,0,0,0,0,0
0,-0.1419230651,0,0,0,0,0
0,-0.142594728,0,0,0,0,0
0,-0.1432681684,0,0,0,0,0
0,-0.1439433857,0,0,0,0,0
0,-0.1446203797,0,0,0,0,0
0,-0.1452991499,0,0,0,0,0
0,-0.1459796958,0,0,0,0,0
0,-0.1466620169,0,0,0,0,0
0,-0.1473461129,0,0,0,0,0
0,-0.1480319833,0,0,0,0,0
0,-0.1487196275,0,0,0,0,0
0,-0.1494090449,0,0,0,0,0
0,-0.1501002352,0,0,0,0,0
0,-0.1507931978,0,0,0,0,0
0,-0.151487932,0,0,0,0,0
0,-0.1521844374,0,0,0,0,0
0,-0.1528827132,0,0,0,0,0
0,-0.153582759,0,0,0,0,0
0,-0.1542845742,0,0,0,0,0
0,-0.154988158,0,0,0,0,0
0,-0.1556935098,0,0,0,0,0
0,-0.156400629,0,0,0,0,0
0,-0.1571095149,0,0,0,0,0
0,-0.1578201668,0,0,0,0,0
0,-0.158532584,0,0,0,0,0
0,-0.1592467658,0,0,0,0,0
0,-0.1599627114,0,0,0,0,0
0,-0.1606804201,0,0,0,0,0
0,-0.1613998912,0,0,0,0,0
0,-0.1621211238,0,0,0,0,0
0,-0.1628441171,0,0,0,0,0
0,-0.1635688704,0,0,0,0,0
0,-0.1642953828,0,0,0,0,0
0,-0.1650236534,0,0,0,0,0
0,-0.1657536815,0,0,0,0,0
0,-0.1664854662,0,0,0,0,0
0,-0.1672190065,0,0,0,0,0
0,-0.1679543016,0,0,0,0,0
0,-0.1686913505,0,0,0,0,0
0,-0.1694301524,0,0,0,0,0
0,-0.1701707063,0,0,0,0,0
0,-0.1709130112,0,0,0,0,0
0,-0.1716570661,0,0,0,0,0
0,-0.1724028702,0,0,0,0,0
0,-0.1731504222,0,0,0,0,0
0,-0.1738997214,0,0,0,0,0
0,-0.1746507666,0,0,0,0,0
0,-0.1754035567,0,0,0,0,0
0,-0.1761580908,0,0,0,0,0
0,-0.1769143677,0,0,0,0,0
0,-0.1776723864,0,0,0,0,0
0,-0.1784321457,0,0,0,0,0
0,-0.1791936445,0,0,0,0,0
0,-0.1799568817,0,0,0,0,0
0,-0.1807218562,0,0,0,0,0
0,-0.1814885667,0,0,0,0,0
0,-0.1822570121,0,0,0,0,0
0,-0.1830271913,0,0,0,0,0
0,-0.1837991029,0,0,0,0,0
0,-0.1845727458,0,0,0,0,0
0,-0.1853481188,0,0,0,0,0
0,-0.1861252206,0,0,0,0,0
0,-0.1869040498,0,0,0,0,0
0,-0.1876846053,0,0,0,0,0
0,-0.1884668858,0,0,0,0,0
0,-0.1892508899,0,0,0,0,0
0,-0.1900366163,0,0,0,0,0
0,-0.1908240636,0,0,0,0,0
0,-0.1916132306,0,0,0,0,0
0,-0.1924041158,0,0,0,0,0
0,-0.1931967179,0,0,0,0,0
0,-0.1939910355,0,0,0,0,0
0,-0.1947870671,0,0,0,0,0
0,-0.1955848113,0,0,0,0,0
0,-0.1963842667,0,0,0,0,0
0,-0.1971854318,0,0,0,0,0
0,-0.1979883052,0,0,0,0,0
0,-0.1987928853,0,0,0,0,0
0,-0.1995991708,0,0,0,0,0
0,-0.2004071599,0,0,0,0,0
0,-0.2012168513,0,0,0,0,0
0,-0.2020282434,0,0,0,0,0
0,-0.2028413346,0,0,0,0,0
0,-0.2036561233,0,0,0,0,0
0,-0.204472608,0,0,0,0,0
0,-0.205290787,0,0,0,0,0
0,-0.2061106588,0,0,0,0,0
0,-0.2069322217,0,0,0,0,0
0,-0.2077554741,0,0,0,0,0
0,-0.2085804142,0,0,0,0,0
0,-0.2094070405,0,0,0,0,0
0,-0.2102353512,0,0,0,0,0
0,-0.2110653447,0,0,0,0,0
0,-0.2118970192,0,0,0,0,0
0,-0.2127303729,0,0,0,0,0
0,-0.2135654042,0,0,0,0,0
0,-0.2144021113,0,0,0,0,0
0,-0.2152404924,0,0,0,0,0
0,-0.2160805457,0,0,0,0,0
0,-0.2169222694,0,0,0,0,0
0,-0.2177656617,0,0,0,0,0
0,-0.2186107207,0,0,0,0,0
0,-0.2194574447,0,0,0,0,0
0,-0.2203058317,0,0,0,0,0
0,-0.2211558798,0,0,0,0,0
0,-0.2220075873,0,0,0,0,0
0,-0.2228609521,0,0,0,0,0
0,-0.2237159724,0,0,0,0,0
0,-0.2245726462,0,0,0,0,0
0,-0.2254309715,0,0,0,0,0
0,-0.2262909465,0,0,0,0,0
0,-0.2271525691,0,0,0,0,0
0,-0.2280158374,0,0,0,0,0
0,-0.2288807493,0,0,0,0,0
0,-0.2297473028,0,0,0,0,0
0,-0.2306154959,0,0,0,0,0
0,-0.2314853265,0,0,0,0,0
0,-0.2323567927,0,0,0,0,0
0,-0.2332298922,0,0,0,0,0
0,-0.234104623,0,0,0,0,0
0,-0.2349809831,0,0,0,0,0
0,-0.2358589702,0,0,0,0,0
0,-0.2367385823,0,0,0,0,0
0,-0.2376198172,0,0,0,0,0
0,-0.2385026727,0,0,0,0,0
0,-0.2393871467,0,0,0,0,0
0,-0.240273237,0,0,0,0,0
0,-0.2411609414,0,0,0,0,0
0,-0.2420502577,0,0,0,0,0
0,-0.2429411835,0,0,0,0,0
0,-0.2438337168,0,0,0,0,0
0,-0.2447278552,0,0,0,0,0
0,-0.2456235965,0,0,0,0,0
0,-0.2465209383,0,0,0,0,0
0,-0.2474198784,0,0,0,0,0
0,-0.2483204144,0,0,0,0,0
0,-0.2492225441,0,0,0,0,0
0,-0.250126265,0,0,0,0,0
0,-0.2510315748,0,0,0,0,0
0,-0.2519384713,0,0,0,0,0
0,-0.2528469518,0,0,0,0,0
0,-0.2537570142,0,0,0,0,0
0,-0.2546686558,0,0,0,0,0
0,-0.2555818745,0,0,0,0,0
0,-0.2564966676,0,0,0,0,0
0,-0.2574130327,0,0,0,0,0
0,-0.2583309674,0,0,0,0,0
0,-0.2592504692,0,0,0,0,0
0,-0.2601715355,0,0,0,0,0
0,-0.261094164,0,0,0,0,0
0,-0.262018352,0,0,0,0,0
0,-0.262944097,0,0,0,0,0
0,-0.2638713964,0,0,0,0,0
0,-0.2648002478,0,0,0,0,0
0,-0.2657306485,0,0,0,0,0
0,-0.2666625959,0,0,0,0,0
0,-0.2675960874,0,0,0,0,0
0,-0.2685311205,0,0,0,0,0
0,-0.2694676924,0,0,0,0,0
0,-0.2704058005,0,0,0,0,0
0,-0.2713454422,0,0,0,0,0
0,-0.2722866148,0,0,0,0,0
0,-0.2732293156,0,0,0,0,0
0,-0.2741735419,0,0,0,0,0
0,-0.2751192909,0,0,0,0,0
0,-0.2760665601,0,0,0,0,0
0,-0.2770153465,0,0,0,0,0
0,-0.2779656475,0,0,0,0,0
0,-0.2789174603,0,0,0,0,0
0,-0.2798707821,0,0,0,0,0
0,-0.2808256101,0,0,0,0,0
0,-0.2817819416,0,0,0,0,0
0,-0.2827397736,0,0,0,0,0
0,-0.2836991033,0,0,0,0,0
0,-0.284659928,0,0,0,0,0
0,-0.2856222446,0,0,0,0,0
0,-0.2865860505,0,0,0,0,0
0,-0.2875513426,0,0,0,0,0
0,-0.2885181181,0,0,0,0,0
0,-0.289486374,0,0,0,0,0
0,-0.2904561074,0,0,0,0,0
0,-0.2914273155,0,0,0,0,0
0,-0.2923999951,0,0,0,0,0
0,-0.2933741434,0,0,0,0,0
0,-0.2943497573,0,0,0,0,0
0,-0.295326834,0,0,0,0,0
0,-0.2963053703,0,0,0,0,0
0,-0.2972853632,0,0,0,0,0
0,-0.2982668098,0,0,0,0,0
0,-0.2992497069,0,0,0,0,0
0,-0.3002340515,0,0,0,0,0
0,-0.3012198406,0,0,0,0,0
0,-0.3022070709,0,0,0,0,0
0,-0.3031957396,0,0,0,0,0
0,-0.3041858433,0,0,0,0,0
0,-0.305177379,0,0,0,0,0
0,-0.3061703436,0,0,0,0,0
0,-0.3071647339,0,0,0,0,0
0,-0.3081605468,0,0,0,0,0
0,-0.309157779,0,0,0,0,0
0,-0.3101564273,0,0,0,0,0
0,-0.3111564887,0,0,0,0,0
0,-0.3121579598,0,0,0,0,0
0,-0.3131608374,0,0,0,0,0
0,-0.3141651182,0,0,0,0,0
0,-0.3151707991,0,0,0,0,0
0,-0.3161778768,0,0,0,0,0
0,-0.3171863479,0,0,0,0,0
0,-0.3181962092,0,0,0,0,0
0,-0.3192074574,0,0,0,0,0
0,-0.3202200891,0,0,0,0,0
0,-0.321234101,0,0,0,0,0
0,-0.3222494898,0,0,0,0,0
0,-0.3232662522,0,0,0,0,0
0,-0.3242843846,0,0,0,0,0
0,-0.3253038839,0,0,0,0,0
0,-0.3263247465,0,0,0,0,0
0,-0.3273469691,0,0,0,0,0
0,-0.3283705482,0,0,0,0,0
0,-0.3293954804,0,0,0,0,0
0,-0.3304217623,0,0,0,0,0
0,-0.3314493904,0,0,0,0,0
0,-0.3324783612,0,0,0,0,0
0,-0.3335086712,0,0,0,0,0
0,-0.3345403171,0,0,0,0,0
0,-0.3355732951,0,0,0,0,0
0,-0.3366076019,0,0,0,0,0
0,-0.3376432339,0,0,0,0,0
0,-0.3386801876,0,0,0,0,0
0,-0.3397184593,0,0,0,0,0
0,-0.3407580456,0,0,0,0,0
0,-0.3417989428,0,0,0,0,0
0,-0.3428411474,0,0,0,0,0
0,-0.3438846557,0,0,0,0,0
0,-0.3449294641,0,0,0,0,0
0,-0.3459755691,0,0,0,0,0
0,-0.3470229668,0,0,0,0,0
0,-0.3480716538,0,0,0,0,0
0,-0.3491216263,0,0,0,0,0
0,-0.3501728807,0,0,0,0,0
0,-0.3512254132,0,0,0,0,0
0,-0.3522792202,0,0,0,0,0
0,-0.3533342979,0,0,0,0,0
0,-0.3543906426,0,0,0,0,0
0,-0.3554482507,0,0,0,0,0
0,-0.3565071182,0,0,0,0,0
0,-0.3575672415,0,0,0,0,0
0,-0.3586286168,0,0,0,0,0
0,-0.3596912403,0,0,0,0,0
0,-0.3607551082,0,0,0,0,0
0,-0.3618202167,0,0,0,0,0
0,-0.362886562,0,0,0,0,0
0,-0.3639541402,0,0,0,0,0
0,-0.3650229475,0,0,0,0,0
0,-0.36609298,0,0,0,0,0
0,-0.3671642339,0,0,0,0,0
0,-0.3682367053,0,0,0,0,0
0,-0.3693103903,0,0,0,0,0
0,-0.370385285,0,0,0,0,0
0,-0.3714613854,0,0,0,0,0
0,-0.3725386877,0,0,0,0,0
0,-0.3736171879,0,0,0,0,0
0,-0.3746968821,0,0,0,0,0
0,-0.3757777662,0,0,0,0,0
0,-0.3768598364,0,0,0,0,0
0,-0.3779430886,0,0,0,0,0
0,-0.3790275188,0,0,0,0,0
0,-0.3801131231,0,0,0,0,0
0,-0.3811998974,0,0,0,0,0
0,-0.3822878377,0,0,0,0,0
0,-0.3833769399,0,0,0,0,0
0,-0.3844672,0,0,0,0,0
0,-0.385558614,0,0,0,0,0
0,-0.3866511777,0,0,0,0,0
0,-0.387744887,0,0,0,0,0
0,-0.388839738,0,0,0,0,0
0,-0.3899357263,0,0,0,0,0
0,-0.3910328481,0,0,0,0,0
0,-0.392131099,0,0,0,0,0
0,-0.393230475,0,0,0,0,0
0,-0.3943309719,0,0,0,0,0
0,-0.3954325855,0,0,0,0,0
0,-0.3965353117,0,0,0,0,0
0,-0.3976391463,0,0,0,0,0
0,-0.3987440851,0,0,0,0,0
0,-0.3998501239,0,0,0,0,0
0,-0.4009572584,0,0,0,0,0
0,-0.4020654844,0,0,0,0,0
0,-0.4031747978,0,0,0,0,0
0,-0.4042851941,0,0,0,0,0
0,-0.4053966693,0,0,0,0,0
0,-0.4065092189,0,0,0,0,0
0,-0.4076228388,0,0,0,0,0
0,-0.4087375246,0,0,0,0,0
0,-0.409853272,0,0,0,0,0
0,-0.4109700766,0,0,0,0,0
0,-0.4120879343,0,0,0,0,0
0,-0.4132068406,0,0,0,0,0
0,-0.4143267912,0,0,0,0,0
0,-0.4154477817,0,0,0,0,0
0,-0.4165698078,0,0,0,0,0
0,-0.417692865,0,0,0,0,0
0,-0.4188169491,0,0,0,0,0
0,-0.4199420555,0,0,0,0,0
0,-0.4210681799,0,0,0,0,0
0,-0.4221953179,0,0,0,0,0
0,-0.4233234649,0,0,0,0,0
0,-0.4244526167,0,0,0,0,0
0,-0.4255827687,0,0,0,0,0
0,-0.4267139165,0,0,0,0,0
0,-0.4278460556,0,0,0,0,0
0,-0.4289791814,0,0,0,0,0
0,-0.4301132896,0,0,0,0,0
0,-0.4312483757,0,0,0,0,0
0,-0.432384435,0,0,0,0,0
0,-0.4335214631,0,0,0,0,0
0,-0.4346594554,0,0,0,0,0
0,-0.4357984075,0,0,0,0,0
0,-0.4369383147,0,0,0,0,0
0,-0.4380791725,0,0,0,0,0
0,-0.4392209763,0,0,0,0,0
0,-0.4403637215,0,0,0,0,0
0,-0.4415074035,0,0,0,0,0
0,-0.4426520178,0,0,0,0,0
0,-0.4437975598,0,0,0,0,0
0,-0.4449440247,0,0,0,0,0
0,-0.446091408,0,0,0,0,0
0,-0.447239705,0,0,0,0,0
0,-0.448388911,0,0,0,0,0
0,-0.4495390215,0,0,0,0,0
0,-0.4506900317,0,0,0,0,0
0,-0.451841937,0,0,0,0,0
0,-0.4529947326,0,0,0,0,0
0,-0.454148414,0,0,0,0,0
0,-0.4553029762,0,0,0,0,0
0,-0.4564584147,0,0,0,0,0
0,-0.4576147247,0,0,0,0,0
0,-0.4587719015,0,0,0,0,0
0,-0.4599299404,0,0,0,0,0
0,-0.4610888364,0,0,0,0,0
0,-0.462248585,0,0,0,0,0
0,-0.4634091813,0,0,0,0,0
0,-0.4645706206,0,0,0,0,0
0,-0.465732898,0,0,0,0,0
0,-0.4668960087,0,0,0,0,0
0,-0.468059948,0,0,0,0,0
0,-0.469224711,0,0,0,0,0
0,-0.4703902929,0,0,0,0,0
0,-0.4715566888,0,0,0,0,0
0,-0.472723894,0,0,0,0,0
0,-0.4738919034,0,0,0,0,0
0,-0.4750607123,0,0,0,0,0
0,-0.4762303159,0,0,0,0,0
0,-0.4774007091,0,0,0,0,0
0,-0.4785718871,0,0,0,0,0
0,-0.4797438451,0,0,0,0,0
0,-0.4809165781,0,0,0,0,0
0,-0.4820900811,0,0,0,0,0
0,-0.4832643493,0,0,0,0,0
0,-0.4844393778,0,0,0,0,0
0,-0.4856151615,0,0,0,0,0
0,-0.4867916955,0,0,0,0,0
0,-0.4879689748,0,0,0,0,0
0,-0.4891469946,0,0,0,0,0
0,-0.4903257498,0,0,0,0,0
0,-0.4915052353,0,0,0,0,0
0,-0.4926854463,0,0,0,0,0
0,-0.4938663777,0,0,0,0,0
0,-0.4950480245,0,0,0,0,0
0,-0.4962303817,0,0,0,0,0
0,-0.4974134442,0,0,0,0,0
0,-0.498597207,0,0,0,0,0
0,-0.4997816651,0,0,0,0,0
0,-0.5009668133,0,0,0,0,0
0,-0.5021526467,0,0,0,0,0
0,-0.5033391602,0,0,0,0,0
0,-0.5045263486,0,0,0,0,0
0,-0.5057142069,0,0,0,0,0
0,-0.5069027301,0,0,0,0,0
0,-0.5080919129,0,0,0,0,0
0,-0.5092817503,0,0,0,0,0
0,-0.5104722371,0,0,0,0,0
0,-0.5116633683,0,0,0,0,0
0,-0.5128551386,0,0,0,0,0
0,-0.5140475431,0,0,0,0,0
0,-0.5152405764,0,0,0,0,0
0,-0.5164342334,0,0,0,0,0
0,-0.517628509,0,0,0,0,0
0,-0.518823398,0,0,0,0,0
0,-0.5200188951,0,0,0,0,0
0,-0.5212149953,0,0,0,0,0
0,-0.5224116933,0,0,0,0,0
0,-0.523608984,0,0,0,0,0
0,-0.524806862,0,0,0,0,0
0,-0.5260053221,0,0,0,0,0
0,-0.5272043592,0,0,0,0,0
0,-0.5284039681,0,0,0,0,0
0,-0.5296041433,0,0,0,0,0
0,-0.5308048798,0,0,0,0,0
0,-0.5320061722,0,0,0,0,0
0,-0.5332080153,0,0,0,0,0
0,-0.5344104038,0,0,0,0,0
0,-0.5356133325,0,0,0,0,0
0,-0.5368167959,0,0,0,0,0
0,-0.5380207889,0,0,0,0,0
0,-0.5392253062,0,0,0,0,0
0,-0.5404303424,0,0,0,0,0
0,-0.5416358921,0,0,0,0,0
0,-0.5428419502,0,0,0,0,0
0,-0.5440485112,0,0,0,0,0
0,-0.5452555699,0,0,0,0,0
0,-0.5464631208,0,0,0,0,0
0,-0.5476711586,0,0,0,0,0
0,-0.548879678,0,0,0,0,0
0,-0.5500886736,0,0,0,0,0
0,-0.55129814,0,0,0,0,0
0,-0.5525080718,0,0,0,0,0
0,-0.5537184637,0,0,0,0,0
0,-0.5549293103,0,0,0,0,0
0,-0.5561406061,0,0,0,0,0
0,-0.5573523458,0,0,0,0,0
0,-0.5585645239,0,0,0,0,0
0,-0.559777135,0,0,0,0,0
0,-0.5609901738,0,0,0,0,0
0,-0.5622036347,0,0,0,0,0
0,-0.5634175123,0,0,0,0,0
0,-0.5646318012,0,0,0,0,0
0,-0.5658464959,0,0,0,0,0
0,-0.567061591,0,0,0,0,0
0,-0.5682770811,0,0,0,0,0
0,-0.5694929605,0,0,0,0,0
0,-0.5707092239,0,0,0,0,0
0,-0.5719258658,0,0,0,0,0
0,-0.5731428806,0,0,0,0,0
0,-0.574360263,0,0,0,0,0
0,-0.5755780073,0,0,0,0,0
0,-0.5767961081,0,0,0,0,0
0,-0.5780145599,0,0,0,0,0
0,-0.5792333571,0,0,0,0,0
0,-0.5804524942,0,0,0,0,0
0,-0.5816719658,0,0,0,0,0
0,-0.5828917661,0,0,0,0,0
0,-0.5841118898,0,0,0,0,0
0,-0.5853323312,0,0,0,0,0
0,-0.5865530849,0,0,0,0,0
0,-0.5877741452,0,0,0,0,0
0,-0.5889955065,0,0,0,0,0
0,-0.5902171634,0,0,0,0,0
0,-0.5914391101,0,0,0,0,0
0,-0.5926613413,0,0,0,0,0
0,-0.5938838511,0,0,0,0,0
0,-0.5951066341,0,0,0,0,0
0,-0.5963296847,0,0,0,0,0
0,-0.5975529973,0,0,0,0,0
0,-0.5987765661,0,0,0,0,0
0,-0.6000003858,0,0,0,0,0
0,-0.6012244505,0,0,0,0,0
0,-0.6024487546,0,0,0,0,0
0,-0.6036732927,0,0,0,0,0
0,-0.6048980589,0,0,0,0,0
0,-0.6061230477,0,0,0,0,0
0,-0.6073482534,0,0,0,0,0
0,-0.6085736704,0,0,0,0,0
0,-0.609799293,0,0,0,0,0
0,-0.6110251155,0,0,0,0,0
0,-0.6122511323,0,0,0,0,0
0,-0.6134773378,0,0,0,0,0
0,-0.6147037261,0,0,0,0,0
0,-0.6159302917,0,0,0,0,0
0,-0.6171570288,0,0,0,0,0
0,-0.6183839318,0,0,0,0,0
0,-0.619610995,0,0,0,0,0
0,-0.6208382127,0,0,0,0,0
0,-0.6220655791,0,0,0,0,0
0,-0.6232930885,0,0,0,0,0
0,-0.6245207353,0,0,0,0,0
0,-0.6257485137,0,0,0,0,0
0,-0.626976418,0,0,0,0,0
0,-0.6282044424,0,0,0,0,0
0,-0.6294325813,0,0,0,0,0
0,-0.6306608288,0,0,0,0,0
0,-0.6318891793,0,0,0,0,0
0,-0.633117627,0,0,0,0,0
0,-0.6343461662,0,0,0,0,0
0,-0.635574791,0,0,0,0,0
0,-0.6368034958,0,0,0,0,0
0,-0.6380322747,0,0,0,0,0
0,-0.6392611221,0,0,0,0,0
0,-0.6404900321,0,0,0,0,0
0,-0.6417189989,0,0,0,0,0
0,-0.6429480168,0,0,0,0,0
0,-0.64417708,0,0,0,0,0
0,-0.6454061827,0,0,0,0,0
0,-0.6466353191,0,0,0,0,0
0,-0.6478644834,0,0,0,0,0
0,-0.6490936698,0,0,0,0,0
0,-0.6503228725,0,0,0,0,0
0,-0.6515520858,0,0,0,0,0
0,-0.6527813037,0,0,0,0,0
0,-0.6540105205,0,0,0,0,0
0,-0.6552397304,0,0,0,0,0
0,-0.6564689275,0,0,0,0,0
0,-0.657698106,0,0,0,0,0
0,-0.6589272601,0,0,0,0,0
0,-0.6601563839,0,0,0,0,0
0,-0.6613854717,0,0,0,0,0
0,-0.6626145175,0,0,0,0,0
0,-0.6638435156,0,0,0,0,0
0,-0.66507246,0,0,0,0,0
0,-0.666301345,0,0,0,0,0
0,-0.6675301647,0,0,0,0,0
0,-0.6687589132,0,0,0,0,0
0,-0.6699875847,0,0,0,0,0
0,-0.6712161733,0,0,0,0,0
0,-0.6724446731,0,0,0,0,0
0,-0.6736730783,0,0,0,0,0
0,-0.674901383,0,0,0,0,0
0,-0.6761295813,0,0,0,0,0
0,-0.6773576674,0,0,0,0,0
0,-0.6785856353,0,0,0,0,0
0,-0.6798134793,0,0,0,0,0
0,-0.6810411933,0,0,0,0,0
0,-0.6822687716,0,0,0,0,0
0,-0.6834962082,0,0,0,0,0
0,-0.6847234972,0,0,0,0,0
0,-0.6859506327,0,0,0,0,0
0,-0.6871776089,0,0,0,0,0
0,-0.6884044198,0,0,0,0,0
0,-0.6896310595,0,0,0,0,0
0,-0.6908575222,0,0,0,0,0
0,-0.6920838018,0,0,0,0,0
0,-0.6933098926,0,0,0,0,0
0,-0.6945357885,0,0,0,0,0
0,-0.6957614837,0,0,0,0,0
0,-0.6969869723,0,0,0,0,0
0,-0.6982122483,0,0,0,0,0
0,-0.6994373058,0,0,0,0,0
0,-0.7006621389,0,0,0,0,0
0,-0.7018867416,0,0,0,0,0
0,-0.7031111081,0,0,0,0,0
0,-0.7043352323,0,0,0,0,0
0,-0.7055591084,0,0,0,0,0
0,-0.7067827304,0,0,0,0,0
0,-0.7080060924,0,0,0,0,0
0,-0.7092291885,0,0,0,0,0
0,-0.7104520126,0,0,0,0,0
0,-0.7116745589,0,0,0,0,0
0,-0.7128968214,0,0,0,0,0
0,-0.7141187942,0,0,0,0,0
0,-0.7153404713,0,0,0,0,0
0,-0.7165618468,0,0,0,0,0
0,-0.7177829147,0,0,0,0,0
0,-0.719003669,0,0,0,0,0
0,-0.7202241039,0,0,0,0,0
0,-0.7214442133,0,0,0,0,0
0,-0.7226639913,0,0,0,0,0
0,-0.7238834319,0,0,0,0,0
0,-0.7251025292,0,0,0,0,0
0,-0.7263212772,0,0,0,0,0
0,-0.72753967,0,0,0,0,0
0,-0.7287577015,0,0,0,0,0
0,-0.7299753659,0,0,0,0,0
0,-0.7311926571,0,0,0,0,0
0,-0.7324095692,0,0,0,0,0
0,-0.7336260962,0,0,0,0,0
0,-0.7348422322,0,0,0,0,0
0,-0.7360579711,0,0,0,0,0
0,-0.737273307,0,0,0,0,0
0,-0.738488234,0,0,0,0,0
0,-0.7397027459,0,0,0,0,0
0,-0.740916837,0,0,0,0,0
0,-0.7421305012,0,0,0,0,0
0,-0.7433437325,0,0,0,0,0
0,-0.7445565249,0,0,0,0,0
0,-0.7457688725,0,0,0,0,0
0,-0.7469807693,0,0,0,0,0
0,-0.7481922093,0,0,0,0,0
0,-0.7494031865,0,0,0,0,0
0,-0.750613695,0,0,0,0,0
0,-0.7518237287,0,0,0,0,0
0,-0.7530332818,0,0,0,0,0
0,-0.7542423481,0,0,0,0,0
0,-0.7554509218,0,0,0,0,0
0,-0.7566589967,0,0,0,0,0
0,-0.7578665671,0,0,0,0,0
0,-0.7590736268,0,0,0,0,0
0,-0.7602801699,0,0,0,0,0
0,-0.7614861904,0,0,0,0,0
0,-0.7626916824,0,0,0,0,0
0,-0.7638966398,0,0,0,0,0
0,-0.7651010566,0,0,0,0,0
0,-0.7663049269,0,0,0,0,0
0,-0.7675082447,0,0,0,0,0
0,-0.768711004,0,0,0,0,0
0,-0.7699131988,0,0,0,0,0
0,-0.7711148232,0,0,0,0,0
0,-0.7723158711,0,0,0,0,0
0,-0.7735163365,0,0,0,0,0
0,-0.7747162136,0,0,0,0,0
0,-0.7759154963,0,0,0,0,0
0,-0.7771141785,0,0,0,0,0
0,-0.7783122545,0,0,0,0,0
0,-0.7795097181,0,0,0,0,0
0,-0.7807065633,0,0,0,0,0
0,-0.7819027843,0,0,0,0,0
0,-0.783098375,0,0,0,0,0
0,-0.7842933294,0,0,0,0,0
0,-0.7854876416,0,0,0,0,0
0,-0.7866813055,0,0,0,0,0
0,-0.7878743153,0,0,0,0,0
0,-0.7890666649,0,0,0,0,0
0,-0.7902583484,0,0,0,0,0
0,-0.7914493597,0,0,0,0,0
0,-0.7926396929,0,0,0,0,0
0,-0.7938293421,0,0,0,0,0
0,-0.7950183012,0,0,0,0,0
0,-0.7962065643,0,0,0,0,0
0,-0.7973941255,0,0,0,0,0
0,-0.7985809787,0,0,0,0,0
0,-0.7997671179,0,0,0,0,0
0,-0.8009525373,0,0,0,0,0
0,-0.8021372309,0,0,0,0,0
0,-0.8033211926,0,0,0,0,0
0,-0.8045044165,0,0,0,0,0
0,-0.8056868967,0,0,0,0,0
0,-0.8068686272,0,0,0,0,0
0,-0.8080496021,0,0,0,0,0
0,-0.8092298153,0,0,0,0,0
0,-0.810409261,0,0,0,0,0
0,-0.8115879331,0,0,0,0,0
0,-0.8127658258,0,0,0,0,0
0,-0.813942933,0,0,0,0,0
0,-0.8151192489,0,0,0,0,0
0,-0.8162947674,0,0,0,0,0
0,-0.8174694827,0,0,0,0,0
0,-0.8186433887,0,0,0,0,0
0,-0.8198164796,0,0,0,0,0
0,-0.8209887494,0,0,0,0,0
0,-0.8221601921,0,0,0,0,0
0,-0.8233308019,0,0,0,0,0
0,-0.8245005727,0,0,0,0,0
0,-0.8256694988,0,0,0,0,0
0,-0.826837574,0,0,0,0,0
0,-0.8280047925,0,0,0,0,0
0,-0.8291711484,0,0,0,0,0
0,-0.8303366358,0,0,0,0,0
0,-0.8315012487,0,0,0,0,0
0,-0.8326649811,0,0,0,0,0
0,-0.8338278273,0,0,0,0,0
0,-0.8349897812,0,0,0,0,0
0,-0.836150837,0,0,0,0,0
0,-0.8373109888,0,0,0,0,0
0,-0.8384702305,0,0,0,0,0
0,-0.8396285565,0,0,0,0,0
0,-0.8407859606,0,0,0,0,0
0,-0.8419424371,0,0,0,0,0
0,-0.84309798,0,0,0,0,0
0,-0.8442525834,0,0,0,0,0
0,-0.8454062415,0,0,0,0,0
0,-0.8465589483,0,0,0,0,0
0,-0.847710698,0,0,0,0,0
0,-0.8488614847,0,0,0,0,0
0,-0.8500113025,0,0,0,0,0
0,-0.8511601455,0,0,0,0,0
0,-0.8523080078,0,0,0,0,0
0,-0.8534548836,0,0,0,0,0
0,-0.8546007671,0,0,0,0,0
0,-0.8557456522,0,0,0,0,0
0,-0.8568895332,0,0,0,0,0
0,-0.8580324043,0,0,0,0,0
0,-0.8591742595,0,0,0,0,0
0,-0.860315093,0,0,0,0,0
0,-0.861454899,0,0,0,0,0
0,-0.8625936715,0,0,0,0,0
0,-0.8637314048,0,0,0,0,0
0,-0.8648680931,0,0,0,0,0
0,-0.8660037304,0,0,0,0,0
0,-0.867138311,0,0,0,0,0
0,-0.8682718289,0,0,0,0,0
0,-0.8694042785,0,0,0,0,0
0,-0.8705356538,0,0,0,0,0
0,-0.8716659491,0,0,0,0,0
0,-0.8727951585,0,0,0,0,0
0,-0.8739232763,0,0,0,0,0
0,-0.8750502965,0,0,0,0,0
0,-0.8761762135,0,0,0,0,0
0,-0.8773010213,0,0,0,0,0
0,-0.8784247143,0,0,0,0,0
0,-0.8795472865,0,0,0,0,0
0,-0.8806687323,0,0,0,0,0
0,-0.8817890459,0,0,0,0,0
0,-0.8829082213,0,0,0,0,0
0,-0.884026253,0,0,0,0,0
0,-0.8851431351,0,0,0,0,0
0,-0.8862588618,0,0,0,0,0
0,-0.8873734274,0,0,0,0,0
0,-0.888486826,0,0,0,0,0
0,-0.8895990521,0,0,0,0,0
0,-0.8907100997,0,0,0,0,0
0,-0.8918199632,0,0,0,0,0
0,-0.8929286368,0,0,0,0,0
0,-0.8940361148,0,0,0,0,0
0,-0.8951423914,0,0,0,0,0
0,-0.8962474609,0,0,0,0,0
0,-0.8973513176,0,0,0,0,0
0,-0.8984539557,0,0,0,0,0
0,-0.8995553696,0,0,0,0,0
0,-0.9006555535,0,0,0,0,0
0,-0.9017545017,0,0,0,0,0
0,-0.9028522085,0,0,0,0,0
0,-0.9039486683,0,0,0,0,0
0,-0.9050438753,0,0,0,0,0
0,-0.9061378238,0,0,0,0,0
0,-0.9072305082,0,0,0,0,0
0,-0.9083219227,0,0,0,0,0
0,-0.9094120618,0,0,0,0,0
0,-0.9105009197,0,0,0,0,0
0,-0.9115884907,0,0,0,0,0
0,-0.9126747693,0,0,0,0,0
0,-0.9137597497,0,0,0,0,0
0,-0.9148434263,0,0,0,0,0
0,-0.9159257935,0,0,0,0,0
0,-0.9170068456,0,0,0,0,0
0,-0.9180865771,0,0,0,0,0
0,-0.9191649821,0,0,0,0,0
0,-0.9202420552,0,0,0,0,0
0,-0.9213177908,0,0,0,0,0
0,-0.9223921831,0,0,0,0,0
0,-0.9234652267,0,0,0,0,0
0,-0.9245369159,0,0,0,0,0
0,-0.9256072451,0,0,0,0,0
0,-0.9266762087,0,0,0,0,0
0,-0.9277438011,0,0,0,0,0
0,-0.9288100168,0,0,0,0,0
0,-0.9298748502,0,0,0,0,0
0,-0.9309382957,0,0,0,0,0
0,-0.9320003478,0,0,0,0,0
0,-0.9330610009,0,0,0,0,0
0,-0.9341202494,0,0,0,0,0
0,-0.9351780878,0,0,0,0,0
0,-0.9362345106,0,0,0,0,0
0,-0.9372895123,0,0,0,0,0
0,-0.9383430873,0,0,0,0,0
0,-0.93939523,0,0,0,0,0
0,-0.9404459351,0,0,0,0,0
0,-0.9414951969,0,0,0,0,0
0,-0.94254301,0,0,0,0,0
0,-0.9435893688,0,0,0,0,0
0,-0.944634268,0,0,0,0,0
0,-0.9456777019,0,0,0,0,0
0,-0.9467196652,0,0,0,0,0
0,-0.9477601523,0,0,0,0,0
0,-0.9487991578,0,0,0,0,0
0,-0.9498366763,0,0,0,0,0
0,-0.9508727022,0,0,0,0,0
0,-0.9519072302,0,0,0,0,0
0,-0.9529402547,0,0,0,0,0
0,-0.9539717705,0,0,0,0,0
0,-0.9550017719,0,0,0,0,0
0,-0.9560302537,0,0,0,0,0
0,-0.9570572104,0,0,0,0,0
0,-0.9580826366,0,0,0,0,0
0,-0.9591065269,0,0,0,0,0
0,-0.960128876,0,0,0,0,0
0,-0.9611496783,0,0,0,0,0
0,-0.9621689286,0,0,0,0,0
0,-0.9631866215,0,0,0,0,0
0,-0.9642027515,0,0,0,0,0
0,-0.9652173135,0,0,0,0,0
0,-0.9662303019,0,0,0,0,0
0,-0.9672417115,0,0,0,0,0
0,-0.9682515369,0,0,0,0,0
0,-0.9692597729,0,0,0,0,0
0,-0.9702664139,0,0,0,0,0
0,-0.9712714549,0,0,0,0,0
0,-0.9722748904,0,0,0,0,0
0,-0.9732767151,0,0,0,0,0
0,-0.9742769238,0,0,0,0,0
0,-0.9752755111,0,0,0,0,0
0,-0.9762724719,0,0,0,0,0
0,-0.9772678007,0,0,0,0,0
0,-0.9782614924,0,0,0,0,0
0,-0.9792535417,0,0,0,0,0
0,-0.9802439434,0,0,0,0,0
0,-0.9812326921,0,0,0,0,0
0,-0.9822197827,0,0,0,0,0
0,-0.98320521,0,0,0,0,0
0,-0.9841889687,0,0,0,0,0
0,-0.9851710536,0,0,0,0,0
0,-0.9861514594,0,0,0,0,0
0,-0.9871301811,0,0,0,0,0
0,-0.9881072135,0,0,0,0,0
0,-0.9890825512,0,0,0,0,0
0,-0.9900561893,0,0,0,0,0
0,-0.9910281224,0,0,0,0,0
0,-0.9919983455,0,0,0,0,0
0,-0.9929668534,0,0,0,0,0
0,-0.9939336409,0,0,0,0,0
0,-0.994898703,0,0,0,0,0
0,-0.9958620344,0,0,0,0,0
0,-0.9968236302,0,0,0,0,0
0,-0.9977834851,0,0,0,0,0
0,-0.9987415941,0,0,0,0,0
0,-0.9996979521,0,0,0,0,0
0,-1.000652554,0,0,0,0,0
0,-1.001605395,0,0,0,0,0
0,-1.002556469,0,0,0,0,0
0,-1.003505772,0,0,0,0,0
0,-1.004453299,0,0,0,0,0
0,-1.005399044,0,0,0,0,0
0,-1.006343003,0,0,0,0,0
0,-1.007285171,0,0,0,0,0
0,-1.008225542,0,0,0,0,0
0,-1.009164111,0,0,0,0,0
0,-1.010100874,0,0,0,0,0
0,-1.011035826,0,0,0,0,0
0,-1.011968961,0,0,0,0,0
0,-1.012900275,0,0,0,0,0
0,-1.013829762,0,0,0,0,0
0,-1.014757418,0,0,0,0,0
0,-1.015683237,0,0,0,0,0
0,-1.016607216,0,0,0,0,0
0,-1.017529348,0,0,0,0,0
0,-1.018449629,0,0,0,0,0
0,-1.019368054,0,0,0,0,0
0,-1.020284618,0,0,0,0,0
0,-1.021199317,0,0,0,0,0
0,-1.022112144,0,0,0,0,0
0,-1.023023096,0,0,0,0,0
0,-1.023932168,0,0,0,0,0
0,-1.024839354,0,0,0,0,0
0,-1.02574465,0,0,0,0,0
0,-1.026648052,0,0,0,0,0
0,-1.027549553,0,0,0,0,0
0,-1.02844915,0,0,0,0,0
0,-1.029346837,0,0,0,0,0
0,-1.03024261,0,0,0,0,0
0,-1.031136464,0,0,0,0,0
0,-1.032028394,0,0,0,0,0
0,-1.032918396,0,0,0,0,0
0,-1.033806464,0,0,0,0,0
0,-1.034692594,0,0,0,0,0
0,-1.035576781,0,0,0,0,0
0,-1.036459021,0,0,0,0,0
0,-1.037339308,0,0,0,0,0
0,-1.038217638,0,0,0,0,0
0,-1.039094007,0,0,0,0,0
0,-1.039968409,0,0,0,0,0
0,-1.040840839,0,0,0,0,0
0,-1.041711294,0,0,0,0,0
0,-1.042579769,0,0,0,0,0
0,-1.043446258,0,0,0,0,0
0,-1.044310758,0,0,0,0,0
0,-1.045173263,0,0,0,0,0
0,-1.046033768,0,0,0,0,0
0,-1.046892271,0,0,0,0,0
0,-1.047748765,0,0,0,0,0
0,-1.048603246,0,0,0,0,0
0,-1.049455709,0,0,0,0,0
0,-1.05030615,0,0,0,0,0
0,-1.051154565,0,0,0,0,0
0,-1.052000949,0,0,0,0,0
0,-1.052845296,0,0,0,0,0
0,-1.053687604,0,0,0,0,0
0,-1.054527866,0,0,0,0,0
0,-1.05536608,0,0,0,0,0
0,-1.056202239,0,0,0,0,0
0,-1.05703634,0,0,0,0,0
0,-1.057868378,0,0,0,0,0
0,-1.058698349,0,0,0,0,0
0,-1.059526248,0,0,0,0,0
0,-1.060352071,0,0,0,0,0
0,-1.061175813,0,0,0,0,0
0,-1.06199747,0,0,0,0,0
0,-1.062817037,0,0,0,0,0
0,-1.063634511,0,0,0,0,0
0,-1.064449886,0,0,0,0,0
0,-1.065263158,0,0,0,0,0
0,-1.066074323,0,0,0,0,0
0,-1.066883377,0,0,0,0,0
0,-1.067690314,0,0,0,0,0
0,-1.068495132,0,0,0,0,0
0,-1.069297824,0,0,0,0,0
0,-1.070098388,0,0,0,0,0
0,-1.070896819,0,0,0,0,0
0,-1.071693112,0,0,0,0,0
0,-1.072487263,0,0,0,0,0
0,-1.073279268,0,0,0,0,0
0,-1.074069123,0,0,0,0,0
0,-1.074856823,0,0,0,0,0
0,-1.075642364,0,0,0,0,0
0,-1.076425742,0,0,0,0,0
0,-1.077206953,0,0,0,0,0
0,-1.077985991,0,0,0,0,0
0,-1.078762854,0,0,0,0,0
0,-1.079537537,0,0,0,0,0
0,-1.080310036,0,0,0,0,0
0,-1.081080347,0,0,0,0,0
0,-1.081848465,0,0,0,0,0
0,-1.082614386,0,0,0,0,0
0,-1.083378106,0,0,0,0,0
0,-1.084139621,0,0,0,0,0
0,-1.084898927,0,0,0,0,0
0,-1.08565602,0,0,0,0,0
0,-1.086410896,0,0,0,0,0
0,-1.08716355,0,0,0,0,0
0,-1.087913979,0,0,0,0,0
0,-1.088662178,0,0,0,0,0
0,-1.089408144,0,0,0,0,0
0,-1.090151872,0,0,0,0,0
0,-1.090893358,0,0,0,0,0
0,-1.091632599,0,0,0,0,0
0,-1.09236959,0,0,0,0,0
0,-1.093104327,0,0,0,0,0
0,-1.093836807,0,0,0,0,0
0,-1.094567025,0,0,0,0,0
0,-1.095294978,0,0,0,0,0
0,-1.096020661,0,0,0,0,0
0,-1.09674407,0,0,0,0,0
0,-1.097465202,0,0,0,0,0
0,-1.098184053,0,0,0,0,0
0,-1.098900619,0,0,0,0,0
0,-1.099614895,0,0,0,0,0
0,-1.100326879,0,0,0,0,0
0,-1.101036565,0,0,0,0,0
0,-1.101743951,0,0,0,0,0
0,-1.102449033,0,0,0,0,0
0,-1.103151806,0,0,0,0,0
0,-1.103852267,0,0,0,0,0
0,-1.104550412,0,0,0,0,0
0,-1.105246238,0,0,0,0,0
0,-1.10593974,0,0,0,0,0
0,-1.106630914,0,0,0,0,0
0,-1.107319757,0,0,0,0,0
0,-1.108006266,0,0,0,0,0
0,-1.108690436,0,0,0,0,0
0,-1.109372264,0,0,0,0,0
0,-1.110051746,0,0,0,0,0
0,-1.110728878,0,0,0,0,0
0,-1.111403657,0,0,0,0,0
0,-1.112076079,0,0,0,0,0
0,-1.11274614,0,0,0,0,0
0,-1.113413837,0,0,0,0,0
0,-1.114079167,0,0,0,0,0
0,-1.114742124,0,0,0,0,0
0,-1.115402706,0,0,0,0,0
0,-1.11606091,0,0,0,0,0
0,-1.116716731,0,0,0,0,0
0,-1.117370166,0,0,0,0,0
0,-1.118021212,0,0,0,0,0
0,-1.118669865,0,0,0,0,0
0,-1.119316122,0,0,0,0,0
0,-1.119959978,0,0,0,0,0
0,-1.12060143,0,0,0,0,0
0,-1.121240476,0,0,0,0,0
0,-1.121877111,0,0,0,0,0
0,-1.122511332,0,0,0,0,0
0,-1.123143136,0,0,0,0,0
0,-1.123772519,0,0,0,0,0
0,-1.124399477,0,0,0,0,0
0,-1.125024008,0,0,0,0,0
0,-1.125646107,0,0,0,0,0
0,-1.126265772,0,0,0,0,0
0,-1.126882999,0,0,0,0,0
0,-1.127497785,0,0,0,0,0
0,-1.128110126,0,0,0,0,0
0,-1.128720019,0,0,0,0,0
0,-1.12932746,0,0,0,0,0
0,-1.129932447,0,0,0,0,0
0,-1.130534977,0,0,0,0,0
0,-1.131135044,0,0,0,0,0
0,-1.131732648,0,0,0,0,0
0,-1.132327784,0,0,0,0,0
0,-1.132920448,0,0,0,0,0
0,-1.133510639,0,0,0,0,0
0,-1.134098352,0,0,0,0,0
0,-1.134683584,0,0,0,0,0
0,-1.135266332,0,0,0,0,0
0,-1.135846594,0,0,0,0,0
0,-1.136424365,0,0,0,0,0
0,-1.136999643,0,0,0,0,0
0,-1.137572424,0,0,0,0,0
0,-1.138142706,0,0,0,0,0
0,-1.138710485,0,0,0,0,0
0,-1.139275758,0,0,0,0,0
0,-1.139838522,0,0,0,0,0
0,-1.140398774,0,0,0,0,0
0,-1.140956511,0,0,0,0,0
0,-1.141511729,0,0,0,0,0
0,-1.142064427,0,0,0,0,0
0,-1.1426146,0,0,0,0,0
0,-1.143162247,0,0,0,0,0
0,-1.143707363,0,0,0,0,0
0,-1.144249945,0,0,0,0,0
0,-1.144789992,0,0,0,0,0
0,-1.1453275,0,0,0,0,0
0,-1.145862465,0,0,0,0,0
0,-1.146394886,0,0,0,0,0
0,-1.146924758,0,0,0,0,0
0,-1.14745208,0,0,0,0,0
0,-1.147976848,0,0,0,0,0
0,-1.14849906,0,0,0,0,0
0,-1.149018712,0,0,0,0,0
0,-1.149535802,0,0,0,0,0
0,-1.150050327,0,0,0,0,0
0,-1.150562284,0,0,0,0,0
0,-1.15107167,0,0,0,0,0
0,-1.151578483,0,0,0,0,0
0,-1.15208272,0,0,0,0,0
0,-1.152584377,0,0,0,0,0
0,-1.153083453,0,0,0,0,0
0,-1.153579944,0,0,0,0,0
0,-1.154073848,0,0,0,0,0
0,-1.154565163,0,0,0,0,0
0,-1.155053884,0,0,0,0,0
0,-1.15554001,0,0,0,0,0
0,-1.156023538,0,0,0,0,0
0,-1.156504466,0,0,0,0,0
0,-1.15698279,0,0,0,0,0
0,-1.157458509,0,0,0,0,0
0,-1.157931619,0,0,0,0,0
0,-1.158402118,0,0,0,0,0
0,-1.158870003,0,0,0,0,0
0,-1.159335272,0,0,0,0,0
0,-1.159797922,0,0,0,0,0
0,-1.160257951,0,0,0,0,0
0,-1.160715356,0,0,0,0,0
0,-1.161170135,0,0,0,0,0
0,-1.161622285,0,0,0,0,0
0,-1.162071803,0,0,0,0,0
0,-1.162518688,0,0,0,0,0
0,-1.162962936,0,0,0,0,0
0,-1.163404546,0,0,0,0,0
0,-1.163843515,0,0,0,0,0
0,-1.16427984,0,0,0,0,0
0,-1.16471352,0,0,0,0,0
0,-1.165144551,0,0,0,0,0
0,-1.165572931,0,0,0,0,0
0,-1.165998658,0,0,0,0,0
0,-1.166421731,0,0,0,0,0
0,-1.166842145,0,0,0,0,0
0,-1.167259899,0,0,0,0,0
0,-1.167674991,0,0,0,0,0
0,-1.168087419,0,0,0,0,0
0,-1.16849718,0,0,0,0,0
0,-1.168904272,0,0,0,0,0
0,-1.169308692,0,0,0,0,0
0,-1.169710439,0,0,0,0,0
0,-1.17010951,0,0,0,0,0
0,-1.170505903,0,0,0,0,0
0,-1.170899617,0,0,0,0,0
0,-1.171290648,0,0,0,0,0
0,-1.171678994,0,0,0,0,0
0,-1.172064654,0,0,0,0,0
0,-1.172447625,0,0,0,0,0
0,-1.172827906,0,0,0,0,0
0,-1.173205494,0,0,0,0,0
0,-1.173580386,0,0,0,0,0
0,-1.173952582,0,0,0,0,0
0,-1.174322079,0,0,0,0,0
0,-1.174688874,0,0,0,0,0
0,-1.175052967,0,0,0,0,0
0,-1.175414355,0,0,0,0,0
0,-1.175773035,0,0,0,0,0
0,-1.176129006,0,0,0,0,0
0,-1.176482267,0,0,0,0,0
0,-1.176832814,0,0,0,0,0
0,-1.177180647,0,0,0,0,0
0,-1.177525762,0,0,0,0,0
0,-1.177868159,0,0,0,0,0
0,-1.178207836,0,0,0,0,0
0,-1.17854479,0,0,0,0,0
0,-1.17887902,0,0,0,0,0
0,-1.179210523,0,0,0,0,0
0,-1.179539299,0,0,0,0,0
0,-1.179865345,0,0,0,0,0
0,-1.180188659,0,0,0,0,0
0,-1.18050924,0,0,0,0,0
0,-1.180827086,0,0,0,0,0
0,-1.181142195,0,0,0,0,0
0,-1.181454565,0,0,0,0,0
0,-1.181764195,0,0,0,0,0
0,-1.182071083,0,0,0,0,0
0,-1.182375228,0,0,0,0,0
0,-1.182676627,0,0,0,0,0
0,-1.182975279,0,0,0,0,0
0,-1.183271182,0,0,0,0,0
0,-1.183564335,0,0,0,0,0
0,-1.183854736,0,0,0,0,0
0,-1.184142384,0,0,0,0,0
0,-1.184427276,0,0,0,0,0
0,-1.184709412,0,0,0,0,0
0,-1.184988789,0,0,0,0,0
0,-1.185265407,0,0,0,0,0
0,-1.185539264,0,0,0,0,0
0,-1.185810357,0,0,0,0,0
0,-1.186078687,0,0,0,0,0
0,-1.18634425,0,0,0,0,0
0,-1.186607047,0,0,0,0,0
0,-1.186867074,0,0,0,0,0
0,-1.187124332,0,0,0,0,0
0,-1.187378818,0,0,0,0,0
0,-1.187630531,0,0,0,0,0
0,-1.18787947,0,0,0,0,0
0,-1.188125633,0,0,0,0,0
0,-1.188369019,0,0,0,0,0
0,-1.188609627,0,0,0,0,0
0,-1.188847455,0,0,0,0,0
0,-1.189082502,0,0,0,0,0
0,-1.189314766,0,0,0,0,0
0,-1.189544247,0,0,0,0,0
0,-1.189770944,0,0,0,0,0
0,-1.189994854,0,0,0,0,0
0,-1.190215976,0,0,0,0,0
0,-1.19043431,0,0,0,0,0
0,-1.190649855,0,0,0,0,0
0,-1.190862608,0,0,0,0,0
0,-1.191072569,0,0,0,0,0
0,-1.191279737,0,0,0,0,0
0,-1.191484111,0,0,0,0,0
0,-1.191685689,0,0,0,0,0
0,-1.19188447,0,0,0,0,0
0,-1.192080454,0,0,0,0,0
0,-1.192273638,0,0,0,0,0
0,-1.192464023,0,0,0,0,0
0,-1.192651607,0,0,0,0,0
0,-1.192836389,0,0,0,0,0
0,-1.193018368,0,0,0,0,0
0,-1.193197542,0,0,0,0,0
0,-1.193373912,0,0,0,0,0
0,-1.193547476,0,0,0,0,0
0,-1.193718233,0,0,0,0,0
0,-1.193886182,0,0,0,0,0
0,-1.194051322,0,0,0,0,0
0,-1.194213652,0,0,0,0,0
0,-1.194373172,0,0,0,0,0
0,-1.19452988,0,0,0,0,0
0,-1.194683776,0,0,0,0,0
0,-1.194834859,0,0,0,0,0
0,-1.194983128,0,0,0,0,0
0,-1.195128582,0,0,0,0,0
0,-1.19527122,0,0,0,0,0
0,-1.195411042,0,0,0,0,0
0,-1.195548046,0,0,0,0,0
0,-1.195682233,0,0,0,0,0
0,-1.195813601,0,0,0,0,0
0,-1.195942149,0,0,0,0,0
0,-1.196067878,0,0,0,0,0
0,-1.196190785,0,0,0,0,0
0,-1.196310871,0,0,0,0,0
0,-1.196428135,0,0,0,0,0
0,-1.196542576,0,0,0,0,0
0,-1.196654193,0,0,0,0,0
0,-1.196762987,0,0,0,0,0
0,-1.196868955,0,0,0,0,0
0,-1.196972099,0,0,0,0,0
0,-1.197072416,0,0,0,0,0
0,-1.197169908,0,0,0,0,0
0,-1.197264572,0,0,0,0,0
0,-1.197356409,0,0,0,0,0
0,-1.197445418,0,0,0,0,0
0,-1.197531598,0,0,0,0,0
0,-1.19761495,0,0,0,0,0
0,-1.197695472,0,0,0,0,0
0,-1.197773164,0,0,0,0,0
0,-1.197848026,0,0,0,0,0
0,-1.197920058,0,0,0,0,0
0,-1.197989258,0,0,0,0,0
0,-1.198055627,0,0,0,0,0
0,-1.198119164,0,0,0,0,0
0,-1.198179869,0,0,0,0,0
0,-1.198237742,0,0,0,0,0
0,-1.198292781,0,0,0,0,0
0,-1.198344988,0,0,0,0,0
0,-1.198394361,0,0,0,0,0
0,-1.198440901,0,0,0,0,0
0,-1.198484606,0,0,0,0,0
0,-1.198525477,0,0,0,0,0
0,-1.198563514,0,0,0,0,0
0,-1.198598717,0,0,0,0,0
0,-1.198631084,0,0,0,0,0
0,-1.198660617,0,0,0,0,0
0,-1.198687314,0,0,0,0,0
0,-1.198711176,0,0,0,0,0
0,-1.198732203,0,0,0,0,0
0,-1.198750394,0,0,0,0,0
0,-1.198765749,0,0,0,0,0
0,-1.198778269,0,0,0,0,0
0,-1.198787953,0,0,0,0,0
0,-1.198794801,0,0,0,0,0
0,-1.198798813,0,0,0,0,0
0,-1.19879999,0,0,0,0,0
0,-1.19879833,0,0,0,0,0
0,-1.198793835,0,0,0,0,0
0,-1.198786503,0,0,0,0,0
0,-1.198776336,0,0,0,0,0
0,-1.198763333,0,0,0,0,0
0,-1.198747494,0,0,0,0,0
0,-1.19872882,0,0,0,0,0
0,-1.19870731,0,0,0,0,0
0,-1.198682964,0,0,0,0,0
0,-1.198655784,0,0,0,0,0
0,-1.198625768,0,0,0,0,0
0,-1.198592917,0,0,0,0,0
0,-1.198557232,0,0,0,0,0
0,-1.198518712,0,0,0,0,0
0,-1.198477357,0,0,0,0,0
0,-1.198433169,0,0,0,0,0
0,-1.198386146,0,0,0,0,0
0,-1.19833629,0,0,0,0,0
0,-1.198283601,0,0,0,0,0
0,-1.198228079,0,0,0,0,0
0,-1.198169723,0,0,0,0,0
0,-1.198108536,0,0,0,0,0
0,-1.198044516,0,0,0,0,0
0,-1.197977664,0,0,0,0,0
0,-1.197907981,0,0,0,0,0
0,-1.197835467,0,0,0,0,0
0,-1.197760123,0,0,0,0,0
0,-1.197681948,0,0,0,0,0
0,-1.197600944,0,0,0,0,0
0,-1.19751711,0,0,0,0,0
0,-1.197430447,0,0,0,0,0
0,-1.197340956,0,0,0,0,0
0,-1.197248638,0,0,0,0,0
0,-1.197153492,0,0,0,0,0
0,-1.197055519,0,0,0,0,0
0,-1.196954719,0,0,0,0,0
0,-1.196851094,0,0,0,0,0
0,-1.196744644,0,0,0,0,0
0,-1.196635369,0,0,0,0,0
0,-1.196523271,0,0,0,0,0
0,-1.196408348,0,0,0,0,0
0,-1.196290604,0,0,0,0,0
0,-1.196170037,0,0,0,0,0
0,-1.196046649,0,0,0,0,0
0,-1.19592044,0,0,0,0,0
0,-1.195791411,0,0,0,0,0
0,-1.195659562,0,0,0,0,0
0,-1.195524895,0,0,0,0,0
0,-1.19538741,0,0,0,0,0
0,-1.195247109,0,0,0,0,0
0,-1.19510399,0,0,0,0,0
0,-1.194958057,0,0,0,0,0
0,-1.194809308,0,0,0,0,0
0,-1.194657746,0,0,0,0,0
0,-1.194503371,0,0,0,0,0
0,-1.194346183,0,0,0,0,0
0,-1.194186184,0,0,0,0,0
0,-1.194023375,0,0,0,0,0
0,-1.193857756,0,0,0,0,0
0,-1.193689328,0,0,0,0,0
0,-1.193518093,0,0,0,0,0
0,-1.193344051,0,0,0,0,0
0,-1.193167203,0,0,0,0,0
0,-1.19298755,0,0,0,0,0
0,-1.192805094,0,0,0,0,0
0,-1.192619834,0,0,0,0,0
0,-1.192431773,0,0,0,0,0
0,-1.192240911,0,0,0,0,0
0,-1.192047249,0,0,0,0,0
0,-1.191850789,0,0,0,0,0
0,-1.191651531,0,0,0,0,0
0,-1.191449476,0,0,0,0,0
0,-1.191244626,0,0,0,0,0
0,-1.191036982,0,0,0,0,0
0,-1.190826545,0,0,0,0,0
0,-1.190613316,0,0,0,0,0
0,-1.190397296,0,0,0,0,0
0,-1.190178486,0,0,0,0,0
0,-1.189956889,0,0,0,0,0
0,-1.189732504,0,0,0,0,0
0,-1.189505333,0,0,0,0,0
0,-1.189275377,0,0,0,0,0
0,-1.189042638,0,0,0,0,0
0,-1.188807117,0,0,0,0,0
0,-1.188568815,0,0,0,0,0
0,-1.188327734,0,0,0,0,0
0,-1.188083875,0,0,0,0,0
0,-1.187837238,0,0,0,0,0
0,-1.187587827,0,0,0,0,0
0,-1.187335641,0,0,0,0,0
0,-1.187080682,0,0,0,0,0
0,-1.186822952,0,0,0,0,0
0,-1.186562453,0,0,0,0,0
0,-1.186299185,0,0,0,0,0
0,-1.18603315,0,0,0,0,0
0,-1.185764349,0,0,0,0,0
0,-1.185492784,0,0,0,0,0
0,-1.185218457,0,0,0,0,0
0,-1.184941369,0,0,0,0,0
0,-1.184661521,0,0,0,0,0
0,-1.184378915,0,0,0,0,0
0,-1.184093553,0,0,0,0,0
0,-1.183805436,0,0,0,0,0
0,-1.183514566,0,0,0,0,0
0,-1.183220944,0,0,0,0,0
0,-1.182924572,0,0,0,0,0
0,-1.182625452,0,0,0,0,0
0,-1.182323585,0,0,0,0,0
0,-1.182018973,0,0,0,0,0
0,-1.181711617,0,0,0,0,0
0,-1.18140152,0,0,0,0,0
0,-1.181088683,0,0,0,0,0
0,-1.180773107,0,0,0,0,0
0,-1.180454795,0,0,0,0,0
0,-1.180133748,0,0,0,0,0
0,-1.179809968,0,0,0,0,0
0,-1.179483457,0,0,0,0,0
0,-1.179154216,0,0,0,0,0
0,-1.178822248,0,0,0,0,0
0,-1.178487554,0,0,0,0,0
0,-1.178150135,0,0,0,0,0
0,-1.177809995,0,0,0,0,0
0,-1.177467135,0,0,0,0,0
0,-1.177121556,0,0,0,0,0
0,-1.17677326,0,0,0,0,0
0,-1.17642225,0,0,0,0,0
0,-1.176068528,0,0,0,0,0
0,-1.175712095,0,0,0,0,0
0,-1.175352953,0,0,0,0,0
0,-1.174991104,0,0,0,0,0
0,-1.174626551,0,0,0,0,0
0,-1.174259295,0,0,0,0,0
0,-1.173889338,0,0,0,0,0
0,-1.173516682,0,0,0,0,0
0,-1.17314133,0,0,0,0,0
0,-1.172763283,0,0,0,0,0
0,-1.172382544,0,0,0,0,0
0,-1.171999114,0,0,0,0,0
0,-1.171612996,0,0,0,0,0
0,-1.171224192,0,0,0,0,0
0,-1.170832704,0,0,0,0,0
0,-1.170438534,0,0,0,0,0
0,-1.170041684,0,0,0,0,0
0,-1.169642156,0,0,0,0,0
0,-1.169239954,0,0,0,0,0
0,-1.168835078,0,0,0,0,0
0,-1.168427531,0,0,0,0,0
0,-1.168017315,0,0,0,0,0
0,-1.167604433,0,0,0,0,0
0,-1.167188887,0,0,0,0,0
0,-1.166770679,0,0,0,0,0
0,-1.166349812,0,0,0,0,0
0,-1.165926287,0,0,0,0,0
0,-1.165500107,0,0,0,0,0
0,-1.165071275,0,0,0,0,0
0,-1.164639793,0,0,0,0,0
0,-1.164205662,0,0,0,0,0
0,-1.163768886,0,0,0,0,0
0,-1.163329467,0,0,0,0,0
0,-1.162887407,0,0,0,0,0
0,-1.162442709,0,0,0,0,0
0,-1.161995375,0,0,0,0,0
0,-1.161545408,0,0,0,0,0
0,-1.16109281,0,0,0,0,0
0,-1.160637584,0,0,0,0,0
0,-1.160179731,0,0,0,0,0
0,-1.159719255,0,0,0,0,0
0,-1.159256159,0,0,0,0,0
0,-1.158790444,0,0,0,0,0
0,-1.158322113,0,0,0,0,0
0,-1.157851169,0,0,0,0,0
0,-1.157377614,0,0,0,0,0
0,-1.156901451,0,0,0,0,0
0,-1.156422683,0,0,0,0,0
0,-1.155941312,0,0,0,0,0
0,-1.155457341,0,0,0,0,0
0,-1.154970772,0,0,0,0,0
0,-1.154481609,0,0,0,0,0
0,-1.153989853,0,0,0,0,0
0,-1.153495508,0,0,0,0,0
0,-1.152998576,0,0,0,0,0
0,-1.15249906,0,0,0,0,0
0,-1.151996962,0,0,0,0,0
0,-1.151492287,0,0,0,0,0
0,-1.150985035,0,0,0,0,0
0,-1.15047521,0,0,0,0,0
0,-1.149962815,0,0,0,0,0
0,-1.149447853,0,0,0,0,0
0,-1.148930326,0,0,0,0,0
0,-1.148410238,0,0,0,0,0
0,-1.14788759,0,0,0,0,0
0,-1.147362386,0,0,0,0,0
0,-1.14683463,0,0,0,0,0
0,-1.146304322,0,0,0,0,0
0,-1.145771468,0,0,0,0,0
0,-1.145236069,0,0,0,0,0
0,-1.144698128,0,0,0,0,0
0,-1.144157649,0,0,0,0,0
0,-1.143614635,0,0,0,0,0
0,-1.143069087,0,0,0,0,0
0,-1.14252101,0,0,0,0,0
0,-1.141970406,0,0,0,0,0
0,-1.141417279,0,0,0,0,0
0,-1.14086163,0,0,0,0,0
0,-1.140303465,0,0,0,0,0
0,-1.139742784,0,0,0,0,0
0,-1.139179592,0,0,0,0,0
0,-1.138613892,0,0,0,0,0
0,-1.138045686,0,0,0,0,0
0,-1.137474979,0,0,0,0,0
0,-1.136901772,0,0,0,0,0
0,-1.136326069,0,0,0,0,0
0,-1.135747873,0,0,0,0,0
0,-1.135167187,0,0,0,0,0
0,-1.134584015,0,0,0,0,0
0,-1.13399836,0,0,0,0,0
0,-1.133410225,0,0,0,0,0
0,-1.132819612,0,0,0,0,0
0,-1.132226526,0,0,0,0,0
0,-1.13163097,0,0,0,0,0
0,-1.131032946,0,0,0,0,0
0,-1.130432458,0,0,0,0,0
0,-1.12982951,0,0,0,0,0
0,-1.129224104,0,0,0,0,0
0,-1.128616245,0,0,0,0,0
0,-1.128005934,0,0,0,0,0
0,-1.127393176,0,0,0,0,0
0,-1.126777974,0,0,0,0,0
0,-1.126160332,0,0,0,0,0
0,-1.125540251,0,0,0,0,0
0,-1.124917737,0,0,0,0,0
0,-1.124292793,0,0,0,0,0
0,-1.123665421,0,0,0,0,0
0,-1.123035625,0,0,0,0,0
0,-1.12240341,0,0,0,0,0
0,-1.121768777,0,0,0,0,0
0,-1.121131731,0,0,0,0,0
0,-1.120492274,0,0,0,0,0
0,-1.119850412,0,0,0,0,0
0,-1.119206146,0,0,0,0,0
0,-1.118559481,0,0,0,0,0
0,-1.11791042,0,0,0,0,0
0,-1.117258967,0,0,0,0,0
0,-1.116605125,0,0,0,0,0
0,-1.115948897,0,0,0,0,0
0,-1.115290288,0,0,0,0,0
0,-1.114629301,0,0,0,0,0
0,-1.113965939,0,0,0,0,0
0,-1.113300206,0,0,0,0,0
0,-1.112632106,0,0,0,0,0
0,-1.111961642,0,0,0,0,0
0,-1.111288818,0,0,0,0,0
0,-1.110613637,0,0,0,0,0
0,-1.109936104,0,0,0,0,0
0,-1.109256222,0,0,0,0,0
0,-1.108573995,0,0,0,0,0
0,-1.107889426,0,0,0,0,0
0,-1.107202519,0,0,0,0,0
0,-1.106513278,0,0,0,0,0
0,-1.105821707,0,0,0,0,0
0,-1.105127809,0,0,0,0,0
0,-1.104431588,0,0,0,0,0
0,-1.103733048,0,0,0,0,0
0,-1.103032192,0,0,0,0,0
0,-1.102329025,0,0,0,0,0
0,-1.101623551,0,0,0,0,0
0,-1.100915772,0,0,0,0,0
0,-1.100205694,0,0,0,0,0
0,-1.099493319,0,0,0,0,0
0,-1.098778652,0,0,0,0,0
0,-1.098061697,0,0,0,0,0
0,-1.097342457,0,0,0,0,0
0,-1.096620936,0,0,0,0,0
0,-1.095897139,0,0,0,0,0
0,-1.095171069,0,0,0,0,0
0,-1.09444273,0,0,0,0,0
0,-1.093712126,0,0,0,0,0
0,-1.092979262,0,0,0,0,0
0,-1.09224414,0,0,0,0,0
0,-1.091506765,0,0,0,0,0
0,-1.090767142,0,0,0,0,0
0,-1.090025273,0,0,0,0,0
0,-1.089281163,0,0,0,0,0
0,-1.088534817,0,0,0,0,0
0,-1.087786237,0,0,0,0,0
0,-1.087035429,0,0,0,0,0
0,-1.086282396,0,0,0,0,0
0,-1.085527142,0,0,0,0,0
0,-1.084769671,0,0,0,0,0
0,-1.084009988,0,0,0,0,0
0,-1.083248097,0,0,0,0,0
0,-1.082484001,0,0,0,0,0
0,-1.081717705,0,0,0,0,0
0,-1.080949214,0,0,0,0,0
0,-1.08017853,0,0,0,0,0
0,-1.079405659,0,0,0,0,0
0,-1.078630604,0,0,0,0,0
0,-1.07785337,0,0,0,0,0
0,-1.07707396,0,0,0,0,0
0,-1.07629238,0,0,0,0,0
0,-1.075508633,0,0,0,0,0
0,-1.074722724,0,0,0,0,0
0,-1.073934656,0,0,0,0,0
0,-1.073144435,0,0,0,0,0
0,-1.072352064,0,0,0,0,0
0,-1.071557547,0,0,0,0,0
0,-1.070760889,0,0,0,0,0
0,-1.069962095,0,0,0,0,0
0,-1.069161168,0,0,0,0,0
0,-1.068358113,0,0,0,0,0
0,-1.067552933,0,0,0,0,0
0,-1.066745635,0,0,0,0,0
0,-1.065936221,0,0,0,0,0
0,-1.065124697,0,0,0,0,0
0,-1.064311066,0,0,0,0,0
0,-1.063495333,0,0,0,0,0
0,-1.062677502,0,0,0,0,0
0,-1.061857578,0,0,0,0,0
0,-1.061035566,0,0,0,0,0
0,-1.060211469,0,0,0,0,0
0,-1.059385292,0,0,0,0,0
0,-1.058557039,0,0,0,0,0
0,-1.057726716,0,0,0,0,0
0,-1.056894326,0,0,0,0,0
0,-1.056059874,0,0,0,0,0
0,-1.055223364,0,0,0,0,0
0,-1.054384801,0,0,0,0,0
0,-1.05354419,0,0,0,0,0
0,-1.052701534,0,0,0,0,0
0,-1.051856839,0,0,0,0,0
0,-1.051010109,0,0,0,0,0
0,-1.050161348,0,0,0,0,0
0,-1.049310562,0,0,0,0,0
0,-1.048457754,0,0,0,0,0
0,-1.04760293,0,0,0,0,0
0,-1.046746094,0,0,0,0,0
0,-1.04588725,0,0,0,0,0
0,-1.045026403,0,0,0,0,0
0,-1.044163557,0,0,0,0,0
0,-1.043298718,0,0,0,0,0
0,-1.04243189,0,0,0,0,0
0,-1.041563078,0,0,0,0,0
0,-1.040692286,0,0,0,0,0
0,-1.039819519,0,0,0,0,0
0,-1.038944782,0,0,0,0,0
0,-1.038068079,0,0,0,0,0
0,-1.037189414,0,0,0,0,0
0,-1.036308794,0,0,0,0,0
0,-1.035426222,0,0,0,0,0
0,-1.034541704,0,0,0,0,0
0,-1.033655243,0,0,0,0,0
0,-1.032766845,0,0,0,0,0
0,-1.031876514,0,0,0,0,0
0,-1.030984256,0,0,0,0,0
0,-1.030090075,0,0,0,0,0
0,-1.029193975,0,0,0,0,0
0,-1.028295962,0,0,0,0,0
0,-1.02739604,0,0,0,0,0
0,-1.026494215,0,0,0,0,0
0,-1.02559049,0,0,0,0,0
0,-1.024684871,0,0,0,0,0
0,-1.023777363,0,0,0,0,0
0,-1.022867971,0,0,0,0,0
0,-1.021956699,0,0,0,0,0
0,-1.021043552,0,0,0,0,0
0,-1.020128535,0,0,0,0,0
0,-1.019211654,0,0,0,0,0
0,-1.018292912,0,0,0,0,0
0,-1.017372315,0,0,0,0,0
0,-1.016449868,0,0,0,0,0
0,-1.015525575,0,0,0,0,0
0,-1.014599442,0,0,0,0,0
0,-1.013671474,0,0,0,0,0
0,-1.012741675,0,0,0,0,0
0,-1.011810051,0,0,0,0,0
0,-1.010876606,0,0,0,0,0
0,-1.009941345,0,0,0,0,0
0,-1.009004274,0,0,0,0,0
0,-1.008065397,0,0,0,0,0
0,-1.007124719,0,0,0,0,0
0,-1.006182246,0,0,0,0,0
0,-1.005237982,0,0,0,0,0
0,-1.004291933,0,0,0,0,0
0,-1.003344103,0,0,0,0,0
0,-1.002394498,0,0,0,0,0
0,-1.001443122,0,0,0,0,0
0,-1.000489981,0,0,0,0,0
0,-0.9995350791,0,0,0,0,0
0,-0.9985784223,0,0,0,0,0
0,-0.9976200154,0,0,0,0,0
0,-0.9966598634,0,0,0,0,0
0,-0.9956979715,0,0,0,0,0
0,-0.9947343447,0,0,0,0,0
0,-0.9937689882,0,0,0,0,0
0,-0.9928019071,0,0,0,0,0
0,-0.9918331065,0,0,0,0,0
0,-0.9908625916,0,0,0,0,0
0,-0.9898903675,0,0,0,0,0
0,-0.9889164394,0,0,0,0,0
0,-0.9879408125,0,0,0,0,0
0,-0.9869634919,0,0,0,0,0
0,-0.9859844827,0,0,0,0,0
0,-0.9850037903,0,0,0,0,0
0,-0.9840214198,0,0,0,0,0
0,-0.9830373764,0,0,0,0,0
0,-0.9820516652,0,0,0,0,0
0,-0.9810642917,0,0,0,0,0
0,-0.9800752608,0,0,0,0,0
0,-0.979084578,0,0,0,0,0
0,-0.9780922484,0,0,0,0,0
0,-0.9770982773,0,0,0,0,0
0,-0.97610267,0,0,0,0,0
0,-0.9751054316,0,0,0,0,0
0,-0.9741065676,0,0,0,0,0
0,-0.9731060831,0,0,0,0,0
0,-0.9721039834,0,0,0,0,0
0,-0.9711002739,0,0,0,0,0
0,-0.9700949599,0,0,0,0,0
0,-0.9690880466,0,0,0,0,0
0,-0.9680795394,0,0,0,0,0
0,-0.9670694436,0,0,0,0,0
0,-0.9660577646,0,0,0,0,0
0,-0.9650445076,0,0,0,0,0
0,-0.964029678,0,0,0,0,0
0,-0.9630132812,0,0,0,0,0
0,-0.9619953225,0,0,0,0,0
0,-0.9609758073,0,0,0,0,0
0,-0.9599547409,0,0,0,0,0
0,-0.9589321289,0,0,0,0,0
0,-0.9579079764,0,0,0,0,0
0,-0.956882289,0,0,0,0,0
0,-0.9558550719,0,0,0,0,0
0,-0.9548263308,0,0,0,0,0
0,-0.9537960708,0,0,0,0,0
0,-0.9527642976,0,0,0,0,0
0,-0.9517310164,0,0,0,0,0
0,-0.9506962327,0,0,0,0,0
0,-0.949659952,0,0,0,0,0
0,-0.9486221798,0,0,0,0,0
0,-0.9475829213,0,0,0,0,0
0,-0.9465421822,0,0,0,0,0
0,-0.9454999679,0,0,0,0,0
0,-0.9444562839,0,0,0,0,0
0,-0.9434111355,0,0,0,0,0
0,-0.9423645284,0,0,0,0,0
0,-0.9413164681,0,0,0,0,0
0,-0.9402669599,0,0,0,0,0
0,-0.9392160094,0,0,0,0,0
0,-0.9381636222,0,0,0,0,0
0,-0.9371098036,0,0,0,0,0
0,-0.9360545594,0,0,0,0,0
0,-0.9349978949,0,0,0,0,0
0,-0.9339398157,0,0,0,0,0
0,-0.9328803274,0,0,0,0,0
0,-0.9318194355,0,0,0,0,0
0,-0.9307571456,0,0,0,0,0
0,-0.9296934631,0,0,0,0,0
0,-0.9286283937,0,0,0,0,0
0,-0.927561943,0,0,0,0,0
0,-0.9264941165,0,0,0,0,0
0,-0.9254249197,0,0,0,0,0
0,-0.9243543584,0,0,0,0,0
0,-0.923282438,0,0,0,0,0
0,-0.9222091641,0,0,0,0,0
0,-0.9211345424,0,0,0,0,0
0,-0.9200585785,0,0,0,0,0
0,-0.918981278,0,0,0,0,0
0,-0.9179026465,0,0,0,0,0
0,-0.9168226896,0,0,0,0,0
0,-0.9157414129,0,0,0,0,0
0,-0.9146588222,0,0,0,0,0
0,-0.9135749229,0,0,0,0,0
0,-0.9124897209,0,0,0,0,0
0,-0.9114032216,0,0,0,0,0
0,-0.9103154308,0,0,0,0,0
0,-0.9092263542,0,0,0,0,0
0,-0.9081359974,0,0,0,0,0
0,-0.907044366,0,0,0,0,0
0,-0.9059514658,0,0,0,0,0
0,-0.9048573023,0,0,0,0,0
0,-0.9037618814,0,0,0,0,0
0,-0.9026652087,0,0,0,0,0
0,-0.9015672899,0,0,0,0,0
0,-0.9004681307,0,0,0,0,0
0,-0.8993677367,0,0,0,0,0
0,-0.8982661138,0,0,0,0,0
0,-0.8971632676,0,0,0,0,0
0,-0.8960592038,0,0,0,0,0
0,-0.8949539281,0,0,0,0,0
0,-0.8938474464,0,0,0,0,0
0,-0.8927397642,0,0,0,0,0
0,-0.8916308874,0,0,0,0,0
0,-0.8905208217,0,0,0,0,0
0,-0.8894095728,0,0,0,0,0
0,-0.8882971465,0,0,0,0,0
0,-0.8871835485,0,0,0,0,0
0,-0.8860687847,0,0,0,0,0
0,-0.8849528606,0,0,0,0,0
0,-0.8838357822,0,0,0,0,0
0,-0.8827175552,0,0,0,0,0
0,-0.8815981854,0,0,0,0,0
0,-0.8804776784,0,0,0,0,0
0,-0.8793560402,0,0,0,0,0
0,-0.8782332766,0,0,0,0,0
0,-0.8771093932,0,0,0,0,0
0,-0.8759843959,0,0,0,0,0
0,-0.8748582905,0,0,0,0,0
0,-0.8737310828,0,0,0,0,0
0,-0.8726027786,0,0,0,0,0
0,-0.8714733837,0,0,0,0,0
0,-0.8703429039,0,0,0,0,0
0,-0.8692113451,0,0,0,0,0
0,-0.868078713,0,0,0,0,0
0,-0.8669450135,0,0,0,0,0
0,-0.8658102524,0,0,0,0,0
0,-0.8646744356,0,0,0,0,0
0,-0.8635375688,0,0,0,0,0
0,-0.862399658,0,0,0,0,0
0,-0.8612607089,0,0,0,0,0
0,-0.8601207274,0,0,0,0,0
0,-0.8589797193,0,0,0,0,0
0,-0.8578376906,0,0,0,0,0
0,-0.856694647,0,0,0,0,0
0,-0.8555505944,0,0,0,0,0
0,-0.8544055387,0,0,0,0,0
0,-0.8532594857,0,0,0,0,0
0,-0.8521124413,0,0,0,0,0
0,-0.8509644114,0,0,0,0,0
0,-0.8498154018,0,0,0,0,0
0,-0.8486654185,0,0,0,0,0
0,-0.8475144673,0,0,0,0,0
0,-0.846362554,0,0,0,0,0
0,-0.8452096847,0,0,0,0,0
0,-0.8440558651,0,0,0,0,0
0,-0.8429011011,0,0,0,0,0
0,-0.8417453987,0,0,0,0,0
0,-0.8405887637,0,0,0,0,0
0,-0.839431202,0,0,0,0,0
0,-0.8382727196,0,0,0,0,0
0,-0.8371133223,0,0,0,0,0
0,-0.8359530161,0,0,0,0,0
0,-0.8347918068,0,0,0,0,0
0,-0.8336297004,0,0,0,0,0
0,-0.8324667027,0,0,0,0,0
0,-0.8313028198,0,0,0,0,0
0,-0.8301380574,0,0,0,0,0
0,-0.8289724216,0,0,0,0,0
0,-0.8278059183,0,0,0,0,0
0,-0.8266385533,0,0,0,0,0
0,-0.8254703327,0,0,0,0,0
0,-0.8243012622,0,0,0,0,0
0,-0.823131348,0,0,0,0,0
0,-0.8219605958,0,0,0,0,0
0,-0.8207890117,0,0,0,0,0
0,-0.8196166016,0,0,0,0,0
0,-0.8184433713,0,0,0,0,0
0,-0.8172693269,0,0,0,0,0
0,-0.8160944744,0,0,0,0,0
0,-0.8149188195,0,0,0,0,0
0,-0.8137423684,0,0,0,0,0
0,-0.8125651268,0,0,0,0,0
0,-0.8113871009,0,0,0,0,0
0,-0.8102082965,0,0,0,0,0
0,-0.8090287196,0,0,0,0,0
0,-0.8078483761,0,0,0,0,0
0,-0.8066672721,0,0,0,0,0
0,-0.8054854134,0,0,0,0,0
0,-0.804302806,0,0,0,0,0
0,-0.8031194559,0,0,0,0,0
0,-0.801935369,0,0,0,0,0
0,-0.8007505513,0,0,0,0,0
0,-0.7995650088,0,0,0,0,0
0,-0.7983787475,0,0,0,0,0
0,-0.7971917732,0,0,0,0,0
0,-0.796004092,0,0,0,0,0
0,-0.7948157098,0,0,0,0,0
0,-0.7936266327,0,0,0,0,0
0,-0.7924368665,0,0,0,0,0
0,-0.7912464173,0,0,0,0,0
0,-0.790055291,0,0,0,0,0
0,-0.7888634936,0,0,0,0,0
0,-0.787671031,0,0,0,0,0
0,-0.7864779093,0,0,0,0,0
0,-0.7852841345,0,0,0,0,0
0,-0.7840897124,0,0,0,0,0
0,-0.7828946491,0,0,0,0,0
0,-0.7816989506,0,0,0,0,0
0,-0.7805026228,0,0,0,0,0
0,-0.7793056717,0,0,0,0,0
0,-0.7781081033,0,0,0,0,0
0,-0.7769099236,0,0,0,0,0
0,-0.7757111386,0,0,0,0,0
0,-0.7745117542,0,0,0,0,0
0,-0.7733117765,0,0,0,0,0
0,-0.7721112113,0,0,0,0,0
0,-0.7709100647,0,0,0,0,0
0,-0.7697083427,0,0,0,0,0
0,-0.7685060513,0,0,0,0,0
0,-0.7673031964,0,0,0,0,0
0,-0.766099784,0,0,0,0,0
0,-0.7648958201,0,0,0,0,0
0,-0.7636913107,0,0,0,0,0
0,-0.7624862618,0,0,0,0,0
0,-0.7612806794,0,0,0,0,0
0,-0.7600745694,0,0,0,0,0
0,-0.7588679378,0,0,0,0,0
0,-0.7576607906,0,0,0,0,0
0,-0.7564531338,0,0,0,0,0
0,-0.7552449734,0,0,0,0,0
0,-0.7540363154,0,0,0,0,0
0,-0.7528271657,0,0,0,0,0
0,-0.7516175303,0,0,0,0,0
0,-0.7504074152,0,0,0,0,0
0,-0.7491968264,0,0,0,0,0
0,-0.7479857699,0,0,0,0,0
0,-0.7467742516,0,0,0,0,0
0,-0.7455622776,0,0,0,0,0
0,-0.7443498537,0,0,0,0,0
0,-0.7431369861,0,0,0,0,0
0,-0.7419236806,0,0,0,0,0
0,-0.7407099432,0,0,0,0,0
0,-0.73949578,0,0,0,0,0
0,-0.7382811969,0,0,0,0,0
0,-0.7370661998,0,0,0,0,0
0,-0.7358507948,0,0,0,0,0
0,-0.7346349878,0,0,0,0,0
0,-0.7334187847,0,0,0,0,0
0,-0.7322021917,0,0,0,0,0
0,-0.7309852146,0,0,0,0,0
0,-0.7297678593,0,0,0,0,0
0,-0.728550132,0,0,0,0,0
0,-0.7273320384,0,0,0,0,0
0,-0.7261135847,0,0,0,0,0
0,-0.7248947767,0,0,0,0,0
0,-0.7236756205,0,0,0,0,0
0,-0.7224561219,0,0,0,0,0
0,-0.721236287,0,0,0,0,0
0,-0.7200161217,0,0,0,0,0
0,-0.718795632,0,0,0,0,0
0,-0.7175748238,0,0,0,0,0
0,-0.7163537031,0,0,0,0,0
0,-0.7151322758,0,0,0,0,0
0,-0.7139105478,0,0,0,0,0
0,-0.7126885252,0,0,0,0,0
0,-0.7114662139,0,0,0,0,0
0,-0.7102436199,0,0,0,0,0
0,-0.709020749,0,0,0,0,0
0,-0.7077976072,0,0,0,0,0
0,-0.7065742004,0,0,0,0,0
0,-0.7053505347,0,0,0,0,0
0,-0.7041266159,0,0,0,0,0
0,-0.7029024499,0,0,0,0,0
0,-0.7016780428,0,0,0,0,0
0,-0.7004534004,0,0,0,0,0
0,-0.6992285286,0,0,0,0,0
0,-0.6980034335,0,0,0,0,0
0,-0.6967781209,0,0,0,0,0
0,-0.6955525967,0,0,0,0,0
0,-0.6943268668,0,0,0,0,0
0,-0.6931009372,0,0,0,0,0
0,-0.6918748139,0,0,0,0,0
0,-0.6906485026,0,0,0,0,0
0,-0.6894220093,0,0,0,0,0
0,-0.68819534,0,0,0,0,0
0,-0.6869685005,0,0,0,0,0
0,-0.6857414968,0,0,0,0,0
0,-0.6845143347,0,0,0,0,0
0,-0.6832870201,0,0,0,0,0
0,-0.6820595589,0,0,0,0,0
0,-0.6808319571,0,0,0,0,0
0,-0.6796042205,0,0,0,0,0
0,-0.678376355,0,0,0,0,0
0,-0.6771483665,0,0,0,0,0
0,-0.6759202609,0,0,0,0,0
0,-0.674692044,0,0,0,0,0
0,-0.6734637218,0,0,0,0,0
0,-0.6722353001,0,0,0,0,0
0,-0.6710067847,0,0,0,0,0
0,-0.6697781816,0,0,0,0,0
0,-0.6685494966,0,0,0,0,0
0,-0.6673207355,0,0,0,0,0
0,-0.6660919043,0,0,0,0,0
0,-0.6648630087,0,0,0,0,0
0,-0.6636340547,0,0,0,0,0
0,-0.6624050481,0,0,0,0,0
0,-0.6611759947,0,0,0,0,0
0,-0.6599469004,0,0,0,0,0
0,-0.658717771,0,0,0,0,0
0,-0.6574886123,0,0,0,0,0
0,-0.6562594302,0,0,0,0,0
0,-0.6550302305,0,0,0,0,0
0,-0.6538010191,0,0,0,0,0
0,-0.6525718017,0,0,0,0,0
0,-0.6513425841,0,0,0,0,0
0,-0.6501133723,0,0,0,0,0
0,-0.6488841719,0,0,0,0,0
0,-0.6476549888,0,0,0,0,0
0,-0.6464258289,0,0,0,0,0
0,-0.6451966978,0,0,0,0,0
0,-0.6439676015,0,0,0,0,0
0,-0.6427385456,0,0,0,0,0
0,-0.641509536,0,0,0,0,0
0,-0.6402805784,0,0,0,0,0
0,-0.6390516787,0,0,0,0,0
0,-0.6378228426,0,0,0,0,0
0,-0.6365940759,0,0,0,0,0
0,-0.6353653844,0,0,0,0,0
0,-0.6341367737,0,0,0,0,0
0,-0.6329082498,0,0,0,0,0
0,-0.6316798182,0,0,0,0,0
0,-0.6304514848,0,0,0,0,0
0,-0.6292232554,0,0,0,0,0
0,-0.6279951356,0,0,0,0,0
0,-0.6267671313,0,0,0,0,0
0,-0.625539248,0,0,0,0,0
0,-0.6243114917,0,0,0,0,0
0,-0.6230838679,0,0,0,0,0
0,-0.6218563824,0,0,0,0,0
0,-0.620629041,0,0,0,0,0
0,-0.6194018492,0,0,0,0,0
0,-0.618174813,0,0,0,0,0
0,-0.6169479378,0,0,0,0,0
0,-0.6157212295,0,0,0,0,0
0,-0.6144946937,0,0,0,0,0
0,-0.6132683362,0,0,0,0,0
0,-0.6120421625,0,0,0,0,0
0,-0.6108161784,0,0,0,0,0
0,-0.6095903895,0,0,0,0,0
0,-0.6083648016,0,0,0,0,0
0,-0.6071394202,0,0,0,0,0
0,-0.6059142511,0,0,0,0,0
0,-0.6046892998,0,0,0,0,0
0,-0.6034645721,0,0,0,0,0
0,-0.6022400735,0,0,0,0,0
0,-0.6010158097,0,0,0,0,0
0,-0.5997917864,0,0,0,0,0
0,-0.5985680091,0,0,0,0,0
0,-0.5973444835,0,0,0,0,0
0,-0.5961212153,0,0,0,0,0
0,-0.5948982099,0,0,0,0,0
0,-0.593675473,0,0,0,0,0
0,-0.5924530103,0,0,0,0,0
0,-0.5912308272,0,0,0,0,0
0,-0.5900089294,0,0,0,0,0
0,-0.5887873226,0,0,0,0,0
0,-0.5875660121,0,0,0,0,0
0,-0.5863450037,0,0,0,0,0
0,-0.5851243029,0,0,0,0,0
0,-0.5839039152,0,0,0,0,0
0,-0.5826838463,0,0,0,0,0
0,-0.5814641015,0,0,0,0,0
0,-0.5802446866,0,0,0,0,0
0,-0.579025607,0,0,0,0,0
0,-0.5778068683,0,0,0,0,0
0,-0.5765884759,0,0,0,0,0
0,-0.5753704355,0,0,0,0,0
0,-0.5741527525,0,0,0,0,0
0,-0.5729354324,0,0,0,0,0
0,-0.5717184807,0,0,0,0,0
0,-0.570501903,0,0,0,0,0
0,-0.5692857046,0,0,0,0,0
0,-0.5680698912,0,0,0,0,0
0,-0.5668544681,0,0,0,0,0
0,-0.5656394408,0,0,0,0,0
0,-0.5644248149,0,0,0,0,0
0,-0.5632105957,0,0,0,0,0
0,-0.5619967887,0,0,0,0,0
0,-0.5607833993,0,0,0,0,0
0,-0.5595704331,0,0,0,0,0
0,-0.5583578954,0,0,0,0,0
0,-0.5571457916,0,0,0,0,0
0,-0.5559341272,0,0,0,0,0
0,-0.5547229076,0,0,0,0,0
0,-0.5535121381,0,0,0,0,0
0,-0.5523018242,0,0,0,0,0
0,-0.5510919713,0,0,0,0,0
0,-0.5498825848,0,0,0,0,0
0,-0.54867367,0,0,0,0,0
0,-0.5474652323,0,0,0,0,0
0,-0.5462572771,0,0,0,0,0
0,-0.5450498097,0,0,0,0,0
0,-0.5438428355,0,0,0,0,0
0,-0.5426363598,0,0,0,0,0
0,-0.541430388,0,0,0,0,0
0,-0.5402249254,0,0,0,0,0
0,-0.5390199773,0,0,0,0,0
0,-0.537815549,0,0,0,0,0
0,-0.5366116459,0,0,0,0,0
0,-0.5354082732,0,0,0,0,0
0,-0.5342054362,0,0,0,0,0
0,-0.5330031403,0,0,0,0,0
0,-0.5318013907,0,0,0,0,0
0,-0.5306001927,0,0,0,0,0
0,-0.5293995515,0,0,0,0,0
0,-0.5281994724,0,0,0,0,0
0,-0.5269999606,0,0,0,0,0
0,-0.5258010215,0,0,0,0,0
0,-0.5246026601,0,0,0,0,0
0,-0.5234048819,0,0,0,0,0
0,-0.5222076919,0,0,0,0,0
0,-0.5210110954,0,0,0,0,0
0,-0.5198150976,0,0,0,0,0
0,-0.5186197037,0,0,0,0,0
0,-0.5174249189,0,0,0,0,0
0,-0.5162307484,0,0,0,0,0
0,-0.5150371973,0,0,0,0,0
0,-0.5138442708,0,0,0,0,0
0,-0.5126519741,0,0,0,0,0
0,-0.5114603123,0,0,0,0,0
0,-0.5102692906,0,0,0,0,0
0,-0.5090789141,0,0,0,0,0
0,-0.5078891879,0,0,0,0,0
0,-0.5067001172,0,0,0,0,0
0,-0.505511707,0,0,0,0,0
0,-0.5043239625,0,0,0,0,0
0,-0.5031368887,0,0,0,0,0
0,-0.5019504908,0,0,0,0,0
0,-0.5007647738,0,0,0,0,0
0,-0.4995797428,0,0,0,0,0
0,-0.4983954029,0,0,0,0,0
0,-0.4972117591,0,0,0,0,0
0,-0.4960288165,0,0,0,0,0
0,-0.49484658,0,0,0,0,0
0,-0.4936650548,0,0,0,0,0
0,-0.4924842458,0,0,0,0,0
0,-0.4913041581,0,0,0,0,0
0,-0.4901247967,0,0,0,0,0
0,-0.4889461665,0,0,0,0,0
0,-0.4877682726,0,0,0,0,0
0,-0.4865911199,0,0,0,0,0
0,-0.4854147134,0,0,0,0,0
0,-0.4842390581,0,0,0,0,0
0,-0.4830641589,0,0,0,0,0
0,-0.4818900207,0,0,0,0,0
0,-0.4807166486,0,0,0,0,0
0,-0.4795440474,0,0,0,0,0
0,-0.478372222,0,0,0,0,0
0,-0.4772011773,0,0,0,0,0
0,-0.4760309183,0,0,0,0,0
0,-0.4748614499,0,0,0,0,0
0,-0.4736927769,0,0,0,0,0
0,-0.4725249042,0,0,0,0,0
0,-0.4713578366,0,0,0,0,0
0,-0.4701915791,0,0,0,0,0
0,-0.4690261365,0,0,0,0,0
0,-0.4678615135,0,0,0,0,0
0,-0.4666977151,0,0,0,0,0
0,-0.465534746,0,0,0,0,0
0,-0.4643726111,0,0,0,0,0
0,-0.4632113152,0,0,0,0,0
0,-0.462050863,0,0,0,0,0
0,-0.4608912594,0,0,0,0,0
0,-0.4597325091,0,0,0,0,0
0,-0.4585746169,0,0,0,0,0
0,-0.4574175875,0,0,0,0,0
0,-0.4562614257,0,0,0,0,0
0,-0.4551061362,0,0,0,0,0
0,-0.4539517237,0,0,0,0,0
0,-0.452798193,0,0,0,0,0
0,-0.4516455488,0,0,0,0,0
0,-0.4504937957,0,0,0,0,0
0,-0.4493429385,0,0,0,0,0
0,-0.4481929819,0,0,0,0,0
0,-0.4470439304,0,0,0,0,0
0,-0.4458957888,0,0,0,0,0
0,-0.4447485617,0,0,0,0,0
0,-0.4436022538,0,0,0,0,0
0,-0.4424568696,0,0,0,0,0
0,-0.4413124139,0,0,0,0,0
0,-0.4401688912,0,0,0,0,0
0,-0.4390263061,0,0,0,0,0
0,-0.4378846632,0,0,0,0,0
0,-0.4367439671,0,0,0,0,0
0,-0.4356042224,0,0,0,0,0
0,-0.4344654336,0,0,0,0,0
0,-0.4333276052,0,0,0,0,0
0,-0.4321907419,0,0,0,0,0
0,-0.4310548482,0,0,0,0,0
0,-0.4299199285,0,0,0,0,0
0,-0.4287859874,0,0,0,0,0
0,-0.4276530294,0,0,0,0,0
0,-0.426521059,0,0,0,0,0
0,-0.4253900806,0,0,0,0,0
0,-0.4242600987,0,0,0,0,0
0,-0.4231311179,0,0,0,0,0
0,-0.4220031425,0,0,0,0,0
0,-0.4208761769,0,0,0,0,0
0,-0.4197502257,0,0,0,0,0
0,-0.4186252932,0,0,0,0,0
0,-0.4175013839,0,0,0,0,0
0,-0.4163785021,0,0,0,0,0
0,-0.4152566522,0,0,0,0,0
0,-0.4141358386,0,0,0,0,0
0,-0.4130160657,0,0,0,0,0
0,-0.4118973378,0,0,0,0,0
0,-0.4107796593,0,0,0,0,0
0,-0.4096630345,0,0,0,0,0
0,-0.4085474678,0,0,0,0,0
0,-0.4074329633,0,0,0,0,0
0,-0.4063195256,0,0,0,0,0
0,-0.4052071588,0,0,0,0,0
0,-0.4040958672,0,0,0,0,0
0,-0.4029856551,0,0,0,0,0
0,-0.4018765268,0,0,0,0,0
0,-0.4007684865,0,0,0,0,0
0,-0.3996615384,0,0,0,0,0
0,-0.3985556868,0,0,0,0,0
0,-0.3974509359,0,0,0,0,0
0,-0.39634729,0,0,0,0,0
0,-0.3952447531,0,0,0,0,0
0,-0.3941433295,0,0,0,0,0
0,-0.3930430233,0,0,0,0,0
0,-0.3919438388,0,0,0,0,0
0,-0.39084578,0,0,0,0,0
0,-0.3897488512,0,0,0,0,0
0,-0.3886530564,0,0,0,0,0
0,-0.3875583997,0,0,0,0,0
0,-0.3864648853,0,0,0,0,0
0,-0.3853725173,0,0,0,0,0
0,-0.3842812997,0,0,0,0,0
0,-0.3831912367,0,0,0,0,0
0,-0.3821023322,0,0,0,0,0
0,-0.3810145903,0,0,0,0,0
0,-0.3799280152,0,0,0,0,0
0,-0.3788426107,0,0,0,0,0
0,-0.3777583809,0,0,0,0,0
0,-0.3766753299,0,0,0,0,0
0,-0.3755934616,0,0,0,0,0
0,-0.37451278,0,0,0,0,0
0,-0.373433289,0,0,0,0,0
0,-0.3723549927,0,0,0,0,0
0,-0.371277895,0,0,0,0,0
0,-0.3702019998,0,0,0,0,0
0,-0.369127311,0,0,0,0,0
0,-0.3680538326,0,0,0,0,0
0,-0.3669815684,0,0,0,0,0
0,-0.3659105224,0,0,0,0,0
0,-0.3648406984,0,0,0,0,0
0,-0.3637721004,0,0,0,0,0
0,-0.362704732,0,0,0,0,0
0,-0.3616385973,0,0,0,0,0
0,-0.3605736999,0,0,0,0,0
0,-0.3595100439,0,0,0,0,0
0,-0.3584476328,0,0,0,0,0
0,-0.3573864706,0,0,0,0,0
0,-0.3563265611,0,0,0,0,0
0,-0.3552679079,0,0,0,0,0
0,-0.354210515,0,0,0,0,0
0,-0.3531543859,0,0,0,0,0
0,-0.3520995245,0,0,0,0,0
0,-0.3510459345,0,0,0,0,0
0,-0.3499936195,0,0,0,0,0
0,-0.3489425834,0,0,0,0,0
0,-0.3478928297,0,0,0,0,0
0,-0.3468443622,0,0,0,0,0
0,-0.3457971845,0,0,0,0,0
0,-0.3447513003,0,0,0,0,0
0,-0.3437067132,0,0,0,0,0
0,-0.3426634268,0,0,0,0,0
0,-0.3416214448,0,0,0,0,0
0,-0.3405807708,0,0,0,0,0
0,-0.3395414083,0,0,0,0,0
0,-0.338503361,0,0,0,0,0
0,-0.3374666323,0,0,0,0,0
0,-0.3364312259,0,0,0,0,0
0,-0.3353971453,0,0,0,0,0
0,-0.3343643941,0,0,0,0,0
0,-0.3333329757,0,0,0,0,0
0,-0.3323028936,0,0,0,0,0
0,-0.3312741514,0,0,0,0,0
0,-0.3302467525,0,0,0,0,0
0,-0.3292207004,0,0,0,0,0
0,-0.3281959986,0,0,0,0,0
0,-0.3271726504,0,0,0,0,0
0,-0.3261506594,0,0,0,0,0
0,-0.3251300289,0,0,0,0,0
0,-0.3241107624,0,0,0,0,0
0,-0.3230928632,0,0,0,0,0
0,-0.3220763347,0,0,0,0,0
0,-0.3210611803,0,0,0,0,0
0,-0.3200474034,0,0,0,0,0
0,-0.3190350072,0,0,0,0,0
0,-0.3180239952,0,0,0,0,0
0,-0.3170143706,0,0,0,0,0
0,-0.3160061368,0,0,0,0,0
0,-0.3149992969,0,0,0,0,0
0,-0.3139938544,0,0,0,0,0
0,-0.3129898125,0,0,0,0,0
0,-0.3119871744,0,0,0,0,0
0,-0.3109859433,0,0,0,0,0
0,-0.3099861226,0,0,0,0,0
0,-0.3089877153,0,0,0,0,0
0,-0.3079907248,0,0,0,0,0
0,-0.3069951542,0,0,0,0,0
0,-0.3060010067,0,0,0,0,0
0,-0.3050082854,0,0,0,0,0
0,-0.3040169935,0,0,0,0,0
0,-0.3030271341,0,0,0,0,0
0,-0.3020387104,0,0,0,0,0
0,-0.3010517255,0,0,0,0,0
0,-0.3000661824,0,0,0,0,0
0,-0.2990820843,0,0,0,0,0
0,-0.2980994342,0,0,0,0,0
0,-0.2971182352,0,0,0,0,0
0,-0.2961384903,0,0,0,0,0
0,-0.2951602025,0,0,0,0,0
0,-0.294183375,0,0,0,0,0
0,-0.2932080106,0,0,0,0,0
0,-0.2922341124,0,0,0,0,0
0,-0.2912616834,0,0,0,0,0
0,-0.2902907264,0,0,0,0,0
0,-0.2893212446,0,0,0,0,0
0,-0.2883532408,0,0,0,0,0
0,-0.2873867179,0,0,0,0,0
0,-0.2864216789,0,0,0,0,0
0,-0.2854581267,0,0,0,0,0
0,-0.2844960641,0,0,0,0,0
0,-0.2835354941,0,0,0,0,0
0,-0.2825764194,0,0,0,0,0
0,-0.2816188429,0,0,0,0,0
0,-0.2806627675,0,0,0,0,0
0,-0.279708196,0,0,0,0,0
0,-0.2787551312,0,0,0,0,0
0,-0.2778035759,0,0,0,0,0
0,-0.2768535328,0,0,0,0,0
0,-0.2759050048,0,0,0,0,0
0,-0.2749579945,0,0,0,0,0
0,-0.2740125048,0,0,0,0,0
0,-0.2730685383,0,0,0,0,0
0,-0.2721260978,0,0,0,0,0
0,-0.2711851859,0,0,0,0,0
0,-0.2702458054,0,0,0,0,0
0,-0.2693079589,0,0,0,0,0
0,-0.2683716491,0,0,0,0,0
0,-0.2674368786,0,0,0,0,0
0,-0.2665036501,0,0,0,0,0
0,-0.2655719661,0,0,0,0,0
0,-0.2646418293,0,0,0,0,0
0,-0.2637132422,0,0,0,0,0
0,-0.2627862075,0,0,0,0,0
0,-0.2618607277,0,0,0,0,0
0,-0.2609368053,0,0,0,0,0
0,-0.260014443,0,0,0,0,0
0,-0.2590936431,0,0,0,0,0
0,-0.2581744082,0,0,0,0,0
0,-0.2572567408,0,0,0,0,0
0,-0.2563406435,0,0,0,0,0
0,-0.2554261185,0,0,0,0,0
0,-0.2545131685,0,0,0,0,0
0,-0.2536017958,0,0,0,0,0
0,-0.2526920029,0,0,0,0,0
0,-0.2517837922,0,0,0,0,0
0,-0.250877166,0,0,0,0,0
0,-0.2499721268,0,0,0,0,0
0,-0.2490686769,0,0,0,0,0
0,-0.2481668187,0,0,0,0,0
0,-0.2472665545,0,0,0,0,0
0,-0.2463678866,0,0,0,0,0
0,-0.2454708174,0,0,0,0,0
0,-0.2445753492,0,0,0,0,0
0,-0.2436814842,0,0,0,0,0
0,-0.2427892248,0,0,0,0,0
0,-0.2418985731,0,0,0,0,0
0,-0.2410095314,0,0,0,0,0
0,-0.2401221019,0,0,0,0,0
0,-0.2392362869,0,0,0,0,0
0,-0.2383520886,0,0,0,0,0
0,-0.2374695091,0,0,0,0,0
0,-0.2365885507,0,0,0,0,0
0,-0.2357092154,0,0,0,0,0
0,-0.2348315054,0,0,0,0,0
0,-0.2339554229,0,0,0,0,0
0,-0.23308097,0,0,0,0,0
0,-0.2322081487,0,0,0,0,0
0,-0.2313369611,0,0,0,0,0
0,-0.2304674095,0,0,0,0,0
0,-0.2295994956,0,0,0,0,0
0,-0.2287332218,0,0,0,0,0
0,-0.2278685899,0,0,0,0,0
0,-0.2270056019,0,0,0,0,0
0,-0.22614426,0,0,0,0,0
0,-0.225284566,0,0,0,0,0
0,-0.224426522,0,0,0,0,0
0,-0.2235701299,0,0,0,0,0
0,-0.2227153917,0,0,0,0,0
0,-0.2218623092,0,0,0,0,0
0,-0.2210108844,0,0,0,0,0
0,-0.2201611192,0,0,0,0,0
0,-0.2193130155,0,0,0,0,0
0,-0.2184665752,0,0,0,0,0
0,-0.2176218001,0,0,0,0,0
0,-0.2167786921,0,0,0,0,0
0,-0.2159372529,0,0,0,0,0
0,-0.2150974845,0,0,0,0,0
0,-0.2142593886,0,0,0,0,0
0,-0.213422967,0,0,0,0,0
0,-0.2125882215,0,0,0,0,0
0,-0.2117551538,0,0,0,0,0
0,-0.2109237657,0,0,0,0,0
0,-0.210094059,0,0,0,0,0
0,-0.2092660352,0,0,0,0,0
0,-0.2084396962,0,0,0,0,0
0,-0.2076150436,0,0,0,0,0
0,-0.206792079,0,0,0,0,0
0,-0.2059708042,0,0,0,0,0
0,-0.2051512208,0,0,0,0,0
0,-0.2043333305,0,0,0,0,0
0,-0.2035171347,0,0,0,0,0
0,-0.2027026352,0,0,0,0,0
0,-0.2018898335,0,0,0,0,0
0,-0.2010787312,0,0,0,0,0
0,-0.2002693298,0,0,0,0,0
0,-0.1994616309,0,0,0,0,0
0,-0.198655636,0,0,0,0,0
0,-0.1978513467,0,0,0,0,0
0,-0.1970487643,0,0,0,0,0
0,-0.1962478905,0,0,0,0,0
0,-0.1954487266,0,0,0,0,0
0,-0.1946512742,0,0,0,0,0
0,-0.1938555346,0,0,0,0,0
0,-0.1930615094,0,0,0,0,0
0,-0.1922691998,0,0,0,0,0
0,-0.1914786073,0,0,0,0,0
0,-0.1906897333,0,0,0,0,0
0,-0.1899025792,0,0,0,0,0
0,-0.1891171462,0,0,0,0,0
0,-0.1883334358,0,0,0,0,0
0,-0.1875514493,0,0,0,0,0
0,-0.1867711879,0,0,0,0,0
0,-0.1859926529,0,0,0,0,0
0,-0.1852158458,0,0,0,0,0
0,-0.1844407676,0,0,0,0,0
0,-0.1836674196,0,0,0,0,0
0,-0.1828958032,0,0,0,0,0
0,-0.1821259194,0,0,0,0,0
0,-0.1813577696,0,0,0,0,0
0,-0.1805913549,0,0,0,0,0
0,-0.1798266764,0,0,0,0,0
0,-0.1790637354,0,0,0,0,0
0,-0.178302533,0,0,0,0,0
0,-0.1775430702,0,0,0,0,0
0,-0.1767853484,0,0,0,0,0
0,-0.1760293684,0,0,0,0,0
0,-0.1752751315,0,0,0,0,0
0,-0.1745226387,0,0,0,0,0
0,-0.173771891,0,0,0,0,0
0,-0.1730228896,0,0,0,0,0
0,-0.1722756353,0,0,0,0,0
0,-0.1715301293,0,0,0,0,0
0,-0.1707863726,0,0,0,0,0
0,-0.1700443661,0,0,0,0,0
0,-0.1693041107,0,0,0,0,0
0,-0.1685656075,0,0,0,0,0
0,-0.1678288574,0,0,0,0,0
0,-0.1670938614,0,0,0,0,0
0,-0.1663606202,0,0,0,0,0
0,-0.1656291349,0,0,0,0,0
0,-0.1648994063,0,0,0,0,0
0,-0.1641714352,0,0,0,0,0
0,-0.1634452226,0,0,0,0,0
0,-0.1627207692,0,0,0,0,0
0,-0.1619980759,0,0,0,0,0
0,-0.1612771435,0,0,0,0,0
0,-0.1605579728,0,0,0,0,0
0,-0.1598405645,0,0,0,0,0
0,-0.1591249194,0,0,0,0,0
0,-0.1584110383,0,0,0,0,0
0,-0.1576989219,0,0,0,0,0
0,-0.156988571,0,0,0,0,0
0,-0.1562799861,0,0,0,0,0
0,-0.1555731681,0,0,0,0,0
0,-0.1548681176,0,0,0,0,0
0,-0.1541648352,0,0,0,0,0
0,-0.1534633215,0,0,0,0,0
0,-0.1527635773,0,0,0,0,0
0,-0.1520656032,0,0,0,0,0
0,-0.1513693997,0,0,0,0,0
0,-0.1506749673,0,0,0,0,0
0,-0.1499823068,0,0,0,0,0
0,-0.1492914186,0,0,0,0,0
0,-0.1486023033,0,0,0,0,0
0,-0.1479149615,0,0,0,0,0
0,-0.1472293935,0,0,0,0,0
0,-0.1465456,0,0,0,0,0
0,-0.1458635813,0,0,0,0,0
0,-0.145183338,0,0,0,0,0
0,-0.1445048706,0,0,0,0,0
0,-0.1438281794,0,0,0,0,0
0,-0.1431532648,0,0,0,0,0
0,-0.1424801274,0,0,0,0,0
0,-0.1418087674,0,0,0,0,0
0,-0.1411391853,0,0,0,0,0
0,-0.1404713814,0,0,0,0,0
0,-0.1398053561,0,0,0,0,0
0,-0.1391411096,0,0,0,0,0
0,-0.1384786424,0,0,0,0,0
0,-0.1378179547,0,0,0,0,0
0,-0.1371590468,0,0,0,0,0
0,-0.136501919,0,0,0,0,0
0,-0.1358465715,0,0,0,0,0
0,-0.1351930046,0,0,0,0,0
0,-0.1345412186,0,0,0,0,0
0,-0.1338912136,0,0,0,0,0
0,-0.1332429898,0,0,0,0,0
0,-0.1325965474,0,0,0,0,0
0,-0.1319518866,0,0,0,0,0
0,-0.1313090075,0,0,0,0,0
0,-0.1306679103,0,0,0,0,0
0,-0.1300285952,0,0,0,0,0
0,-0.1293910621,0,0,0,0,0
0,-0.1287553113,0,0,0,0,0
0,-0.1281213428,0,0,0,0,0
0,-0.1274891566,0,0,0,0,0
0,-0.1268587529,0,0,0,0,0
0,-0.1262301316,0,0,0,0,0
0,-0.1256032928,0,0,0,0,0
0,-0.1249782365,0,0,0,0,0
0,-0.1243549626,0,0,0,0,0
0,-0.1237334712,0,0,0,0,0
0,-0.1231137623,0,0,0,0,0
0,-0.1224958357,0,0,0,0,0
0,-0.1218796914,0,0,0,0,0
0,-0.1212653293,0,0,0,0,0
0,-0.1206527494,0,0,0,0,0
0,-0.1200419515,0,0,0,0,0
0,-0.1194329354,0,0,0,0,0
0,-0.1188257011,0,0,0,0,0
0,-0.1182202485,0,0,0,0,0
0,-0.1176165772,0,0,0,0,0
0,-0.1170146872,0,0,0,0,0
0,-0.1164145783,0,0,0,0,0
0,-0.1158162502,0,0,0,0,0
0,-0.1152197026,0,0,0,0,0
0,-0.1146249355,0,0,0,0,0
0,-0.1140319485,0,0,0,0,0
0,-0.1134407413,0,0,0,0,0
0,-0.1128513136,0,0,0,0,0
0,-0.1122636652,0,0,0,0,0
0,-0.1116777957,0,0,0,0,0
0,-0.1110937049,0,0,0,0,0
0,-0.1105113923,0,0,0,0,0
0,-0.1099308576,0,0,0,0,0
0,-0.1093521004,0,0,0,0,0
0,-0.1087751203,0,0,0,0,0
0,-0.108199917,0,0,0,0,0
0,-0.10762649,0,0,0,0,0
0,-0.1070548388,0,0,0,0,0
0,-0.1064849631,0,0,0,0,0
0,-0.1059168624,0,0,0,0,0
0,-0.1053505361,0,0,0,0,0
0,-0.1047859839,0,0,0,0,0
0,-0.1042232051,0,0,0,0,0
0,-0.1036621994,0,0,0,0,0
0,-0.103102966,0,0,0,0,0
0,-0.1025455046,0,0,0,0,0
0,-0.1019898145,0,0,0,0,0
0,-0.1014358951,0,0,0,0,0
0,-0.1008837459,0,0,0,0,0
0,-0.1003333662,0,0,0,0,0
0,-0.0997847555,0,0,0,0,0
0,-0.09923791304,0,0,0,0,0
0,-0.09869283822,0,0,0,0,0
0,-0.09814953037,0,0,0,0,0
0,-0.09760798882,0,0,0,0,0
0,-0.09706821286,0,0,0,0,0
0,-0.09653020178,0,0,0,0,0
0,-0.09599395487,0,0,0,0,0
0,-0.09545947138,0,0,0,0,0
0,-0.09492675057,0,0,0,0,0
0,-0.09439579166,0,0,0,0,0
0,-0.09386659388,0,0,0,0,0
0,-0.09333915642,0,0,0,0,0
0,-0.09281347849,0,0,0,0,0
0,-0.09228955924,0,0,0,0,0
0,-0.09176739785,0,0,0,0,0
0,-0.09124699346,0,0,0,0,0
0,-0.09072834521,0,0,0,0,0
0,-0.09021145221,0,0,0,0,0
0,-0.08969631356,0,0,0,0,0
0,-0.08918292835,0,0,0,0,0
0,-0.08867129567,0,0,0,0,0
0,-0.08816141456,0,0,0,0,0
0,-0.08765328409,0,0,0,0,0
0,-0.08714690326,0,0,0,0,0
0,-0.08664227112,0,0,0,0,0
0,-0.08613938665,0,0,0,0,0
0,-0.08563824885,0,0,0,0,0
0,-0.0851388567,0,0,0,0,0
0,-0.08464120915,0,0,0,0,0
0,-0.08414530515,0,0,0,0,0
0,-0.08365114363,0,0,0,0,0
0,-0.08315872351,0,0,0,0,0
0,-0.08266804369,0,0,0,0,0
0,-0.08217910307,0,0,0,0,0
0,-0.08169190052,0,0,0,0,0
0,-0.0812064349,0,0,0,0,0
0,-0.08072270506,0,0,0,0,0
0,-0.08024070982,0,0,0,0,0
0,-0.07976044802,0,0,0,0,0
0,-0.07928191845,0,0,0,0,0
0,-0.0788051199,0,0,0,0,0
0,-0.07833005116,0,0,0,0,0
0,-0.07785671097,0,0,0,0,0
0,-0.0773850981,0,0,0,0,0
0,-0.07691521128,0,0,0,0,0
0,-0.07644704922,0,0,0,0,0
0,-0.07598061064,0,0,0,0,0
0,-0.07551589422,0,0,0,0,0
0,-0.07505289864,0,0,0,0,0
0,-0.07459162257,0,0,0,0,0
0,-0.07413206466,0,0,0,0,0
0,-0.07367422354,0,0,0,0,0
0,-0.07321809784,0,0,0,0,0
0,-0.07276368616,0,0,0,0,0
0,-0.0723109871,0,0,0,0,0
0,-0.07185999924,0,0,0,0,0
0,-0.07141072114,0,0,0,0,0
0,-0.07096315137,0,0,0,0,0
0,-0.07051728845,0,0,0,0,0
0,-0.07007313091,0,0,0,0,0
0,-0.06963067727,0,0,0,0,0
0,-0.06918992602,0,0,0,0,0
0,-0.06875087564,0,0,0,0,0
0,-0.06831352461,0,0,0,0,0
0,-0.06787787138,0,0,0,0,0
0,-0.06744391439,0,0,0,0,0
0,-0.06701165207,0,0,0,0,0
0,-0.06658108284,0,0,0,0,0
0,-0.0661522051,0,0,0,0,0
0,-0.06572501722,0,0,0,0,0
0,-0.0652995176,0,0,0,0,0
0,-0.06487570458,0,0,0,0,0
0,-0.06445357652,0,0,0,0,0
0,-0.06403313174,0,0,0,0,0
0,-0.06361436857,0,0,0,0,0
0,-0.06319728531,0,0,0,0,0
0,-0.06278188025,0,0,0,0,0
0,-0.06236815167,0,0,0,0,0
0,-0.06195609783,0,0,0,0,0
0,-0.061545717,0,0,0,0,0
0,-0.06113700739,0,0,0,0,0
0,-0.06072996724,0,0,0,0,0
0,-0.06032459476,0,0,0,0,0
0,-0.05992088814,0,0,0,0,0
0,-0.05951884557,0,0,0,0,0
0,-0.05911846522,0,0,0,0,0
0,-0.05871974525,0,0,0,0,0
0,-0.05832268379,0,0,0,0,0
0,-0.05792727897,0,0,0,0,0
0,-0.05753352893,0,0,0,0,0
0,-0.05714143175,0,0,0,0,0
0,-0.05675098552,0,0,0,0,0
0,-0.05636218833,0,0,0,0,0
0,-0.05597503823,0,0,0,0,0
0,-0.05558953328,0,0,0,0,0
0,-0.05520567151,0,0,0,0,0
0,-0.05482345094,0,0,0,0,0
0,-0.05444286959,0,0,0,0,0
0,-0.05406392545,0,0,0,0,0
0,-0.05368661651,0,0,0,0,0
0,-0.05331094073,0,0,0,0,0
0,-0.05293689607,0,0,0,0,0
0,-0.05256448048,0,0,0,0,0
0,-0.05219369188,0,0,0,0,0
0,-0.0518245282,0,0,0,0,0
0,-0.05145698733,0,0,0,0,0
0,-0.05109106718,0,0,0,0,0
0,-0.05072676561,0,0,0,0,0
0,-0.0503640805,0,0,0,0,0
0,-0.05000300969,0,0,0,0,0
0,-0.04964355103,0,0,0,0,0
0,-0.04928570234,0,0,0,0,0
0,-0.04892946143,0,0,0,0,0
0,-0.04857482611,0,0,0,0,0
0,-0.04822179416,0,0,0,0,0
0,-0.04787036335,0,0,0,0,0
0,-0.04752053146,0,0,0,0,0
0,-0.04717229622,0,0,0,0,0
0,-0.04682565538,0,0,0,0,0
0,-0.04648060665,0,0,0,0,0
0,-0.04613714774,0,0,0,0,0
0,-0.04579527636,0,0,0,0,0
0,-0.04545499019,0,0,0,0,0
0,-0.0451162869,0,0,0,0,0
0,-0.04477916415,0,0,0,0,0
0,-0.04444361958,0,0,0,0,0
0,-0.04410965083,0,0,0,0,0
0,-0.04377725553,0,0,0,0,0
0,-0.04344643127,0,0,0,0,0
0,-0.04311717565,0,0,0,0,0
0,-0.04278948627,0,0,0,0,0
0,-0.04246336068,0,0,0,0,0
0,-0.04213879644,0,0,0,0,0
0,-0.04181579111,0,0,0,0,0
0,-0.04149434222,0,0,0,0,0
0,-0.04117444727,0,0,0,0,0
0,-0.0408561038,0,0,0,0,0
0,-0.04053930927,0,0,0,0,0
0,-0.04022406119,0,0,0,0,0
0,-0.03991035703,0,0,0,0,0
0,-0.03959819423,0,0,0,0,0
0,-0.03928757025,0,0,0,0,0
0,-0.03897848251,0,0,0,0,0
0,-0.03867092845,0,0,0,0,0
0,-0.03836490547,0,0,0,0,0
0,-0.03806041096,0,0,0,0,0
0,-0.03775744231,0,0,0,0,0
0,-0.0374559969,0,0,0,0,0
0,-0.03715607207,0,0,0,0,0
0,-0.03685766519,0,0,0,0,0
0,-0.03656077358,0,0,0,0,0
0,-0.03626539457,0,0,0,0,0
0,-0.03597152546,0,0,0,0,0
0,-0.03567916357,0,0,0,0,0
0,-0.03538830617,0,0,0,0,0
0,-0.03509895054,0,0,0,0,0
0,-0.03481109394,0,0,0,0,0
0,-0.03452473363,0,0,0,0,0
0,-0.03423986683,0,0,0,0,0
0,-0.03395649079,0,0,0,0,0
0,-0.03367460271,0,0,0,0,0
0,-0.0333941998,0,0,0,0,0
0,-0.03311527925,0,0,0,0,0
0,-0.03283783823,0,0,0,0,0
0,-0.03256187392,0,0,0,0,0
0,-0.03228738347,0,0,0,0,0
0,-0.03201436402,0,0,0,0,0
0,-0.03174281271,0,0,0,0,0
0,-0.03147272665,0,0,0,0,0
0,-0.03120410296,0,0,0,0,0
0,-0.03093693873,0,0,0,0,0
0,-0.03067123104,0,0,0,0,0
0,-0.03040697698,0,0,0,0,0
0,-0.03014417359,0,0,0,0,0
0,-0.02988281794,0,0,0,0,0
0,-0.02962290706,0,0,0,0,0
0,-0.02936443797,0,0,0,0,0
0,-0.0291074077,0,0,0,0,0
0,-0.02885181324,0,0,0,0,0
0,-0.02859765159,0,0,0,0,0
0,-0.02834491973,0,0,0,0,0
0,-0.02809361464,0,0,0,0,0
0,-0.02784373325,0,0,0,0,0
0,-0.02759527254,0,0,0,0,0
0,-0.02734822942,0,0,0,0,0
0,-0.02710260083,0,0,0,0,0
0,-0.02685838367,0,0,0,0,0
0,-0.02661557485,0,0,0,0,0
0,-0.02637417126,0,0,0,0,0
0,-0.02613416978,0,0,0,0,0
0,-0.02589556727,0,0,0,0,0
0,-0.0256583606,0,0,0,0,0
0,-0.0254225466,0,0,0,0,0
0,-0.02518812211,0,0,0,0,0
0,-0.02495508396,0,0,0,0,0
0,-0.02472342896,0,0,0,0,0
0,-0.0244931539,0,0,0,0,0
0,-0.02426425559,0,0,0,0,0
0,-0.02403673079,0,0,0,0,0
0,-0.02381057627,0,0,0,0,0
0,-0.0235857888,0,0,0,0,0
0,-0.02336236512,0,0,0,0,0
0,-0.02314030197,0,0,0,0,0
0,-0.02291959606,0,0,0,0,0
0,-0.02270024411,0,0,0,0,0
0,-0.02248224284,0,0,0,0,0
0,-0.02226558892,0,0,0,0,0
0,-0.02205027903,0,0,0,0,0
0,-0.02183630986,0,0,0,0,0
0,-0.02162367806,0,0,0,0,0
0,-0.02141238028,0,0,0,0,0
0,-0.02120241316,0,0,0,0,0
0,-0.02099377332,0,0,0,0,0
0,-0.02078645739,0,0,0,0,0
0,-0.02058046197,0,0,0,0,0
0,-0.02037578365,0,0,0,0,0
0,-0.02017241903,0,0,0,0,0
0,-0.01997036468,0,0,0,0,0
0,-0.01976961715,0,0,0,0,0
0,-0.01957017302,0,0,0,0,0
0,-0.01937202882,0,0,0,0,0
0,-0.01917518108,0,0,0,0,0
0,-0.01897962634,0,0,0,0,0
0,-0.01878536109,0,0,0,0,0
0,-0.01859238186,0,0,0,0,0
0,-0.01840068512,0,0,0,0,0
0,-0.01821026736,0,0,0,0,0
0,-0.01802112505,0,0,0,0,0
0,-0.01783325466,0,0,0,0,0
0,-0.01764665263,0,0,0,0,0
0,-0.01746131541,0,0,0,0,0
0,-0.01727723943,0,0,0,0,0
0,-0.01709442112,0,0,0,0,0
0,-0.01691285688,0,0,0,0,0
0,-0.01673254311,0,0,0,0,0
0,-0.01655347621,0,0,0,0,0
0,-0.01637565256,0,0,0,0,0
0,-0.01619906853,0,0,0,0,0
0,-0.01602372049,0,0,0,0,0
0,-0.01584960478,0,0,0,0,0
0,-0.01567671775,0,0,0,0,0
0,-0.01550505573,0,0,0,0,0
0,-0.01533461504,0,0,0,0,0
0,-0.015165392,0,0,0,0,0
0,-0.01499738291,0,0,0,0,0
0,-0.01483058406,0,0,0,0,0
0,-0.01466499174,0,0,0,0,0
0,-0.01450060223,0,0,0,0,0
0,-0.01433741178,0,0,0,0,0
0,-0.01417541665,0,0,0,0,0
0,-0.0140146131,0,0,0,0,0
0,-0.01385499735,0,0,0,0,0
0,-0.01369656564,0,0,0,0,0
0,-0.01353931417,0,0,0,0,0
0,-0.01338323917,0,0,0,0,0
0,-0.01322833682,0,0,0,0,0
0,-0.01307460333,0,0,0,0,0
0,-0.01292203486,0,0,0,0,0
0,-0.01277062759,0,0,0,0,0
0,-0.01262037768,0,0,0,0,0
0,-0.01247128128,0,0,0,0,0
0,-0.01232333454,0,0,0,0,0
0,-0.0121765336,0,0,0,0,0
0,-0.01203087457,0,0,0,0,0
0,-0.01188635357,0,0,0,0,0
0,-0.01174296671,0,0,0,0,0
0,-0.0116007101,0,0,0,0,0
0,-0.01145957981,0,0,0,0,0
0,-0.01131957192,0,0,0,0,0
0,-0.01118068252,0,0,0,0,0
0,-0.01104290766,0,0,0,0,0
0,-0.01090624339,0,0,0,0,0
0,-0.01077068576,0,0,0,0,0
0,-0.01063623081,0,0,0,0,0
0,-0.01050287456,0,0,0,0,0
0,-0.01037061304,0,0,0,0,0
0,-0.01023944224,0,0,0,0,0
0,-0.01010935818,0,0,0,0,0
0,-0.009980356839,0,0,0,0,0
0,-0.009852434209,0,0,0,0,0
0,-0.009725586262,0,0,0,0,0
0,-0.009599808967,0,0,0,0,0
0,-0.009475098281,0,0,0,0,0
0,-0.009351450154,0,0,0,0,0
0,-0.009228860527,0,0,0,0,0
0,-0.009107325334,0,0,0,0,0
0,-0.008986840499,0,0,0,0,0
0,-0.008867401938,0,0,0,0,0
0,-0.00874900556,0,0,0,0,0
0,-0.008631647264,0,0,0,0,0
0,-0.008515322942,0,0,0,0,0
0,-0.008400028476,0,0,0,0,0
0,-0.008285759743,0,0,0,0,0
0,-0.008172512609,0,0,0,0,0
0,-0.008060282933,0,0,0,0,0
0,-0.007949066566,0,0,0,0,0
0,-0.00783885935,0,0,0,0,0
0,-0.007729657121,0,0,0,0,0
0,-0.007621455705,0,0,0,0,0
0,-0.007514250922,0,0,0,0,0
0,-0.007408038582,0,0,0,0,0
0,-0.007302814488,0,0,0,0,0
0,-0.007198574436,0,0,0,0,0
0,-0.007095314213,0,0,0,0,0
0,-0.006993029599,0,0,0,0,0
0,-0.006891716366,0,0,0,0,0
0,-0.006791370277,0,0,0,0,0
0,-0.006691987091,0,0,0,0,0
0,-0.006593562556,0,0,0,0,0
0,-0.006496092412,0,0,0,0,0
0,-0.006399572395,0,0,0,0,0
0,-0.00630399823,0,0,0,0,0
0,-0.006209365636,0,0,0,0,0
0,-0.006115670325,0,0,0,0,0
0,-0.006022908,0,0,0,0,0
0,-0.005931074358,0,0,0,0,0
0,-0.005840165088,0,0,0,0,0
0,-0.005750175872,0,0,0,0,0
0,-0.005661102385,0,0,0,0,0
0,-0.005572940294,0,0,0,0,0
0,-0.005485685259,0,0,0,0,0
0,-0.005399332933,0,0,0,0,0
0,-0.005313878961,0,0,0,0,0
0,-0.005229318983,0,0,0,0,0
0,-0.00514564863,0,0,0,0,0
0,-0.005062863526,0,0,0,0,0
0,-0.004980959289,0,0,0,0,0
0,-0.00489993153,0,0,0,0,0
0,-0.004819775852,0,0,0,0,0
0,-0.004740487852,0,0,0,0,0
0,-0.004662063119,0,0,0,0,0
0,-0.004584497237,0,0,0,0,0
0,-0.004507785782,0,0,0,0,0
0,-0.004431924324,0,0,0,0,0
0,-0.004356908424,0,0,0,0,0
0,-0.004282733639,0,0,0,0,0
0,-0.004209395519,0,0,0,0,0
0,-0.004136889606,0,0,0,0,0
0,-0.004065211436,0,0,0,0,0
0,-0.00399435654,0,0,0,0,0
0,-0.003924320439,0,0,0,0,0
0,-0.003855098651,0,0,0,0,0
0,-0.003786686685,0,0,0,0,0
0,-0.003719080047,0,0,0,0,0
0,-0.003652274232,0,0,0,0,0
0,-0.003586264732,0,0,0,0,0
0,-0.003521047032,0,0,0,0,0
0,-0.00345661661,0,0,0,0,0
0,-0.003392968938,0,0,0,0,0
0,-0.003330099483,0,0,0,0,0
0,-0.003268003705,0,0,0,0,0
0,-0.003206677057,0,0,0,0,0
0,-0.003146114987,0,0,0,0,0
0,-0.003086312936,0,0,0,0,0
0,-0.003027266341,0,0,0,0,0
0,-0.002968970631,0,0,0,0,0
0,-0.00291142123,0,0,0,0,0
0,-0.002854613555,0,0,0,0,0
0,-0.002798543019,0,0,0,0,0
0,-0.002743205027,0,0,0,0,0
0,-0.00268859498,0,0,0,0,0
0,-0.002634708273,0,0,0,0,0
0,-0.002581540295,0,0,0,0,0
0,-0.002529086428,0,0,0,0,0
0,-0.002477342051,0,0,0,0,0
0,-0.002426302535,0,0,0,0,0
0,-0.002375963246,0,0,0,0,0
0,-0.002326319546,0,0,0,0,0
0,-0.00227736679,0,0,0,0,0
0,-0.002229100327,0,0,0,0,0
0,-0.002181515502,0,0,0,0,0
0,-0.002134607655,0,0,0,0,0
0,-0.002088372118,0,0,0,0,0
0,-0.002042804221,0,0,0,0,0
0,-0.001997899286,0,0,0,0,0
0,-0.001953652632,0,0,0,0,0
0,-0.00191005957,0,0,0,0,0
0,-0.001867115409,0,0,0,0,0
0,-0.001824815451,0,0,0,0,0
0,-0.001783154992,0,0,0,0,0
0,-0.001742129327,0,0,0,0,0
0,-0.001701733741,0,0,0,0,0
0,-0.001661963517,0,0,0,0,0
0,-0.001622813932,0,0,0,0,0
0,-0.001584280259,0,0,0,0,0
0,-0.001546357765,0,0,0,0,0
0,-0.001509041713,0,0,0,0,0
0,-0.00147232736,0,0,0,0,0
0,-0.001436209961,0,0,0,0,0
0,-0.001400684763,0,0,0,0,0
0,-0.001365747011,0,0,0,0,0
0,-0.001331391943,0,0,0,0,0
0,-0.001297614793,0,0,0,0,0
0,-0.001264410793,0,0,0,0,0
0,-0.001231775167,0,0,0,0,0
0,-0.001199703136,0,0,0,0,0
0,-0.001168189917,0,0,0,0,0
0,-0.001137230722,0,0,0,0,0
0,-0.001106820758,0,0,0,0,0
0,-0.00107695523,0,0,0,0,0
0,-0.001047629335,0,0,0,0,0
0,-0.00101883827,0,0,0,0,0
0,-0.0009905772234,0,0,0,0,0
0,-0.0009628413831,0,0,0,0,0
0,-0.000935625931,0,0,0,0,0
0,-0.0009089260452,0,0,0,0,0
0,-0.0008827368997,0,0,0,0,0
0,-0.0008570536647,0,0,0,0,0
0,-0.0008318715062,0,0,0,0,0
0,-0.0008071855863,0,0,0,0,0
0,-0.0007829910631,0,0,0,0,0
0,-0.000759283091,0,0,0,0,0
0,-0.0007360568205,0,0,0,0,0
0,-0.0007133073982,0,0,0,0,0
0,-0.0006910299669,0,0,0,0,0
0,-0.000669219666,0,0,0,0,0
0,-0.0006478716307,0,0,0,0,0
0,-0.0006269809931,0,0,0,0,0
0,-0.0006065428813,0,0,0,0,0
0,-0.0005865524199,0,0,0,0,0
0,-0.0005670047301,0,0,0,0,0
0,-0.0005478949295,0,0,0,0,0
0,-0.0005292181323,0,0,0,0,0
0,-0.0005109694492,0,0,0,0,0
0,-0.0004931439876,0,0,0,0,0
0,-0.0004757368515,0,0,0,0,0
0,-0.0004587431417,0,0,0,0,0
0,-0.0004421579556,0,0,0,0,0
0,-0.0004259763874,0,0,0,0,0
0,-0.0004101935282,0,0,0,0,0
0,-0.000394804466,0,0,0,0,0
0,-0.0003798042855,0,0,0,0,0
0,-0.0003651880685,0,0,0,0,0
0,-0.0003509508936,0,0,0,0,0
0,-0.0003370878367,0,0,0,0,0
0,-0.0003235939703,0,0,0,0,0
0,-0.0003104643645,0,0,0,0,0
0,-0.0002976940862,0,0,0,0,0
0,-0.0002852781994,0,0,0,0,0
0,-0.0002732117656,0,0,0,0,0
0,-0.0002614898434,0,0,0,0,0
0,-0.0002501074885,0,0,0,0,0
0,-0.0002390597543,0,0,0,0,0
0,-0.0002283416912,0,0,0,0,0
0,-0.0002179483472,0,0,0,0,0
0,-0.0002078747676,0,0,0,0,0
0,-0.0001981159955,0,0,0,0,0
0,-0.000188667071,0,0,0,0,0
0,-0.0001795230322,0,0,0,0,0
0,-0.0001706789146,0,0,0,0,0
0,-0.0001621297513,0,0,0,0,0
0,-0.0001538705733,0,0,0,0,0
0,-0.0001458964089,0,0,0,0,0
0,-0.0001382022846,0,0,0,0,0
0,-0.0001307832245,0,0,0,0,0
0,-0.0001236342504,0,0,0,0,0
0,-0.0001167503822,0,0,0,0,0
0,-0.0001101266375,0,0,0,0,0
0,-0.000103758032,0,0,0,0,0
0,-9.763957933e-05,0,0,0,0,0
0,-9.176629118e-05,0,0,0,0,0
0,-8.613317726e-05,0,0,0,0,0
0,-8.073524541e-05,0,0,0,0,0
0,-7.55675016e-05,0,0,0,0,0
0,-7.062495001e-05,0,0,0,0,0
0,-6.590259301e-05,0,0,0,0,0
0,-6.139543127e-05,0,0,0,0,0
0,-5.709846374e-05,0,0,0,0,0
0,-5.300668771e-05,0,0,0,0,0
0,-4.911509886e-05,0,0,0,0,0
0,-4.541869129e-05,0,0,0,0,0
0,-4.191245757e-05,0,0,0,0,0
0,-3.859138875e-05,0,0,0,0,0
0,-3.545047443e-05,0,0,0,0,0
0,-3.24847028e-05,0,0,0,0,0
0,-2.968906065e-05,0,0,0,0,0
0,-2.705853343e-05,0,0,0,0,0
0,-2.45881053e-05,0,0,0,0,0
0,-2.227275916e-05,0,0,0,0,0
0,-2.010747667e-05,0,0,0,0,0
0,-1.808723832e-05,0,0,0,0,0
0,-1.620702344e-05,0,0,0,0,0
0,-1.446181028e-05,0,0,0,0,0
0,-1.2846576e-05,0,0,0,0,0
0,-1.135629676e-05,0,0,0,0,0
0,-9.985947719e-06,0,0,0,0,0
0,-8.730503087e-06,0,0,0,0,0
0,-7.584936178e-06,0,0,0,0,0
0,-6.544219435e-06,0,0,0,0,0
0,-5.603324474e-06,0,0,0,0,0
0,-4.757222126e-06,0,0,0,0,0
0,-4.000882472e-06,0,0,0,0,0
0,-3.329274887e-06,0,0,0,0,0
0,-2.737368076e-06,0,0,0,0,0
0,-2.220130117e-06,0,0,0,0,0
0,-1.7725285e-06,0,0,0,0,0
0,-1.389530163e-06,0,0,0,0,0
0,-1.066101536e-06,0,0,0,0,0
0,-7.972085807e-07,0,0,0,0,0
0,-5.778168267e-07,0,0,0,0,0
0,-4.028914137e-07,0,0,0,0,0
0,-2.67397132e-07,0,0,0,0,0
0,-1.662984601e-07,0,0,0,0,0
0,-9.455960426e-08,0,0,0,0,0
0,-4.714454029e-08,0,0,0,0,0
0,-1.901705291e-08,0,0,0,0,0
0,-5.140773548e-09,0,0,0,0,0
0,-4.792217774e-10,0,0,0,0,0
